# Blender 5.1.1
# www.blender.org
mtllib SailMount2.mtl
o Eyelet_01
v -2.949622 0.005000 -0.065177
v -2.941882 -0.005000 -0.062829
v -2.942667 0.005000 -0.063159
v -2.936841 -0.005000 -0.057333
v -2.937171 0.005000 -0.058118
v -2.934823 -0.005000 -0.050378
v -2.934823 0.005000 -0.049622
v -2.937171 -0.005000 -0.041882
v -2.936841 0.005000 -0.042667
v -2.942667 -0.005000 -0.036841
v -2.941882 0.005000 -0.037171
v -2.949622 -0.005000 -0.034823
v -2.950378 0.005000 -0.034823
v -2.958118 -0.005000 -0.037171
v -2.957334 0.005000 -0.036841
v -2.963160 -0.005000 -0.042667
v -2.962829 0.005000 -0.041882
v -2.965178 -0.005000 -0.049622
v -2.965178 0.005000 -0.050378
v -2.962829 -0.005000 -0.058118
v -2.963160 0.005000 -0.057333
v -2.957334 -0.005000 -0.063159
v -2.958118 0.005000 -0.062829
v -2.950378 -0.005000 -0.065177
v -3.000000 -0.002500 -0.100000
v -2.900000 0.002500 -0.100000
v -3.000000 -0.002500 0.000000
v -2.900000 -0.002500 0.000000
v -3.000000 0.002500 0.000000
v -3.000000 0.002500 -0.100000
v -2.900000 -0.002500 -0.100000
v -2.900000 0.002500 0.000000
v -2.917500 0.002500 -0.032500
v -2.938515 0.002500 -0.050000
v -2.931875 0.002500 -0.082500
v -2.950000 0.002500 -0.061485
v -2.950000 0.002500 -0.050000
v -2.950000 0.002500 -0.038515
v -2.957370 0.002500 -0.059033
v -2.961485 0.002500 -0.050000
v -2.947500 0.002500 -0.017500
v -2.982500 0.002500 -0.047500
v -2.984375 -0.002500 -0.062812
v -2.961485 -0.002500 -0.050000
v -2.950000 -0.002500 -0.061485
v -2.950000 -0.002500 -0.050000
v -2.950000 -0.002500 -0.038515
v -2.940293 -0.002500 -0.056371
v -2.938515 -0.002500 -0.050000
v -2.938125 -0.002500 -0.082500
v -2.917500 -0.002500 -0.052500
v -2.933750 -0.002500 -0.017500
v -2.940192 0.002500 -0.056079
v -2.938705 0.002500 -0.052358
v -2.938975 0.002500 -0.046359
v -2.961025 0.002500 -0.053641
v -2.961120 0.002500 -0.046659
v -2.958289 0.002500 -0.041926
v -2.952358 0.002500 -0.061295
v -2.953641 0.002500 -0.038975
v -2.947877 0.002500 -0.061316
v -2.943629 0.002500 -0.059707
v -2.946659 0.002500 -0.038880
v -2.941926 0.002500 -0.041711
v -2.961295 -0.002500 -0.052358
v -2.961316 -0.002500 -0.047877
v -2.960168 -0.002500 -0.044546
v -2.938684 -0.002500 -0.052123
v -2.938705 -0.002500 -0.047642
v -2.940693 -0.002500 -0.043057
v -2.943921 -0.002500 -0.059808
v -2.947642 -0.002500 -0.061295
v -2.945862 -0.002500 -0.039101
v -2.954138 -0.002500 -0.060899
v -2.959307 -0.002500 -0.056943
v -2.952358 -0.002500 -0.038705
v -2.956943 -0.002500 -0.040693
v -2.949078 -0.005000 -0.061412
v -2.948678 0.005000 -0.061373
v -2.943830 -0.005000 -0.059750
v -2.944427 0.005000 -0.060001
v -2.939453 -0.005000 -0.054679
v -2.941024 0.005000 -0.057107
v -2.938987 0.005000 -0.053131
v -2.938588 -0.005000 -0.049078
v -2.938627 0.005000 -0.048678
v -2.940250 -0.005000 -0.043830
v -2.939999 0.005000 -0.044427
v -2.945321 -0.005000 -0.039453
v -2.942893 0.005000 -0.041024
v -2.946869 0.005000 -0.038987
v -2.950922 -0.005000 -0.038588
v -2.951322 0.005000 -0.038627
v -2.956170 -0.005000 -0.040250
v -2.955574 0.005000 -0.039999
v -2.960547 -0.005000 -0.045321
v -2.958977 0.005000 -0.042893
v -2.961013 0.005000 -0.046869
v -2.961412 -0.005000 -0.050922
v -2.961373 0.005000 -0.051322
v -2.959750 -0.005000 -0.056170
v -2.960001 0.005000 -0.055573
v -2.954679 -0.005000 -0.060547
v -2.957107 0.005000 -0.058976
v -2.953131 0.005000 -0.061013
v -2.997921 -0.001807 -0.002078
v -2.997921 -0.001807 -0.097922
v -2.997921 0.001807 -0.097922
v -2.902079 0.001807 -0.002078
v -2.902079 -0.001807 -0.097922
v -2.902079 0.001807 -0.097922
v -2.909674 -0.001651 -0.097455
v -2.990000 -0.001651 -0.097454
v -2.990326 0.001651 -0.097455
v -2.910000 0.001651 -0.097454
v -2.990686 -0.001651 -0.002544
v -2.902110 -0.001789 -0.002193
v -2.909314 0.001651 -0.002544
v -2.997890 0.001789 -0.002193
v -2.997454 -0.001651 -0.090000
v -2.997457 -0.001651 -0.009432
v -2.997456 0.001651 -0.009314
v -2.997454 0.001651 -0.090000
v -2.902544 -0.001651 -0.009314
v -2.902546 -0.001651 -0.090000
v -2.902546 0.001651 -0.090000
v -2.902543 0.001651 -0.009432
v -2.910000 0.001300 -0.090000
v -2.938515 0.001300 -0.050000
v -2.950000 0.001300 -0.061485
v -2.950000 0.001300 -0.050000
v -2.950000 0.001300 -0.038515
v -2.957900 0.001300 -0.058410
v -2.961485 0.001300 -0.050000
v -2.956512 0.001300 -0.040435
v -2.910735 0.001300 -0.010037
v -2.990000 0.001300 -0.090000
v -2.989942 0.001300 -0.010438
v -2.990000 -0.001300 -0.090000
v -2.989271 -0.001299 -0.010083
v -2.961485 -0.001300 -0.050000
v -2.950000 -0.001300 -0.061485
v -2.950000 -0.001300 -0.050000
v -2.950000 -0.001300 -0.038515
v -2.940124 -0.001300 -0.056105
v -2.938515 -0.001300 -0.050000
v -2.943895 -0.001300 -0.040124
v -2.947500 -0.001300 -0.025000
v -2.910434 -0.001300 -0.010066
v -2.910000 -0.001300 -0.090000
v -2.940346 0.001300 -0.056320
v -2.938767 0.001300 -0.052637
v -2.938785 0.001300 -0.047152
v -2.960300 0.001300 -0.055201
v -2.961360 0.001300 -0.051875
v -2.961233 0.001300 -0.047363
v -2.959654 0.001300 -0.043680
v -2.953641 0.001300 -0.061025
v -2.952358 0.001300 -0.038705
v -2.947642 0.001300 -0.061295
v -2.943488 0.001300 -0.059565
v -2.946359 0.001300 -0.038975
v -2.941334 0.001300 -0.042272
v -2.959654 -0.001300 -0.056320
v -2.961233 -0.001300 -0.052637
v -2.961120 -0.001300 -0.046659
v -2.938641 -0.001300 -0.051875
v -2.938767 -0.001300 -0.047363
v -2.940346 -0.001300 -0.043680
v -2.943680 -0.001300 -0.059654
v -2.947363 -0.001300 -0.061233
v -2.948125 -0.001300 -0.038641
v -2.951875 -0.001300 -0.061359
v -2.956105 -0.001300 -0.059876
v -2.952637 -0.001300 -0.038767
v -2.957616 -0.001300 -0.041174
vn 0.7366 -0.0287 -0.6757
vn 0.6757 -0.0287 0.7366
vn -0.7366 -0.0287 0.6757
vn -0.6757 -0.0287 -0.7366
vn -0.0000 1.0000 -0.0000
vn -0.0000 -0.0000 1.0000
vn -0.0000 -0.0000 -1.0000
vn -0.0000 -1.0000 -0.0000
vn 1.0000 -0.0000 -0.0000
vn -1.0000 -0.0000 -0.0000
vn -0.7564 0.0397 0.6529
vn -0.6529 0.0397 -0.7564
vn 0.7564 0.0397 -0.6529
vn 0.6529 0.0397 0.7564
vn -0.0635 -0.0311 -0.9975
vn 0.0429 0.9989 0.0167
vn -0.0443 -0.9989 0.0166
vn -0.0000 0.9989 0.0466
vn 0.0038 -0.0937 -0.9956
vn -0.0000 0.0002 1.0000
vn -0.0000 0.9989 -0.0471
vn -0.0471 0.9989 -0.0000
vn -0.0000 -0.9989 -0.0471
vn 0.0471 -0.9989 -0.0000
vn -0.0468 -0.9989 -0.0000
vn 0.0445 0.9990 0.0002
vn -0.8328 -0.1636 -0.5289
vn 0.8068 -0.2232 0.5470
vn 0.8371 -0.2203 -0.5008
vn 0.4004 -0.2288 0.8873
vn 0.5195 -0.2471 -0.8180
vn -0.3536 -0.0531 0.9339
vn 0.9311 0.1737 -0.3208
vn 0.7555 0.1709 -0.6325
vn -0.5790 0.3045 -0.7564
vn 0.5790 0.3045 0.7564
vn 0.9622 0.0155 -0.2719
vn 0.6757 0.0287 -0.7366
vn 0.9622 -0.0155 0.2719
vn 0.2719 0.0155 0.9622
vn 0.7366 0.0287 0.6757
vn -0.2719 -0.0155 0.9622
vn -0.9622 0.0155 0.2719
vn -0.6757 0.0287 0.7366
vn -0.9622 -0.0155 -0.2719
vn -0.2719 0.0155 -0.9622
vn -0.7366 0.0287 -0.6757
vn 0.2719 -0.0155 -0.9622
vn -0.3042 0.0071 0.9526
vn -0.9926 0.0094 0.1209
vn -0.6477 -0.0195 0.7616
vn -0.8897 -0.0291 0.4557
vn -0.9526 0.0071 -0.3042
vn -0.1209 0.0094 -0.9926
vn -0.7616 -0.0195 -0.6477
vn -0.4557 -0.0291 -0.8897
vn 0.3042 0.0071 -0.9526
vn 0.9926 0.0094 -0.1209
vn 0.6477 -0.0195 -0.7616
vn 0.8897 -0.0291 -0.4557
vn 0.9526 0.0071 0.3042
vn 0.1209 0.0094 0.9926
vn 0.7616 -0.0195 0.6477
vn 0.4557 -0.0291 0.8897
vn 0.9983 -0.0000 -0.0589
vn 0.0601 0.0027 0.9982
vn -0.9981 0.0048 0.0619
vn 0.0307 -0.9991 0.0303
vn -0.0008 -0.9986 0.0530
vn -0.0307 0.9991 0.0302
vn -0.0601 -0.0027 0.9982
vn 0.0013 0.9982 0.0606
vn 0.0635 0.0311 -0.9975
vn -0.0038 0.0937 -0.9956
vn -0.0000 -0.0002 1.0000
vn -0.0000 0.9989 -0.0470
vn -0.0320 0.9990 -0.0320
vn -0.0429 0.9991 0.0004
vn -0.0000 -0.9989 -0.0470
vn 0.0320 -0.9990 -0.0320
vn -0.0327 -0.9990 -0.0312
vn 0.0428 -0.9991 0.0004
vn 0.0327 0.9990 -0.0312
vn -0.0471 -0.9989 -0.0000
vn -0.9983 -0.0000 -0.0589
vn 0.0471 0.9989 -0.0000
vn -1.0000 0.0002 -0.0000
vn 0.9981 -0.0048 0.0619
vn 1.0000 -0.0002 -0.0000
vn -0.9960 0.0154 0.0882
vn 0.9926 -0.0606 0.1054
vn 0.9960 -0.0154 0.0882
vn 0.7045 0.1957 -0.6821
vn -0.9972 0.0106 0.0737
vn -0.0882 -0.0154 0.9960
vn -0.6988 -0.1598 -0.6972
vn -0.1172 0.0794 -0.9899
vn 0.1076 0.0540 0.9927
vn 0.1076 -0.0540 -0.9927
vn -0.7222 -0.0247 0.6912
vn -0.9239 -0.0000 0.3827
vn -0.9929 -0.0417 -0.1117
vn 0.9946 -0.0168 -0.1027
vn -0.8744 0.1636 -0.4568
vn 0.8001 -0.0428 0.5983
vn 0.9375 0.1785 0.2987
vn -0.0800 0.0007 0.9968
vn 0.9096 0.1431 -0.3900
vn 0.5120 0.2068 0.8337
vn 0.3767 0.1996 -0.9046
vn -0.1173 0.0245 -0.9928
vn -0.3837 0.0641 0.9212
vn -0.5316 0.0336 -0.8463
vn 0.9169 0.0523 0.3956
vn 0.6988 -0.1598 0.6972
vn 0.9947 -0.0317 -0.0974
vn -0.9394 0.0100 0.3426
vn 0.8117 -0.2691 -0.5184
vn -0.9960 -0.0154 -0.0882
vn -0.9169 0.0523 -0.3956
vn -0.6971 -0.0061 0.7170
vn -0.3827 -0.0000 0.9239
vn 0.1172 0.0794 0.9899
vn -0.3201 -0.2533 -0.9129
vn 0.0882 -0.0154 -0.9960
vn 0.3201 -0.2533 0.9129
vn 0.4172 -0.0395 -0.9079
vt 0.839652 1.000000
vt 0.830933 0.500000
vt 0.910348 0.500000
vt 0.589652 1.000000
vt 0.580933 0.500000
vt 0.660348 0.500000
vt 0.339652 1.000000
vt 0.330933 0.500000
vt 0.410348 0.500000
vt 0.089652 1.000000
vt 0.080933 0.500000
vt 0.160348 0.500000
vt 0.743750 0.706250
vt 0.625000 0.750000
vt 0.668750 0.668750
vt 0.875000 0.750000
vt 0.375000 1.000000
vt 0.375000 0.750000
vt 0.625000 0.250000
vt 0.375000 0.500000
vt 0.375000 0.250000
vt 0.279687 0.543750
vt 0.331250 0.618750
vt 0.275000 0.606513
vt 0.274633 0.645019
vt 0.275000 0.631549
vt 0.290625 0.706250
vt 0.125000 0.500000
vt 0.164062 0.592969
vt 0.225367 0.604981
vt 0.225000 0.618451
vt 0.125000 0.750000
vt 0.875000 0.500000
vt 0.704687 0.543750
vt 0.625000 0.500000
vt 0.625000 -0.000000
vt 0.375000 -0.000000
vt 0.816403 0.500000
vt 0.856567 1.000000
vt 0.910153 0.500000
vt 0.566403 0.500000
vt 0.606567 1.000000
vt 0.660153 0.500000
vt 0.316403 0.500000
vt 0.356567 1.000000
vt 0.410153 0.500000
vt 0.066403 0.500000
vt 0.106567 1.000000
vt 0.160153 0.500000
vt 0.625000 0.999869
vt 0.375000 0.976716
vt 0.374869 0.750000
vt 0.375000 0.726715
vt 0.348909 0.725073
vt 0.874869 0.750000
vt 0.875000 0.726715
vt 0.850037 0.723913
vt 0.148285 0.750000
vt 0.151853 0.723575
vt 0.625000 0.773285
vt 0.375000 0.750131
vt 0.375000 0.475814
vt 0.625000 0.274186
vt 0.375000 0.275000
vt 0.275000 0.607379
vt 0.275000 0.619792
vt 0.256250 0.687500
vt 0.267621 0.650000
vt 0.242660 0.650000
vt 0.228705 0.648641
vt 0.150000 0.525000
vt 0.350814 0.500000
vt 0.150000 0.500000
vt 0.125000 0.726420
vt 0.125000 0.525000
vt 0.850000 0.525000
vt 0.775000 0.625000
vt 0.775000 0.632340
vt 0.775000 0.643451
vt 0.769031 0.650000
vt 0.651853 0.723579
vt 0.756553 0.650000
vt 0.650000 0.525000
vt 0.730969 0.600000
vt 0.743447 0.600000
vt 0.726260 0.646904
vt 0.850814 0.500000
vt 0.650000 0.500000
vt 0.625000 0.726420
vt 0.625000 0.525000
vt 0.350000 0.525000
vt 0.753903 0.500000
vt 0.794067 1.000000
vt 0.746097 1.000000
vt 0.737183 0.500000
vt 0.503903 0.500000
vt 0.544067 1.000000
vt 0.496097 1.000000
vt 0.487183 0.500000
vt 0.253903 0.500000
vt 0.294067 1.000000
vt 0.246097 1.000000
vt 0.237183 0.500000
vt 0.011857 0.500000
vt 0.044067 1.000000
vt 0.012817 1.000000
vt 0.000000 0.500000
vt 0.725000 0.635157
vt 0.726834 0.648581
vt 0.775000 0.614843
vt 0.775000 0.610117
vt 0.770748 0.601023
vt 0.773582 0.648166
vt 0.775000 0.634303
vt 0.760141 0.600000
vt 0.756549 0.600000
vt 0.760157 0.650000
vt 0.744094 0.600000
vt 0.731510 0.600000
vt 0.225000 0.630906
vt 0.225000 0.634289
vt 0.225000 0.640673
vt 0.229981 0.649633
vt 0.261564 0.650000
vt 0.238436 0.600000
vt 0.232379 0.600000
vt 0.919067 1.000000
vt 0.669067 1.000000
vt 0.419067 1.000000
vt 0.169067 1.000000
vt 0.625000 1.000000
vt 0.275000 0.625000
vt 0.275000 0.619094
vt 0.267660 0.600000
vt 0.256549 0.600000
vt 0.250000 0.600000
vt 0.250000 0.650000
vt 0.987183 0.500000
vt 0.988143 1.000000
vt 0.243451 0.650000
vt 0.225000 0.625000
vt 0.831250 0.631250
vt 0.750000 0.600000
vt 0.750000 0.650000
vt 0.740697 0.650000
vt 0.725000 0.607340
vt 0.725000 0.618451
vt 0.725000 0.625000
vt 0.981567 1.000000
vt 0.987183 0.500000
vt 0.731567 1.000000
vt 0.481567 1.000000
vt 0.231567 1.000000
vt 0.000000 1.000000
vt 0.625000 0.225000
vt 0.375000 0.225000
vt 0.375000 0.250000
vt 0.625000 0.475000
vt 0.625000 0.750000
vt 0.648285 0.750000
vt 0.275000 0.632340
vt 0.275000 0.643451
vt 0.257340 0.600000
vt 0.268451 0.600000
vt 0.255208 0.650000
vt 0.244792 0.600000
vt 0.225000 0.617660
vt 0.225000 0.606549
vt 0.775000 0.619792
vt 0.773145 0.600861
vt 0.739831 0.650000
vt 0.725000 0.617660
vt 0.725000 0.606549
vt 0.725000 0.632910
vt 0.875000 0.525000
vt 0.375000 0.525000
vt 0.625000 0.000000
vt 0.375000 0.000000
vt 0.375000 0.023580
vt 0.625000 0.023285
s 0
usemtl Brass
f 5/1/1 4/2/1 2/3/1
f 11/4/2 10/5/2 8/6/2
f 17/7/3 16/8/3 14/9/3
f 23/10/4 22/11/4 20/12/4
f 82/38/11 83/39/11 80/40/11
f 89/41/12 90/42/12 87/43/12
f 96/44/13 97/45/13 94/46/13
f 103/47/14 104/48/14 101/49/14
f 6/92/8 82/38/8 4/2/8
f 5/1/5 84/93/5 7/94/5
f 6/92/8 85/95/8 82/38/8
f 12/96/8 89/41/8 10/5/8
f 11/4/5 91/97/5 13/98/5
f 12/96/8 92/99/8 89/41/8
f 18/100/8 96/44/8 16/8/8
f 17/7/5 98/101/5 19/102/5
f 18/100/8 99/103/8 96/44/8
f 24/104/8 103/47/8 22/11/8
f 23/10/5 105/105/5 1/106/5
f 24/104/8 78/107/8 103/47/8
f 6/92/37 4/2/37 5/1/37 7/94/37
f 3/127/38 5/1/38 2/3/38
f 8/6/39 6/92/39 7/94/39 9/128/39
f 12/96/40 10/5/40 11/4/40 13/98/40
f 9/128/41 11/4/41 8/6/41
f 14/9/42 12/96/42 13/98/42 15/129/42
f 18/100/43 16/8/43 17/7/43 19/102/43
f 15/129/44 17/7/44 14/9/44
f 20/12/45 18/100/45 19/102/45 21/130/45
f 24/104/46 22/11/46 23/10/46 1/106/46
f 21/130/47 23/10/47 20/12/47
f 2/3/48 24/138/48 1/139/48 3/127/48
f 79/149/49 78/150/49 80/40/49 81/127/49
f 84/93/50 82/38/50 85/95/50 86/151/50
f 80/40/51 83/39/51 81/127/51
f 82/38/52 84/93/52 83/39/52
f 86/151/53 85/95/53 87/43/53 88/128/53
f 91/97/54 89/41/54 92/99/54 93/152/54
f 87/43/55 90/42/55 88/128/55
f 89/41/56 91/97/56 90/42/56
f 93/152/57 92/99/57 94/46/57 95/129/57
f 98/101/58 96/44/58 99/103/58 100/153/58
f 94/46/59 97/45/59 95/129/59
f 96/44/60 98/101/60 97/45/60
f 100/153/61 99/103/61 101/49/61 102/130/61
f 105/105/62 103/47/62 78/107/62 79/154/62
f 101/49/63 104/48/63 102/130/63
f 103/47/64 105/105/64 104/48/64
f 78/150/8 24/138/8 2/3/8 80/40/8
f 81/127/5 3/127/5 1/139/5 79/149/5
f 83/39/5 5/1/5 3/127/5 81/127/5
f 80/40/8 2/3/8 4/2/8 82/38/8
f 85/95/8 6/92/8 8/6/8 87/43/8
f 5/1/5 83/39/5 84/93/5
f 7/94/5 84/93/5 86/151/5
f 88/128/5 9/128/5 7/94/5 86/151/5
f 90/42/5 11/4/5 9/128/5 88/128/5
f 87/43/8 8/6/8 10/5/8 89/41/8
f 92/99/8 12/96/8 14/9/8 94/46/8
f 11/4/5 90/42/5 91/97/5
f 13/98/5 91/97/5 93/152/5
f 95/129/5 15/129/5 13/98/5 93/152/5
f 97/45/5 17/7/5 15/129/5 95/129/5
f 94/46/8 14/9/8 16/8/8 96/44/8
f 99/103/8 18/100/8 20/12/8 101/49/8
f 17/7/5 97/45/5 98/101/5
f 19/102/5 98/101/5 100/153/5
f 102/130/5 21/130/5 19/102/5 100/153/5
f 104/48/5 23/10/5 21/130/5 102/130/5
f 101/49/8 20/12/8 22/11/8 103/47/8
f 23/10/5 104/48/5 105/105/5
f 1/106/5 105/105/5 79/154/5
usemtl ThickCloth
f 41/13/5 32/14/5 33/15/5
f 29/16/5 32/14/5 41/13/5
f 32/14/6 27/17/6 28/18/6
f 30/19/7 31/20/7 25/21/7
f 50/22/8 51/23/8 48/24/8
f 51/23/8 70/25/8 69/26/8
f 51/23/8 52/27/8 70/25/8
f 31/20/8 50/22/8 25/28/8
f 43/29/8 75/30/8 65/31/8
f 43/29/8 27/32/8 25/28/8
f 30/33/5 35/34/5 26/35/5
f 33/15/5 32/14/5 26/35/5
f 31/20/8 51/23/8 50/22/8
f 28/18/8 52/27/8 51/23/8
f 26/35/9 28/18/9 31/20/9
f 29/36/10 25/21/10 27/37/10
f 106/17/15 119/50/15 116/51/15
f 117/52/16 124/53/16 149/54/16
f 119/55/17 122/56/17 138/57/17
f 116/58/18 149/54/18 140/59/18
f 116/51/19 118/60/19 117/61/19
f 112/62/20 114/63/20 113/64/20
f 145/65/5 167/66/5 149/54/5
f 148/67/5 149/54/5 147/68/5
f 148/67/5 175/69/5 176/70/5
f 139/71/21 112/72/21 113/73/21
f 121/74/22 139/71/22 120/75/22
f 138/57/8 137/76/8 134/77/8 156/78/8 157/79/8 135/80/8
f 136/81/8 138/57/8 135/80/8
f 136/81/8 135/80/8 159/82/8
f 128/83/8 161/84/8 160/85/8
f 128/83/8 136/81/8 163/86/8
f 128/83/23 114/87/23 115/88/23
f 127/89/24 128/83/24 126/90/24
f 138/57/25 122/56/25 137/76/25
f 149/54/26 124/53/26 150/91/26
f 55/108/27 163/86/27 64/109/27
f 56/110/28 154/111/28 39/112/28
f 58/113/29 157/79/29 57/114/29
f 39/112/30 158/115/30 59/116/30
f 60/117/31 135/80/31 58/113/31
f 61/118/32 160/85/32 62/119/32
f 66/120/33 166/121/33 67/122/33
f 67/122/34 176/70/34 77/123/34
f 73/124/35 147/68/35 70/25/35
f 74/125/36 174/126/36 75/30/36
f 52/27/8 28/18/8 27/32/8
f 32/14/6 29/131/6 27/17/6
f 30/19/7 26/35/7 31/20/7
f 51/23/8 49/132/8 68/133/8
f 51/23/8 68/133/8 48/24/8
f 69/26/8 49/132/8 51/23/8
f 71/134/8 72/135/8 45/136/8 50/22/8 48/24/8
f 52/27/8 47/137/8 73/124/8
f 70/25/8 52/27/8 73/124/8
f 75/30/8 50/22/8 74/125/8
f 50/22/8 45/136/8 74/125/8
f 47/137/8 52/27/8 76/140/8
f 52/27/8 77/123/8 76/140/8
f 25/28/8 50/22/8 43/29/8
f 50/22/8 75/30/8 43/29/8
f 65/31/8 44/141/8 43/29/8
f 66/120/8 67/122/8 77/123/8 43/29/8 44/141/8
f 52/27/8 27/32/8 43/29/8 77/123/8
f 42/142/5 39/112/5 35/34/5 30/33/5
f 41/13/5 58/113/5 42/142/5 29/16/5
f 42/142/5 40/77/5 56/110/5
f 56/110/5 39/112/5 42/142/5
f 57/114/5 40/77/5 42/142/5
f 42/142/5 58/113/5 57/114/5
f 36/143/5 35/34/5 59/116/5
f 35/34/5 39/112/5 59/116/5
f 41/13/5 38/144/5 60/117/5
f 58/113/5 41/13/5 60/117/5
f 35/34/5 36/143/5 61/118/5
f 61/118/5 62/119/5 35/34/5
f 38/144/5 41/13/5 63/145/5
f 41/13/5 64/109/5 63/145/5
f 35/34/5 62/119/5 33/15/5
f 53/146/5 54/147/5 34/148/5 33/15/5 62/119/5
f 33/15/5 34/148/5 55/108/5
f 55/108/5 64/109/5 33/15/5
f 33/15/5 64/109/5 41/13/5
f 35/34/5 33/15/5 26/35/5
f 30/33/5 29/16/5 42/142/5
f 31/20/8 28/18/8 51/23/8
f 26/35/9 32/14/9 28/18/9
f 29/36/10 30/19/10 25/21/10
f 123/155/65 120/156/65 107/157/65 108/19/65
f 115/158/66 112/62/66 110/20/66 111/35/66
f 127/89/67 124/53/67 117/52/67 109/159/67
f 118/160/68 136/81/68 127/89/68 109/159/68
f 138/57/69 136/81/69 118/160/69 119/55/69
f 116/58/70 140/59/70 121/74/70 106/32/70
f 108/19/71 107/157/71 113/64/71 114/63/71
f 116/58/72 117/52/72 149/54/72
f 117/61/73 118/60/73 109/159/73
f 116/51/74 119/50/74 118/60/74
f 112/62/75 115/158/75 114/63/75
f 150/91/5 145/65/5 149/54/5
f 146/132/5 149/54/5 167/66/5
f 149/54/5 146/132/5 168/161/5 169/162/5 147/68/5
f 171/163/5 170/164/5 145/65/5 150/91/5 139/71/5 142/136/5
f 172/165/5 144/137/5 148/67/5
f 147/68/5 172/165/5 148/67/5
f 173/166/5 142/136/5 139/71/5
f 174/126/5 173/166/5 139/71/5
f 148/67/5 144/137/5 175/69/5
f 140/59/5 149/54/5 148/67/5
f 139/71/76 150/91/76 112/72/76
f 165/167/5 164/168/5 174/126/5 139/71/5 141/141/5
f 148/67/5 176/70/5 139/71/5 140/59/5
f 141/141/5 139/71/5 166/121/5
f 139/71/5 176/70/5 166/121/5
f 113/73/77 107/28/77 120/75/77 139/71/77
f 121/74/78 140/59/78 139/71/78
f 154/111/8 155/169/8 134/77/8 137/76/8 133/170/8
f 128/83/8 130/143/8 158/115/8 133/170/8 137/76/8
f 159/82/8 132/144/8 136/81/8
f 160/85/8 130/143/8 128/83/8
f 136/81/8 132/144/8 162/171/8
f 162/171/8 163/86/8 136/81/8
f 128/83/79 137/76/79 114/87/79
f 152/172/8 151/173/8 161/84/8 128/83/8 129/148/8
f 115/88/80 111/35/80 126/90/80 128/83/80
f 129/148/8 128/83/8 153/174/8
f 128/83/8 163/86/8 153/174/8
f 123/175/81 108/33/81 114/87/81 137/76/81
f 127/89/82 136/81/82 128/83/82
f 125/176/83 110/20/83 112/72/83 150/91/83
f 137/76/84 122/56/84 123/175/84
f 111/35/85 110/20/85 125/176/85 126/90/85
f 150/91/86 124/53/86 125/176/86
f 126/90/87 125/176/87 124/53/87 127/89/87
f 119/177/88 106/178/88 121/179/88 122/180/88
f 122/180/89 121/179/89 120/156/89 123/155/89
f 129/148/90 34/148/90 54/147/90 152/172/90
f 155/169/91 56/110/91 40/77/91 134/77/91
f 141/141/92 44/141/92 65/31/92 165/167/92
f 58/113/93 135/80/93 157/79/93
f 167/66/94 68/133/94 49/132/94 146/132/94
f 142/136/95 45/136/95 72/135/95 171/163/95
f 70/25/96 147/68/96 169/162/96
f 172/165/97 73/124/97 47/137/97 144/137/97
f 130/143/98 36/143/98 59/116/98 158/115/98
f 159/82/99 60/117/99 38/144/99 132/144/99
f 151/173/100 53/146/100 62/119/100 161/84/100
f 152/172/101 54/147/101 53/146/101 151/173/101
f 153/174/102 55/108/102 34/148/102 129/148/102
f 134/77/103 40/77/103 57/114/103 156/78/103
f 55/108/104 153/174/104 163/86/104
f 39/112/105 154/111/105 133/170/105
f 56/110/106 155/169/106 154/111/106
f 160/85/107 61/118/107 36/143/107 130/143/107
f 57/114/108 157/79/108 156/78/108
f 39/112/109 133/170/109 158/115/109
f 60/117/110 159/82/110 135/80/110
f 132/144/111 38/144/111 63/145/111 162/171/111
f 62/119/112 160/85/112 161/84/112
f 162/171/113 63/145/113 64/109/113 163/86/113
f 165/167/114 65/31/114 75/30/114 164/168/114
f 75/30/115 174/126/115 164/168/115
f 166/121/116 66/120/116 44/141/116 141/141/116
f 145/65/117 48/24/117 68/133/117 167/66/117
f 67/122/118 166/121/118 176/70/118
f 146/132/119 49/132/119 69/26/119 168/161/119
f 168/161/120 69/26/120 70/25/120 169/162/120
f 170/164/121 71/134/121 48/24/121 145/65/121
f 171/163/122 72/135/122 71/134/122 170/164/122
f 173/166/123 74/125/123 45/136/123 142/136/123
f 73/124/124 172/165/124 147/68/124
f 144/137/125 47/137/125 76/140/125 175/69/125
f 74/125/126 173/166/126 174/126/126
f 175/69/127 76/140/127 77/123/127 176/70/127
l 36 37
l 37 38
l 45 46
l 46 47
l 49 46
l 46 44
l 40 37
l 37 34
l 130 131
l 131 132
l 142 143
l 143 144
l 146 143
l 143 141
l 134 131
l 131 129
o Rope01
v -2.950092 -0.061972 -0.040608
v -2.941941 -0.058967 -0.033313
v -2.955373 -0.148949 0.403399
v -2.951775 -0.055446 -0.025013
v -2.957923 -0.059118 -0.033790
v -2.957868 -0.082704 -0.021901
v -2.957431 0.141342 0.429592
v -2.956889 -0.031861 0.505793
v -2.957673 -0.087273 0.479865
v -2.957124 -0.137937 0.436533
v -2.956968 -0.188682 0.122163
v -2.957588 -0.097142 -0.013384
v -2.957506 -0.203313 0.236086
v -2.957732 -0.182908 0.348071
v -2.957512 0.000033 0.508252
v -2.956662 0.039341 0.504676
v -2.957605 0.083864 0.483405
v -2.957670 0.166848 0.387333
v -2.957127 0.192907 0.319178
v -2.956462 0.203600 0.200319
v -2.957935 0.200879 0.246071
v -2.957802 0.184559 0.116398
v -2.956648 0.088523 -0.022364
v -2.957481 0.013266 -0.047897
v -2.957571 -0.137888 0.026854
v -2.957774 -0.174507 0.089418
v -2.957505 -0.204079 0.226132
v -2.957640 -0.200907 0.265822
v -2.956399 -0.177016 0.371295
v -2.955789 -0.173986 0.080233
v -2.956065 -0.170649 0.386512
v -2.957631 -0.033940 -0.044237
v -2.955420 -0.118174 -0.000603
v -2.955489 -0.202977 0.182483
v -2.955629 -0.193807 0.325258
v -2.953757 -0.095963 -0.020301
v -2.954638 -0.201138 0.295393
v -2.953493 -0.190783 0.340924
v -2.954706 -0.087094 0.485709
v -2.955001 0.118725 0.460335
v -2.955038 0.178635 0.370041
v -2.955713 0.193413 0.133779
v -2.953713 0.180116 0.090292
v -2.953441 0.155457 0.042912
v -2.953647 -0.055182 -0.042143
v -2.954788 -0.186495 0.108657
v -2.955509 -0.202339 0.176352
v -2.952802 -0.054824 0.502497
v -2.953857 0.204029 0.279535
v -2.952795 -0.082414 -0.029449
v -2.955323 -0.154811 0.043450
v -2.954636 -0.127219 0.007749
v -2.954997 -0.146544 0.032345
v -2.950092 -0.127128 0.454207
v -2.952229 0.157287 0.414876
v -2.950092 0.192226 0.338866
v -2.950748 0.207014 0.200788
v -2.950092 0.055169 -0.043023
v -2.951794 -0.000009 -0.052666
v -2.950092 -0.206121 0.269681
v -2.948396 -0.160527 0.410498
v -2.949765 -0.175100 0.076990
v -2.950092 -0.179886 0.372074
v -2.950092 -0.164867 0.402365
v -2.949303 0.001004 0.512840
v -2.950092 0.191615 0.119780
v -2.950699 0.126419 0.005056
v -2.947176 0.027817 -0.050386
v -2.950092 -0.106883 -0.012837
v -2.950092 -0.165381 0.058410
v -2.947664 -0.200797 0.156019
v -2.949327 -0.147845 0.031211
v -2.949356 -0.206362 0.194398
v -2.946957 -0.205436 0.269758
v -2.950092 -0.027473 0.510335
v -2.945047 0.021627 0.510324
v -2.949580 0.058525 0.501904
v -2.950092 0.082664 0.489578
v -2.948684 0.180219 0.370826
v -2.947568 0.204548 0.281249
v -2.950092 0.102862 -0.016350
v -2.950092 0.080754 -0.030684
v -2.950092 -0.029419 -0.049964
v -2.949327 -0.205990 0.193659
v -2.946929 -0.191075 0.340261
v -2.948374 -0.189235 0.112498
v -2.946411 -0.080642 -0.030067
v -2.948563 -0.192094 0.122238
v -2.950092 -0.207803 0.232266
v -2.944989 0.206217 0.230491
v -2.946752 0.200194 0.155697
v -2.946067 0.169975 0.068677
v -2.950092 -0.200238 0.306176
v -2.946982 -0.179106 0.372897
v -2.942592 -0.100590 -0.012331
v -2.944885 -0.172290 0.075852
v -2.945722 -0.195779 0.320913
v -2.946540 -0.147717 0.428012
v -2.946538 -0.106025 0.472587
v -2.946539 -0.081449 0.489704
v -2.948613 0.120407 0.461103
v -2.944156 0.157638 0.410494
v -2.944533 0.136298 0.019285
v -2.943018 0.000611 -0.049248
v -2.945554 -0.056714 -0.040583
v -2.943677 -0.092713 -0.019852
v -2.947616 -0.135596 0.015683
v -2.946957 -0.207463 0.231906
v -2.942755 -0.203363 0.233516
v -2.942714 -0.158045 0.405153
v -2.944348 -0.038206 0.505789
v -2.943515 0.197285 0.302976
v -2.942593 0.200669 0.186354
v -2.942553 -0.033940 -0.044237
v -2.942423 -0.161420 0.061559
v -2.942787 -0.202347 0.200366
v -2.944759 -0.134980 0.016696
v -2.944240 -0.197100 0.147549
v -2.943453 0.067886 0.494235
v -2.942423 0.113979 0.459899
v -2.943158 0.183526 0.352027
v -2.942578 0.186449 0.118888
v -2.942412 0.053726 -0.037325
v -2.942430 -0.133195 0.020411
v -2.943254 -0.184645 0.111147
v -2.942668 -0.197046 0.299313
v -2.943132 -0.201083 0.185038
v -2.942235 0.200229 0.252881
v -2.942389 -0.196517 0.290522
v -2.942889 -0.177038 0.368060
v -2.942639 -0.103916 0.469879
v -2.942144 0.147703 0.044503
v -2.942330 -0.192574 0.153366
v -2.942355 -0.177721 0.359621
v -2.942196 -0.153620 0.406398
v -2.942106 -0.163325 0.071949
v -2.942323 -0.026514 0.504212
v -2.942573 0.038620 0.498675
v -2.943217 -0.126274 0.022122
v -2.942923 -0.186040 0.139874
v -2.942996 -0.197119 0.243229
v -2.943238 -0.130921 0.432519
v -2.943219 -0.085929 0.474759
v -2.942762 0.151227 0.405624
v -2.942737 0.088822 -0.021069
v -2.943220 -0.064588 -0.026927
v -2.943049 -0.194977 0.183667
v -2.943078 -0.187187 0.315082
v -2.943342 -0.087422 -0.013300
v -2.943565 -0.185706 0.317640
v -2.943295 -0.163312 0.380777
v -2.945508 -0.049734 0.489040
v -2.944097 -0.015570 0.499657
v -2.944186 0.106546 0.456409
v -2.942994 0.183808 0.326610
v -2.944126 0.191375 0.177049
v -2.943318 0.176720 0.111373
v -2.944527 0.064818 -0.024528
v -2.946179 0.025829 -0.035275
v -2.944418 -0.136288 0.037871
v -2.944076 -0.161300 0.077608
v -2.945960 -0.165297 0.367700
v -2.944886 0.058475 0.487174
v -2.945375 0.166381 0.367332
v -2.944378 0.194021 0.253214
v -2.946059 0.136613 0.040871
v -2.943912 0.111692 0.008186
v -2.943680 -0.012215 -0.040161
v -2.947144 -0.147302 0.402373
v -2.946455 -0.157639 0.074498
v -2.944569 -0.189393 0.167698
v -2.946755 -0.193026 0.242531
v -2.948485 0.027211 0.494431
v -2.948493 0.133893 0.420922
v -2.949038 0.184877 0.300658
v -2.946710 0.161987 0.083895
v -2.946454 -0.050432 -0.028751
v -2.948493 -0.190012 0.192707
v -2.944363 -0.194710 0.245287
v -2.947064 -0.177666 0.333331
v -2.950092 -0.074134 -0.015951
v -2.948380 -0.123315 0.024798
v -2.947826 -0.152332 0.393278
v -2.950092 -0.135648 0.418229
v -2.950273 -0.116635 0.441534
v -2.950092 -0.096910 0.459994
v -2.950092 -0.073633 0.476337
v -2.949236 0.192198 0.219706
v -2.948548 -0.185105 0.157871
v -2.950092 -0.184841 0.301092
v -2.950880 -0.096487 -0.000691
v -2.950591 -0.181704 0.141123
v -2.949327 -0.185287 0.301246
v -2.949593 -0.172650 0.347750
v -2.950092 -0.026245 0.494423
v -2.949326 -0.001251 0.497059
v -2.950880 0.115310 0.443167
v -2.950092 0.176389 0.335592
v -2.950092 -0.000561 -0.036872
v -2.949949 -0.024960 -0.034684
v -2.950092 -0.074279 -0.016226
v -2.945721 -0.104311 0.003932
v -2.948961 -0.168319 0.100913
v -2.950880 -0.190274 0.265193
v -2.950877 -0.190183 0.193898
v -2.950657 0.083640 0.470851
v -2.951310 0.183216 0.148192
v -2.952435 0.117087 0.018281
v -2.949415 0.087295 -0.008299
v -2.951303 0.052230 -0.026944
v -2.950857 -0.192137 0.228566
v -2.953119 -0.151670 0.065128
v -2.953241 -0.192904 0.242831
v -2.952358 0.190521 0.267982
v -2.953161 0.162274 0.085027
v -2.954956 0.134034 0.036525
v -2.953114 -0.050252 -0.028393
v -2.950986 -0.140775 0.048060
v -2.955693 -0.175605 0.345282
v -2.954482 -0.152998 0.393912
v -2.949446 0.155807 0.386319
v -2.955673 -0.170896 0.101300
v -2.955720 -0.124840 0.023529
v -2.953954 -0.170722 0.104253
v -2.956239 -0.187794 0.302053
v -2.956304 -0.000972 0.499728
v -2.954622 0.058967 0.486197
v -2.955834 0.158924 0.386186
v -2.955670 0.025619 -0.037119
v -2.956238 -0.187734 0.157707
v -2.954485 -0.174942 0.345633
v -2.956186 -0.037943 0.494822
v -2.957242 0.143321 0.415785
v -2.956121 0.179313 0.336167
v -2.955115 0.194172 0.221125
v -2.955406 0.089770 -0.009107
v -2.953575 -0.103727 0.003952
v -2.956105 -0.194553 0.206286
v -2.956962 -0.087324 -0.013648
v -2.956482 -0.190305 0.166689
v -2.956963 -0.131086 0.432366
v -2.956964 -0.085929 0.474759
v -2.956962 0.107411 0.457561
v -2.956343 0.191169 0.288304
v -2.956699 0.186699 0.147104
v -2.957383 0.051825 -0.032331
v -2.956459 -0.012475 -0.040064
v -2.956972 -0.194533 0.266134
v -2.957211 -0.161018 0.072485
v -2.957188 -0.197119 0.243229
v -2.957300 0.037361 0.497471
v -2.957210 0.166068 0.082993
v -2.956963 -0.064588 -0.026927
v -2.956589 -0.136872 0.035302
v -2.957843 -0.141677 0.033992
v -2.957869 -0.193648 0.153860
v -2.957545 0.065389 -0.033874
v -2.957889 -0.185906 0.329283
v -2.958131 -0.155249 0.407412
v -2.957794 0.136443 0.024070
vn -0.4217 0.3646 0.8302
vn -0.9878 0.0668 0.1408
vn -0.7325 0.6651 0.1453
vn -0.9638 0.1150 0.2407
vn -0.8334 -0.5484 0.0682
vn -0.9994 -0.0284 -0.0178
vn -0.9901 -0.0337 -0.1363
vn -0.9885 0.1034 -0.1101
vn -0.9997 0.0092 -0.0234
vn -0.9998 0.0211 -0.0039
vn -0.9670 0.2481 -0.0577
vn -0.9261 0.3708 -0.0694
vn -0.9984 0.0561 -0.0042
vn -0.9957 -0.0829 -0.0413
vn -0.9746 0.1931 0.1130
vn -0.9770 0.2108 0.0323
vn -0.9745 0.1938 0.1135
vn -0.9689 -0.1584 0.1901
vn -0.9424 -0.2950 0.1577
vn 0.2860 -0.9315 -0.2249
vn -0.1138 -0.9645 -0.2384
vn -0.9735 -0.2137 -0.0815
vn -0.9674 -0.2021 -0.1525
vn -0.8485 -0.1583 -0.5050
vn -0.5559 0.5973 0.5781
vn -0.9593 0.1190 0.2561
vn 0.1342 -0.7120 0.6893
vn -0.9568 -0.2891 -0.0304
vn -0.9676 0.2373 -0.0863
vn -0.6264 0.7252 0.2857
vn -0.8637 0.3400 0.3720
vn -0.4890 0.2177 0.8447
vn -0.7233 -0.6556 0.2167
vn -0.7264 0.6852 0.0543
vn -0.8000 0.5460 0.2488
vn -0.6364 0.6295 0.4458
vn -0.5739 0.8189 -0.0086
vn -0.7181 0.5116 0.4718
vn -0.3471 -0.0651 0.9356
vn -0.5936 -0.3974 0.6998
vn -0.5539 -0.8271 0.0954
vn -0.3974 -0.8911 -0.2189
vn -0.6749 -0.4883 -0.5532
vn -0.1256 -0.5093 -0.8514
vn -0.6433 0.4399 -0.6266
vn -0.6227 0.6039 -0.4976
vn -0.4479 0.7641 -0.4643
vn -0.4860 0.8737 0.0197
vn -0.3228 0.9372 0.1324
vn -0.6921 0.2549 0.6753
vn -0.5505 0.0714 0.8318
vn -0.3806 -0.6892 -0.6166
vn -0.3907 -0.0642 -0.9183
vn -0.1137 0.9493 0.2931
vn -0.2276 0.8867 -0.4025
vn -0.3167 0.9098 0.2684
vn -0.1732 -0.3268 0.9291
vn -0.3568 -0.6418 0.6788
vn -0.3296 -0.9426 -0.0540
vn -0.3744 -0.7880 -0.4887
vn -0.3513 0.1088 -0.9299
vn -0.3494 0.9318 -0.0981
vn -0.2586 0.6526 0.7122
vn -0.0015 0.9761 -0.2171
vn 0.0438 0.5612 0.8265
vn -0.1129 -0.7357 0.6678
vn 0.0332 0.4641 -0.8851
vn -0.1288 0.9074 -0.4000
vn -0.3391 0.9074 -0.2485
vn 0.0585 0.2341 0.9705
vn 0.0015 -0.8614 0.5080
vn 0.0128 -0.9492 0.3143
vn 0.0980 -0.9789 -0.1791
vn 0.0853 -0.2346 -0.9683
vn 0.0215 0.9982 0.0565
vn 0.1808 0.8827 0.4337
vn -0.0655 0.8199 0.5688
vn 0.2035 0.9765 0.0713
vn 0.5205 -0.4226 0.7420
vn 0.5792 -0.8107 0.0850
vn 0.6236 0.7028 0.3424
vn 0.2382 0.8229 0.5159
vn 0.4767 0.6489 0.5930
vn 0.6988 0.2462 0.6716
vn 0.5625 0.0771 0.8232
vn 0.2172 -0.9521 0.2151
vn 0.4514 -0.8296 -0.3287
vn 0.5363 -0.5533 -0.6373
vn 0.5855 0.0673 -0.8079
vn 0.3140 0.2699 -0.9102
vn 0.3416 0.8853 -0.3155
vn 0.3678 0.9239 -0.1057
vn 0.5053 0.8011 0.3207
vn 0.5976 0.4376 0.6719
vn 0.4929 0.8641 -0.1022
vn 0.3794 0.8882 0.2590
vn 0.3010 -0.1020 0.9481
vn 0.7188 -0.5783 -0.3860
vn 0.6433 0.4399 -0.6266
vn 0.4276 0.6186 -0.6591
vn 0.6121 0.6150 -0.4970
vn 0.6097 0.5351 0.5848
vn 0.6841 0.7293 0.0114
vn 0.4067 0.8477 0.3406
vn 0.4792 0.2190 0.8499
vn 0.4849 -0.6633 -0.5700
vn 0.6225 -0.0317 -0.7820
vn 0.7308 0.6805 0.0544
vn 0.8149 0.4736 0.3340
vn 0.8321 0.5034 -0.2328
vn 0.6903 0.4163 0.5918
vn 0.8712 -0.3691 0.3236
vn 0.8309 -0.4148 0.3709
vn 0.9423 -0.3287 -0.0635
vn 0.9407 0.3283 -0.0851
vn 0.6702 0.7421 0.0111
vn 0.9534 0.2859 0.0960
vn 0.8752 -0.2845 0.3913
vn 0.9851 -0.1717 0.0092
vn 0.9709 -0.1389 -0.1949
vn 0.4366 -0.4123 -0.7996
vn 0.9621 0.0439 -0.2692
vn 0.7591 0.2799 -0.5878
vn 0.9895 0.1441 -0.0145
vn 0.7210 0.6817 0.1248
vn 0.9941 0.1017 -0.0378
vn 0.9998 -0.0117 0.0178
vn 0.9978 0.0454 -0.0488
vn 0.9856 0.1291 -0.1091
vn 0.9978 0.0553 -0.0357
vn 0.9985 0.0499 -0.0220
vn 0.9686 0.2425 -0.0547
vn 0.9952 0.0927 0.0309
vn 0.9987 0.0509 0.0070
vn 0.9853 0.1438 0.0926
vn 0.9952 0.0432 0.0879
vn 0.9701 0.0242 0.2414
vn 0.9878 -0.1489 -0.0450
vn 0.9891 -0.1426 -0.0358
vn 0.9668 0.1858 -0.1756
vn 0.9116 0.4111 -0.0022
vn 0.7510 -0.0412 0.6590
vn 0.7866 -0.5793 0.2137
vn 0.8364 -0.5233 0.1633
vn 0.8136 -0.5679 -0.1245
vn 0.8462 0.1075 -0.5219
vn 0.8399 0.4602 -0.2877
vn 0.6603 -0.4292 0.6163
vn 0.7719 -0.6279 0.0999
vn 0.8214 -0.5669 0.0628
vn 0.8935 -0.3807 -0.2382
vn 0.7912 0.6090 0.0560
vn 0.6283 -0.7739 0.0796
vn 0.5771 -0.7432 -0.3384
vn 0.6997 -0.4929 -0.5172
vn 0.6006 0.3406 -0.7233
vn 0.6198 0.5217 -0.5862
vn 0.4872 0.8244 0.2883
vn 0.6588 0.6837 0.3140
vn 0.6083 0.4654 0.6429
vn 0.5863 0.2480 0.7712
vn 0.6711 -0.0482 0.7398
vn 0.6381 -0.5610 0.5274
vn 0.5474 -0.8304 -0.1044
vn 0.6536 -0.7134 -0.2527
vn 0.4963 -0.8571 0.1382
vn 0.5534 -0.8281 -0.0898
vn 0.5578 -0.1118 -0.8224
vn 0.4473 0.4866 -0.7505
vn 0.5298 0.8125 -0.2433
vn 0.5220 0.8494 -0.0784
vn 0.4535 0.8673 0.2054
vn 0.3754 0.4278 0.8222
vn 0.4895 -0.8200 0.2965
vn 0.5205 -0.8536 -0.0224
vn 0.3501 -0.4537 -0.8195
vn 0.1245 -0.3039 -0.9445
vn 0.3619 0.0163 -0.9321
vn 0.2841 0.7602 0.5843
vn 0.3332 -0.3435 0.8780
vn 0.3527 -0.8055 -0.4762
vn 0.2789 -0.6077 -0.7436
vn -0.0247 0.9992 0.0316
vn 0.1442 -0.6632 -0.7344
vn -0.1506 -0.9063 -0.3949
vn -0.3584 -0.7182 -0.5965
vn -0.1132 -0.7051 -0.7000
vn 0.0640 -0.9809 0.1836
vn -0.0277 -0.9815 -0.1894
vn -0.1688 -0.9478 0.2705
vn -0.2136 -0.9664 -0.1428
vn -0.1295 0.8793 -0.4584
vn -0.2986 0.9394 -0.1685
vn -0.1351 0.9701 0.2016
vn -0.2477 0.5897 0.7687
vn -0.2196 0.1627 0.9619
vn -0.2233 -0.6185 0.7533
vn -0.2715 -0.7823 0.5607
vn -0.2622 -0.9615 0.0826
vn -0.2909 -0.7502 -0.5937
vn -0.5133 -0.8472 0.1366
vn -0.4327 -0.8790 -0.2003
vn -0.5596 -0.1079 -0.8217
vn -0.4674 0.1830 -0.8649
vn -0.3873 0.5016 -0.7736
vn -0.5541 0.3692 0.7461
vn -0.4489 -0.2048 0.8698
vn -0.2976 -0.8553 0.4241
vn -0.4565 -0.8231 0.3378
vn -0.3952 -0.7942 -0.4616
vn -0.5318 -0.7363 0.4183
vn -0.5887 -0.8060 0.0624
vn -0.4178 0.4176 -0.8069
vn -0.5135 0.8580 0.0122
vn -0.5961 0.7663 0.2395
vn -0.5318 0.6615 0.5287
vn -0.7359 -0.5214 -0.4320
vn -0.7923 -0.2780 -0.5432
vn -0.8254 -0.2215 0.5194
vn -0.8603 -0.4993 -0.1027
vn -0.6441 -0.6901 -0.3300
vn -0.7552 0.6163 -0.2232
vn -0.9363 0.3454 -0.0634
vn -0.8217 -0.3756 0.4287
vn -0.8072 -0.5708 0.1501
vn -0.8606 -0.3942 -0.3224
vn -0.8200 -0.2763 -0.5013
vn -0.9494 -0.3066 0.0687
vn -0.9684 -0.2441 -0.0509
vn -0.9374 -0.2993 -0.1782
vn -0.9361 -0.3499 -0.0370
vn -0.9234 -0.2773 -0.2656
vn -0.9750 -0.2080 0.0786
vn -0.9860 0.1034 -0.1311
vn -0.9989 -0.0420 -0.0197
vn -0.9964 0.0186 0.0831
vn -0.9964 0.0288 0.0803
vn 0.0028 0.9226 -0.3858
vn -0.8357 0.2999 0.4600
vn 0.0001 0.5261 0.8504
vn -0.9925 0.0619 -0.1055
vn -0.9940 0.1055 -0.0288
vn -0.9521 0.2954 0.0786
vn -0.9816 0.1662 0.0941
vn -0.9907 0.0871 0.1046
vn -0.9824 0.0175 0.1858
vn -0.8521 -0.4641 0.2418
vn -0.9798 -0.1351 -0.1475
vn -0.9983 -0.0152 -0.0556
vn -0.8714 0.4503 -0.1949
vn -0.9992 0.0400 0.0098
vn -0.9638 0.2641 0.0353
vn -0.9714 0.2053 0.1191
vn -0.9963 0.0651 0.0558
vn -0.9944 0.1048 -0.0144
vn -0.9928 0.1191 -0.0129
vn -0.9944 0.0348 0.1000
vn -0.9877 0.0084 0.1564
vn -0.9495 -0.1154 0.2918
vn -0.9961 -0.0019 0.0879
vn -0.9930 -0.1102 0.0434
vn -0.9801 -0.1339 -0.1464
vn -0.9897 0.0157 -0.1421
vn -0.5601 0.8201 -0.1171
vn -0.7781 -0.6230 0.0796
vn -0.4623 0.7573 -0.4613
vn -0.9674 0.2502 0.0393
vn 0.1959 -0.7048 0.6818
vn -0.7276 -0.5808 0.3651
vn -0.7311 0.6755 -0.0953
vn -0.8082 0.5530 -0.2026
vn -0.4297 0.6184 -0.6580
vn -0.6459 -0.1778 0.7424
vn -0.3951 -0.9174 -0.0482
vn -0.4822 -0.6659 -0.5692
vn -0.4409 0.3523 -0.8255
vn -0.3505 0.8280 0.4376
vn -0.2298 0.9723 0.0430
vn -0.4342 0.6268 0.6470
vn -0.6474 0.4452 0.6186
vn -0.2365 0.9704 -0.0495
vn -0.4214 -0.8414 -0.3383
vn -0.3763 0.5536 0.7429
vn -0.2950 -0.4362 0.8501
vn -0.5604 -0.7811 0.2754
vn -0.2879 -0.9491 0.1276
vn -0.5644 -0.8212 -0.0845
vn -0.4425 -0.8683 -0.2243
vn 0.4816 0.7444 -0.4625
vn -0.5457 -0.7303 -0.4109
vn -0.6067 -0.3073 -0.7331
vn -0.3008 0.1245 -0.9455
vn -0.2627 0.8774 -0.4014
vn -0.6109 0.7822 0.1223
vn -0.3231 0.9370 0.1325
vn -0.2617 0.2637 0.9284
vn -0.1899 -0.0312 0.9813
vn -0.3588 -0.0753 -0.9304
vn -0.3558 0.9007 -0.2495
vn 0.1708 0.8769 -0.4493
vn -0.2012 0.9237 -0.3260
vn 0.0586 0.7661 0.6400
vn 0.0494 -0.8639 0.5012
vn -0.3414 0.1462 -0.9285
vn -0.1350 0.8180 -0.5592
vn -0.2595 0.8041 0.5349
vn -0.3317 0.9043 0.2689
vn 0.0600 0.4569 0.8875
vn 0.3913 -0.9202 -0.0067
vn 0.5238 -0.7870 -0.3260
vn 0.0577 -0.5339 -0.8436
vn 0.0127 0.9914 -0.1301
vn -0.3647 0.8827 0.2962
vn 0.4653 0.8840 -0.0447
vn 0.4549 -0.5667 0.6869
vn 0.2248 -0.7677 0.6001
vn 0.4801 0.8657 0.1417
vn 0.1983 0.9685 -0.1509
vn 0.3764 0.5535 0.7429
vn 0.2888 0.2546 0.9229
vn 0.1604 -0.2686 0.9498
vn 0.6995 -0.6622 0.2687
vn 0.5996 -0.7816 -0.1718
vn 0.2154 -0.7607 -0.6123
vn 0.0298 -0.5391 -0.8417
vn 0.2191 -0.0961 -0.9710
vn 0.4066 0.6223 -0.6689
vn 0.6954 0.6458 -0.3152
vn 0.6266 0.7529 -0.2010
vn 0.0867 0.9949 0.0508
vn 0.5042 0.8534 0.1327
vn 0.3203 0.6680 0.6717
vn 0.6748 0.7044 -0.2201
vn 0.7495 0.6557 0.0912
vn 0.0855 -0.5710 0.8165
vn 0.1314 -0.9907 0.0349
vn 0.4635 -0.8127 -0.3532
vn 0.4427 0.3532 -0.8242
vn 0.9681 0.2035 0.1462
vn 0.6067 0.6649 0.4357
vn 0.5168 0.8001 -0.3046
vn 0.9298 0.3645 0.0510
vn 0.8861 -0.3932 0.2453
vn 0.5520 -0.7613 0.3401
vn 0.4126 -0.9011 -0.1332
vn 0.8116 -0.2191 -0.5415
vn 0.7412 0.6644 -0.0962
vn 0.8191 0.5410 0.1908
vn 0.2289 -0.8997 -0.3717
vn 0.8958 0.3939 -0.2060
vn 0.9960 0.0854 -0.0275
vn 0.9801 0.1717 0.0996
vn 0.8191 -0.5068 0.2686
vn 0.9947 0.0333 0.0974
vn 0.9892 0.0472 0.1386
vn 0.8433 -0.1757 0.5079
vn 0.9755 -0.0588 0.2121
vn 0.9941 -0.1027 0.0351
vn 0.9769 -0.1731 -0.1249
vn 0.9018 -0.0332 -0.4308
vn 0.9980 0.0611 -0.0145
vn 0.9961 0.0615 0.0639
vn 0.9996 0.0292 -0.0028
vn 0.9936 0.1082 0.0322
vn 0.9975 -0.0321 -0.0631
vn 0.9930 0.0300 0.1146
vn 0.9986 -0.0147 0.0516
vn 0.9883 -0.1331 0.0751
vn 0.9779 -0.2047 0.0434
vn 0.9451 -0.3267 -0.0072
vn 0.9748 0.0872 -0.2055
vn 0.9972 0.0644 -0.0377
vn 0.9981 0.0596 -0.0136
vn -0.0372 0.8015 0.5968
vn 0.9838 0.0683 0.1659
vn 0.9895 -0.1364 -0.0473
vn 0.9997 0.0234 0.0067
vn 0.9850 0.1507 0.0835
vn 0.9472 0.0757 0.3117
vn 0.9990 -0.0433 -0.0098
vn 0.9743 -0.1779 -0.1381
vn 0.9276 -0.1603 0.3375
vn 0.8503 -0.5256 0.0271
vn 0.8174 -0.5656 -0.1096
vn 0.8991 -0.1823 -0.3980
vn 0.9161 0.3579 -0.1811
vn 0.8149 0.5671 -0.1194
vn 0.5332 -0.7558 0.3801
vn 0.8685 -0.3807 0.3173
vn 0.9048 -0.4115 0.1092
vn 0.9303 -0.3439 -0.1274
vn 0.8539 -0.2449 -0.4593
vn 0.8020 0.5943 0.0603
vn 0.6952 -0.2446 -0.6760
vn 0.6212 -0.7548 -0.2107
vn 0.6680 -0.6137 -0.4210
vn 0.6061 0.2664 -0.7495
vn 0.5768 0.7876 0.2167
vn 0.6770 0.5631 0.4739
vn 0.6557 -0.5557 0.5112
vn 0.6088 -0.7922 -0.0420
vn 0.5217 -0.8348 0.1760
vn 0.5361 -0.8416 -0.0656
vn 0.5398 -0.7637 -0.3540
vn 0.5490 -0.7002 -0.4563
vn 0.5638 -0.5571 -0.6098
vn 0.5131 -0.2015 -0.8344
vn 0.5740 0.3557 -0.7376
vn 0.5139 0.5841 -0.6283
vn 0.5163 0.8025 -0.2992
vn 0.5159 0.8526 -0.0832
vn 0.5897 0.4716 0.6556
vn 0.5100 -0.0894 0.8555
vn 0.5244 -0.7396 0.4219
vn -0.2688 -0.9056 0.3282
vn 0.5164 -0.8563 0.0109
vn 0.4120 -0.8493 -0.3299
vn 0.5692 -0.6960 -0.4377
vn 0.2648 -0.5214 -0.8112
vn 0.3661 -0.0641 -0.9284
vn 0.1140 0.7923 -0.5994
vn 0.2960 0.7935 -0.5318
vn 0.2021 -0.2883 0.9360
vn 0.1878 -0.9333 0.3060
vn 0.2590 -0.6325 -0.7300
vn 0.0950 -0.4181 -0.9034
vn 0.1520 0.9144 -0.3752
vn 0.2148 0.8591 0.4645
vn 0.0100 -0.7499 -0.6615
vn -0.0189 -0.8197 -0.5725
vn -0.0915 0.9952 0.0341
vn -0.1194 -0.4527 0.8837
vn -0.0064 -0.5715 0.8206
vn -0.2540 -0.7769 0.5762
vn -0.0524 -0.9735 0.2227
vn -0.0548 -0.9784 -0.1994
vn -0.0926 -0.5033 -0.8591
vn -0.2642 -0.8686 0.4193
vn -0.3323 -0.9428 -0.0282
vn -0.3095 -0.9509 0.0081
vn -0.3468 -0.8815 -0.3204
vn -0.2534 -0.9360 -0.2445
vn -0.2132 0.9546 -0.2082
vn -0.2670 0.8982 0.3492
vn -0.2680 0.8632 0.4278
vn -0.2692 0.7425 0.6134
vn -0.1643 0.2002 0.9659
vn -0.3654 -0.9049 -0.2182
vn -0.5003 -0.0696 0.8631
vn -0.2870 -0.8219 -0.4921
vn -0.5032 -0.7789 -0.3743
vn -0.4848 -0.5273 -0.6978
vn -0.5242 -0.1803 -0.8323
vn -0.4185 0.1429 -0.8969
vn -0.5320 0.3678 -0.7627
vn -0.5242 0.6570 -0.5419
vn -0.4282 0.8585 -0.2822
vn -0.4997 0.8553 -0.1366
vn -0.4989 0.5039 0.7051
vn -0.4940 0.0894 0.8649
vn -0.5043 -0.8628 -0.0355
vn -0.5223 -0.7187 0.4590
vn -0.4961 -0.8665 0.0558
vn -0.6751 0.4990 -0.5433
vn -0.6036 -0.7890 0.1147
vn -0.7104 -0.0522 -0.7019
vn -0.6390 0.1991 -0.7430
vn -0.8877 0.4076 -0.2141
vn -0.4782 0.8551 0.2005
vn -0.6444 0.6740 0.3613
vn -0.7518 0.5627 0.3439
vn -0.6129 0.3300 0.7179
vn -0.6328 -0.5226 0.5714
vn 0.6363 0.4077 0.6549
vn -0.7645 -0.3698 -0.5280
vn -0.7059 0.7081 0.0194
vn -0.8762 0.4779 0.0618
vn -0.7609 -0.4214 -0.4934
vn -0.6858 -0.3173 -0.6550
vn -0.9416 -0.3210 0.1013
vn -0.9206 -0.3792 -0.0934
vn -0.8625 -0.2072 -0.4616
vn -0.8897 0.4288 0.1569
vn -0.9409 0.2329 0.2458
vn -0.8716 -0.1976 0.4486
vn -0.7554 -0.6141 0.2286
vn -0.9434 -0.3265 0.0576
vn -0.8697 -0.4219 -0.2562
vn -0.9569 -0.1952 -0.2151
vn -0.9859 0.1659 -0.0219
vn -0.9768 -0.1881 0.1024
vn -0.9742 -0.2029 -0.0985
vn -0.9996 -0.0087 0.0280
vn -0.9974 0.0695 0.0186
vt 0.218915 1.000000
vt 0.078553 0.991293
vt 0.249142 0.994743
vt 0.027151 1.000000
vt 0.000000 0.989244
vt 0.110130 0.564614
vt 0.005791 0.581880
vt -0.004920 0.562608
vt 0.075956 0.623037
vt 0.000687 0.627951
vt 0.005678 0.618103
vt -0.000900 0.741539
vt 0.002736 0.705819
vt 0.089284 0.712650
vt 0.077492 0.797330
vt 0.000000 0.792926
vt 0.057288 0.783303
vt 0.113501 0.828049
vt 0.002577 0.830593
vt 0.068657 0.818165
vt 0.077678 0.866678
vt 0.000000 0.850961
vt 0.078791 0.850823
vt 0.000000 0.871529
vt 0.009295 0.892081
vt 0.110250 0.902956
vt 0.112961 0.891560
vt 0.000000 0.918919
vt 0.100165 0.937442
vt 0.057524 0.918041
vt 0.061004 0.962455
vt 0.000000 0.956963
vt 0.027418 0.944207
vt 0.133840 0.977859
vt 0.008443 0.970507
vt 0.108595 0.552216
vt 0.078669 0.598511
vt 0.103269 0.579492
vt 0.155381 0.681265
vt 0.003190 0.687322
vt 0.015145 0.663387
vt 0.059780 0.695634
vt 0.095378 0.748343
vt 0.001980 0.765443
vt 0.108904 0.761046
vt 0.110033 0.774941
vt 0.165461 0.811229
vt 0.000659 0.802183
vt 0.157646 0.610033
vt 0.132309 0.664728
vt 0.136613 0.731484
vt 0.155150 0.877842
vt 0.171404 0.953827
vt 0.097051 0.636507
vt 0.187407 0.626425
vt 0.175587 0.695832
vt 0.178185 0.918181
vt 0.187576 0.965102
vt 0.077617 0.537084
vt 0.233231 0.537054
vt 0.230344 0.595379
vt 0.251001 0.639850
vt 0.125162 0.646757
vt 0.059622 0.653638
vt 0.222354 0.653831
vt 0.218070 0.712815
vt 0.273466 0.752195
vt 0.266509 0.804153
vt 0.233420 0.793104
vt 0.247957 0.855245
vt 0.249086 0.847872
vt 0.247691 0.870038
vt 0.239454 0.862500
vt 0.283889 0.555500
vt 0.233912 0.546397
vt 0.249982 0.619412
vt 0.276759 0.633330
vt 0.280677 0.785577
vt 0.274396 0.820785
vt 0.255315 0.944231
vt 0.162825 0.516108
vt 0.114438 0.500044
vt 0.297361 0.500055
vt 0.281113 0.564604
vt 0.328301 0.646756
vt 0.197223 0.674491
vt 0.268493 0.664543
vt 0.202714 0.743329
vt 0.271658 0.731007
vt 0.259401 0.774957
vt 0.248471 0.834458
vt 0.266515 0.827780
vt 0.265616 0.902949
vt 0.286298 0.977889
vt 0.235385 0.987571
vt 0.248775 0.527672
vt 0.313471 0.519307
vt 0.335399 0.609607
vt 0.341246 0.682066
vt 0.344373 0.840796
vt 0.112067 0.837416
vt 0.272873 0.890738
vt 0.297520 0.877799
vt 0.327172 0.626433
vt 0.321047 0.695004
vt 0.374945 0.739647
vt 0.361533 0.811762
vt 0.322190 0.917888
vt 0.234539 0.930527
vt 0.328577 0.962338
vt 0.365242 0.542282
vt 0.382675 0.657380
vt 0.411637 0.720206
vt 0.392586 0.586069
vt 0.268150 0.579889
vt 0.372789 0.597532
vt 0.424043 0.623037
vt 0.405924 0.636669
vt 0.412109 0.703273
vt 0.434674 0.758382
vt 0.352411 0.769288
vt 0.250361 0.761030
vt 0.369599 0.797357
vt 0.391768 0.831564
vt 0.407200 0.898715
vt 0.416180 0.882079
vt 0.432704 0.944480
vt 0.406065 0.991255
vt 0.428261 0.524637
vt 0.430302 0.557904
vt 0.450727 0.780132
vt 0.421209 0.850823
vt 0.418459 0.866380
vt 0.423221 0.977857
vt 0.536736 0.565515
vt 0.459394 0.817774
vt 0.442475 0.918041
vt 0.358273 0.937188
vt 0.467981 0.962738
vt 0.512640 0.500005
vt 0.335914 0.510539
vt 0.574883 0.602043
vt 0.539042 0.685353
vt 0.382783 0.671995
vt 0.592601 0.662934
vt 0.517115 0.739365
vt 0.519410 0.513890
vt 0.599775 0.528868
vt 0.567575 0.589496
vt 0.578288 0.653486
vt 0.591012 0.722946
vt 0.568264 0.796414
vt 0.514662 0.834179
vt 0.534315 0.906895
vt 0.621102 0.920572
vt 0.586571 0.631450
vt 0.602319 0.615708
vt 0.552750 0.855020
vt 0.590301 0.875950
vt 0.600983 0.886278
vt 0.592457 0.751760
vt 0.576871 0.764338
vt 0.645740 0.780302
vt 0.593146 0.810465
vt 0.660799 0.822393
vt 0.656997 0.941717
vt 0.574429 0.932371
vt 0.623152 0.678116
vt 0.639812 0.733740
vt 0.621803 0.836748
vt 0.688963 0.518862
vt 0.687304 0.510292
vt 0.579089 0.575925
vt 0.704263 0.564545
vt 0.620731 0.640340
vt 0.693905 0.646763
vt 0.674070 0.692440
vt 0.680614 0.854875
vt 0.682483 0.847731
vt 0.686654 0.911668
vt 0.656637 0.898842
vt 0.629955 0.977446
vt 0.643899 0.960283
vt 0.706957 0.746384
vt 0.691093 0.545798
vt 0.747825 0.536815
vt 0.714766 0.575480
vt 0.703569 0.602424
vt 0.743127 0.653356
vt 0.748342 0.667213
vt 0.721047 0.769115
vt 0.751122 0.760860
vt 0.717455 0.795451
vt 0.748849 0.813944
vt 0.729858 0.827255
vt 0.680305 0.869638
vt 0.756714 0.861944
vt 0.744722 0.930509
vt 0.718091 0.948177
vt 0.750916 0.527547
vt 0.581507 0.553344
vt 0.734468 0.555135
vt 0.750335 0.633031
vt 0.750864 0.660295
vt 0.751920 0.706540
vt 0.682834 0.715373
vt 0.596159 0.705674
vt 0.761354 0.726791
vt 0.750866 0.807067
vt 0.750371 0.885656
vt 0.742655 0.921008
vt 0.652401 0.626178
vt 0.804070 0.619400
vt 0.818147 0.626307
vt 0.784828 0.639947
vt 0.791611 0.781164
vt 0.805281 0.840789
vt 0.734528 0.972791
vt 0.748200 0.959839
vt 0.676625 0.994657
vt 0.648624 0.987749
vt 0.821053 0.990630
vt 0.842351 0.980334
vt 0.853119 0.576409
vt 0.749629 0.589768
vt 0.862145 0.607999
vt 0.855077 0.594189
vt 0.752915 0.612469
vt 0.847110 0.905120
vt 0.863262 0.934459
vt 0.871713 0.522425
vt 0.857494 0.557828
vt 0.805618 0.685594
vt 0.819532 0.698097
vt 0.879476 0.709717
vt 0.832552 0.745874
vt 0.852526 0.795706
vt 0.888018 0.817998
vt 0.846672 0.849737
vt 0.890728 0.866892
vt 0.749774 0.877491
vt 0.858103 0.972756
vt 0.912874 0.631490
vt 0.927812 0.642916
vt 0.902781 0.662647
vt 0.906123 0.805722
vt 0.901247 0.835261
vt 0.751387 0.834217
vt 0.889745 0.881439
vt 0.821346 0.894032
vt 0.863958 0.959196
vt 0.913307 0.500069
vt 0.892805 0.510274
vt 0.707033 0.500274
vt 0.911245 0.537275
vt 0.869699 0.547161
vt 0.942898 0.656473
vt 0.897367 0.726319
vt 0.931043 0.755904
vt 0.859816 0.768979
vt 0.927937 0.786265
vt 0.946243 0.599920
vt 0.950601 0.618102
vt 0.947393 0.940342
vt 0.883714 0.948495
vt 0.967265 0.582000
vt 0.964026 0.705498
vt 0.964253 0.850252
vt 0.976550 0.892527
vt 0.969563 0.973018
vt 0.951259 0.989237
vt 0.962372 1.000000
vt 0.962686 0.521517
vt 0.923087 0.919889
vt 0.914900 0.679172
vt 1.000000 0.781339
vt 0.937362 0.774080
vt 1.000000 0.818195
vt 0.896416 0.827655
vt 0.278651 0.031716
vt 0.457090 0.250604
vt 0.289115 0.474928
vt 0.043179 0.290602
vt 0.768041 0.023953
vt 0.541519 0.186477
vt 0.596161 0.426728
vt 0.856003 0.444437
vt 0.965611 0.183415
vt 0.000000 0.840796
vt -0.005262 0.540393
vt -0.003960 0.518116
vt 0.000000 0.605139
vt 0.005735 0.642910
vt 0.005767 0.501855
vt 0.519105 0.999977
vt 0.750453 1.000000
vt 0.763176 0.674527
vt 0.942101 0.735941
vt 1.000000 0.653449
s 0
usemtl Hemp
f 180/181/128 415/182/128 357/183/128
f 181/184/129 188/185/129 415/182/129
f 406/186/130 202/187/130 203/188/130
f 429/189/131 208/190/131 182/191/131
f 197/192/132 198/193/132 421/194/132
f 419/195/133 183/196/133 409/197/133
f 402/198/134 191/199/134 427/200/134
f 417/201/135 185/202/135 418/203/135
f 417/201/136 186/204/136 185/202/136
f 190/205/137 186/204/137 417/201/137
f 401/206/138 190/205/138 395/207/138
f 401/206/139 189/208/139 190/205/139
f 416/209/140 189/208/140 426/210/140
f 425/211/141 187/212/141 432/213/141
f 399/214/142 431/215/142 425/211/142
f 406/186/143 203/188/143 414/216/143
f 430/217/144 202/187/144 398/218/144
f 392/219/145 436/220/145 433/221/145
f 428/222/146 436/220/146 392/219/146
f 420/223/147 194/224/147 197/192/147
f 410/225/148 194/224/148 420/223/148
f 404/226/149 194/224/149 410/225/149
f 409/197/150 194/224/150 404/226/150
f 403/227/151 427/200/151 193/228/151
f 413/229/152 182/191/152 430/217/152
f 413/229/153 429/189/153 182/191/153
f 392/219/154 433/221/154 412/230/154
f 420/223/155 197/192/155 411/231/155
f 395/207/156 190/205/156 396/232/156
f 425/211/157 432/213/157 400/233/157
f 399/214/158 415/182/158 431/215/158
f 423/234/159 429/189/159 393/235/159
f 421/194/160 428/222/160 391/236/160
f 416/209/161 426/210/161 389/237/161
f 388/238/162 425/211/162 400/233/162
f 399/214/163 425/211/163 388/238/163
f 414/216/164 424/239/164 380/240/164
f 413/229/165 430/217/165 394/241/165
f 375/242/166 405/243/166 423/234/166
f 412/230/167 422/244/167 386/245/167
f 411/231/168 421/194/168 383/246/168
f 410/225/169 420/223/169 351/247/169
f 382/248/170 419/195/170 373/249/170
f 403/227/171 419/195/171 382/248/171
f 362/250/172 418/203/172 363/251/172
f 360/252/173 417/201/173 361/253/173
f 396/232/174 417/201/174 360/252/174
f 354/254/175 414/216/175 387/255/175
f 406/186/176 414/216/176 354/254/176
f 377/256/177 393/235/177 429/189/177
f 375/242/178 423/234/178 376/257/178
f 373/249/179 409/197/179 350/258/179
f 402/198/180 427/200/180 349/259/180
f 400/233/181 416/209/181 368/260/181
f 407/261/182 179/262/182 345/263/182
f 398/218/183 406/186/183 365/264/183
f 386/245/184 405/243/184 335/265/184
f 384/266/185 412/230/185 385/267/185
f 390/268/186 411/231/186 364/269/186
f 350/258/187 404/226/187 397/270/187
f 371/271/188 402/198/188 372/272/188
f 389/237/189 401/206/189 369/273/189
f 358/274/190 367/275/190 399/214/190
f 366/276/191 407/261/191 356/277/191
f 378/278/192 377/256/192 413/229/192
f 342/279/193 392/219/193 384/266/193
f 328/280/194 363/251/194 408/281/194
f 370/282/195 396/232/195 359/283/195
f 369/273/196 395/207/196 370/282/196
f 353/284/197 376/257/197 393/235/197
f 342/279/198 352/285/198 392/219/198
f 352/285/199 383/246/199 391/236/199
f 341/286/200 351/247/200 390/268/200
f 349/259/201 403/227/201 339/287/201
f 348/288/202 381/289/202 389/237/202
f 346/290/203 388/238/203 400/233/203
f 346/290/204 358/274/204 388/238/204
f 355/291/205 354/254/205 387/255/205
f 334/292/206 385/267/206 386/245/206
f 332/293/207 364/269/207 383/246/207
f 337/294/208 394/241/208 379/295/208
f 336/296/209 394/241/209 337/294/209
f 336/296/210 378/278/210 394/241/210
f 353/284/211 377/256/211 322/297/211
f 344/298/212 375/242/212 376/257/212
f 332/293/213 383/246/213 333/299/213
f 331/300/214 340/301/214 374/302/214
f 330/303/215 382/248/215 373/249/215
f 329/304/216 371/271/216 372/272/216
f 329/304/217 328/280/217 371/271/217
f 326/305/218 370/282/218 327/306/218
f 326/305/219 348/288/219 369/273/219
f 316/307/220 346/290/220 368/260/220
f 357/183/221 367/275/221 325/308/221
f 324/309/222 355/291/222 366/276/222
f 323/310/223 379/295/223 365/264/223
f 335/265/224 375/242/224 344/298/224
f 320/311/225 350/258/225 397/270/225
f 319/312/226 362/250/226 363/251/226
f 319/312/227 318/313/227 362/250/227
f 318/313/228 360/252/228 361/253/228
f 325/308/229 358/274/229 315/314/229
f 323/310/230 354/254/230 355/291/230
f 309/315/231 337/294/231 379/295/231
f 322/297/232 344/298/232 353/284/232
f 320/311/233 330/303/233 350/258/233
f 314/316/234 329/304/234 349/259/234
f 317/317/235 347/318/235 348/288/235
f 312/319/236 315/314/236 346/290/236
f 311/320/237 338/321/237 345/263/237
f 322/297/238 378/278/238 300/322/238
f 308/323/239 343/324/239 321/325/239
f 308/323/240 342/279/240 343/324/240
f 304/326/241 331/300/241 341/286/241
f 310/327/242 324/309/242 338/321/242
f 302/328/243 323/310/243 355/291/243
f 291/329/244 337/294/244 309/315/244
f 343/324/245 334/292/245 299/330/245
f 289/331/246 341/286/246 332/293/246
f 296/332/247 339/287/247 330/303/247
f 314/316/248 339/287/248 296/332/248
f 313/333/249 328/280/249 329/304/249
f 319/312/250 328/280/250 313/333/250
f 317/317/251 326/305/251 305/334/251
f 316/307/252 347/318/252 285/335/252
f 302/328/253 324/309/253 310/327/253
f 290/336/254 322/297/254 282/337/254
f 307/338/255 318/313/255 319/312/255
f 286/339/256 318/313/256 307/338/256
f 286/339/257 327/306/257 318/313/257
f 306/340/258 326/305/258 327/306/258
f 306/340/259 305/334/259 326/305/259
f 288/341/260 331/300/260 304/326/260
f 297/342/261 331/300/261 288/341/261
f 296/332/262 320/311/262 278/343/262
f 295/344/263 314/316/263 296/332/263
f 313/333/264 314/316/264 252/345/264
f 294/346/265 316/307/265 303/347/265
f 294/346/266 312/319/266 316/307/266
f 308/323/267 321/325/267 279/348/267
f 266/349/268 304/326/268 289/331/268
f 287/350/269 313/333/269 252/345/269
f 261/351/270 310/327/270 270/352/270
f 302/328/271 310/327/271 261/351/271
f 301/353/272 309/315/272 247/354/272
f 299/330/273 280/355/273 244/356/273
f 268/357/274 308/323/274 279/348/274
f 275/358/275 307/338/275 276/359/275
f 250/360/276 305/334/276 273/361/276
f 285/335/277 305/334/277 250/360/277
f 293/362/278 312/319/278 272/363/278
f 288/341/279 304/326/279 256/364/279
f 284/365/280 302/328/280 236/366/280
f 291/329/281 301/353/281 262/367/281
f 282/337/282 300/322/282 283/368/282
f 321/325/283 299/330/283 234/369/283
f 279/348/284 321/325/284 257/370/284
f 255/371/285 297/342/285 232/372/285
f 278/343/286 297/342/286 255/371/286
f 295/344/287 296/332/287 277/373/287
f 253/374/288 252/345/288 295/344/288
f 287/350/289 252/345/289 241/375/289
f 274/376/290 307/338/290 230/377/290
f 294/346/291 303/347/291 249/378/291
f 272/363/292 294/346/292 264/379/292
f 236/366/293 302/328/293 269/380/293
f 247/354/294 292/381/294 260/382/294
f 280/355/295 290/336/295 259/383/295
f 257/370/296 321/325/296 258/384/296
f 242/385/297 267/386/297 298/387/297
f 266/349/298 289/331/298 233/388/298
f 232/372/299 288/341/299 256/364/299
f 253/374/300 295/344/300 254/389/300
f 239/390/301 273/361/301 306/340/301
f 249/378/302 285/335/302 265/391/302
f 281/392/303 282/337/303 226/393/303
f 259/383/304 281/392/304 221/394/304
f 235/395/305 244/356/305 280/355/305
f 277/373/306 278/343/306 231/396/306
f 276/359/307 287/350/307 224/397/307
f 248/398/308 272/363/308 238/399/308
f 263/400/309 271/401/309 212/402/309
f 256/364/310 266/349/310 233/388/310
f 228/403/311 212/402/311 293/362/311
f 222/404/312 246/405/312 262/367/312
f 209/406/313 283/368/313 227/407/313
f 245/408/314 283/368/314 209/406/314
f 213/409/315 250/360/315 273/361/315
f 223/410/316 264/379/316 294/346/316
f 211/411/317 269/380/317 261/351/317
f 210/412/318 247/354/318 260/382/318
f 220/413/319 219/414/319 268/357/319
f 218/415/320 233/388/320 267/386/320
f 225/416/321 232/372/321 256/364/321
f 216/417/322 254/389/322 277/373/322
f 192/418/323 241/375/323 252/345/323
f 215/419/324 230/377/324 275/358/324
f 186/420/325 240/421/325 274/376/325
f 213/409/326 265/391/326 250/360/326
f 228/403/327 248/398/327 229/422/327
f 211/411/328 236/366/328 269/380/328
f 210/412/329 222/404/329 247/354/329
f 208/423/330 235/395/330 259/383/330
f 200/424/331 234/369/331 244/356/331
f 199/425/332 257/370/332 258/384/332
f 193/426/333 253/374/333 254/389/333
f 184/427/334 224/397/334 251/428/334
f 207/429/335 239/390/335 240/421/335
f 214/430/336 239/390/336 207/429/336
f 206/431/337 229/422/337 238/399/337
f 435/432/338 205/433/338 237/434/338
f 204/435/339 203/436/339 236/366/339
f 433/437/340 199/425/340 234/369/340
f 196/438/341 225/416/341 233/388/341
f 195/439/342 217/440/342 232/372/342
f 183/441/343 216/417/343 231/396/343
f 201/442/344 209/406/344 227/407/344
f 182/443/345 221/394/345 226/393/345
f 184/427/346 215/419/346 224/397/346
f 432/444/347 187/445/347 223/410/347
f 202/446/348 227/407/348 222/404/348
f 198/447/349 218/415/349 219/414/349
f 198/447/350 196/438/350 218/415/350
f 185/448/351 186/420/351 215/419/351
f 190/449/352 213/409/352 214/430/352
f 431/450/353 228/403/353 229/422/353
f 188/451/354 181/452/354 212/402/354
f 434/453/355 204/435/355 211/411/355
f 203/436/356 202/446/356 210/412/356
f 202/446/357 201/442/357 227/407/357
f 189/454/358 432/444/358 223/410/358
f 431/450/359 188/451/359 228/403/359
f 434/453/360 205/433/360 435/432/360
f 433/437/361 436/455/361 199/425/361
f 409/456/362 183/441/362 194/457/362
f 427/458/363 192/418/363 193/426/363
f 427/458/364 191/459/364 192/418/364
f 178/460/365 177/461/365 181/462/365 180/463/365
f 180/181/366 181/184/366 415/182/366
f 311/464/367 345/465/367 179/466/367 435/467/367 237/468/367
f 185/202/368 184/469/368 408/281/368 418/203/368
f 424/239/369 204/470/369 434/471/369
f 406/186/370 398/218/370 202/187/370
f 202/187/371 430/217/371 201/472/371
f 430/217/372 182/191/372 201/472/372
f 423/234/373 200/473/373 208/190/373
f 428/222/374 198/193/374 436/220/374
f 419/195/375 193/228/375 183/196/375
f 408/281/376 184/469/376 191/199/376
f 435/474/377 179/262/377 407/261/377 434/471/377
f 401/206/378 426/210/378 189/208/378
f 416/209/379 432/213/379 189/208/379
f 425/211/380 431/215/380 187/212/380
f 415/182/381 188/185/381 431/215/381
f 414/216/382 204/470/382 424/239/382
f 414/216/383 203/188/383 204/470/383
f 423/234/384 208/190/384 429/189/384
f 405/243/385 200/473/385 423/234/385
f 405/243/386 422/244/386 200/473/386
f 412/230/387 433/221/387 422/244/387
f 421/194/388 198/193/388 428/222/388
f 403/227/389 193/228/389 419/195/389
f 408/281/390 191/199/390 402/198/390
f 434/471/391 366/276/391 380/240/391 424/239/391
f 411/231/392 197/192/392 421/194/392
f 396/232/393 190/205/393 417/201/393
f 400/233/394 432/213/394 416/209/394
f 384/266/395 392/219/395 412/230/395
f 391/236/396 428/222/396 392/219/396
f 389/237/397 426/210/397 401/206/397
f 366/276/398 434/471/398 407/261/398
f 418/203/399 362/250/399 361/253/399 417/201/399
f 386/245/400 422/244/400 405/243/400
f 390/268/401 420/223/401 411/231/401
f 373/249/402 419/195/402 409/197/402
f 408/281/403 363/251/403 418/203/403
f 398/218/404 379/295/404 394/241/404 430/217/404
f 381/289/405 416/209/405 389/237/405
f 399/214/406 367/275/406 415/182/406
f 367/275/407 357/183/407 415/182/407
f 387/255/408 414/216/408 380/240/408
f 410/225/409 374/302/409 397/270/409 404/226/409
f 377/256/410 429/189/410 413/229/410
f 385/267/411 412/230/411 386/245/411
f 383/246/412 421/194/412 391/236/412
f 364/269/413 411/231/413 383/246/413
f 351/247/414 420/223/414 390/268/414
f 374/302/415 410/225/415 351/247/415
f 359/283/416 360/252/416 318/313/416 327/306/416
f 350/258/417 409/197/417 404/226/417
f 349/259/418 427/200/418 403/227/418
f 371/271/419 408/281/419 402/198/419
f 370/282/420 395/207/420 396/232/420
f 368/260/421 416/209/421 381/289/421
f 365/264/422 406/186/422 354/254/422
f 376/257/423 423/234/423 393/235/423
f 335/265/424 405/243/424 375/242/424
f 372/272/425 402/198/425 349/259/425
f 369/273/426 401/206/426 395/207/426
f 338/321/427 407/261/427 345/263/427
f 356/277/428 407/261/428 338/321/428
f 378/278/429 413/229/429 394/241/429
f 352/285/430 391/236/430 392/219/430
f 328/280/431 408/281/431 371/271/431
f 359/283/432 396/232/432 360/252/432
f 358/274/433 399/214/433 388/238/433
f 365/264/434 379/295/434 398/218/434
f 353/284/435 393/235/435 377/256/435
f 364/269/436 341/286/436 390/268/436
f 374/302/437 340/301/437 397/270/437
f 382/248/438 339/287/438 403/227/438
f 369/273/439 348/288/439 389/237/439
f 368/260/440 346/290/440 400/233/440
f 380/240/441 355/291/441 387/255/441
f 385/267/442 343/324/442 384/266/442
f 343/324/443 342/279/443 384/266/443
f 381/289/444 347/318/444 368/260/444
f 366/276/445 355/291/445 380/240/445
f 378/278/446 322/297/446 377/256/446
f 353/284/447 344/298/447 376/257/447
f 335/265/448 334/292/448 386/245/448
f 352/285/449 333/299/449 383/246/449
f 351/247/450 331/300/450 374/302/450
f 350/258/451 330/303/451 373/249/451
f 330/303/452 339/287/452 382/248/452
f 349/259/453 329/304/453 372/272/453
f 362/250/454 318/313/454 361/253/454
f 359/283/455 327/306/455 370/282/455
f 370/282/456 326/305/456 369/273/456
f 348/288/457 347/318/457 381/289/457
f 347/318/458 316/307/458 368/260/458
f 325/308/459 367/275/459 358/274/459
f 356/277/460 324/309/460 366/276/460
f 354/254/461 323/310/461 365/264/461
f 334/292/462 343/324/462 385/267/462
f 332/293/463 341/286/463 364/269/463
f 340/301/464 320/311/464 397/270/464
f 319/312/465 363/251/465 328/280/465
f 336/296/466 291/329/466 300/322/466 378/278/466
f 346/290/467 315/314/467 358/274/467
f 338/321/468 324/309/468 356/277/468
f 323/310/469 309/315/469 379/295/469
f 342/279/470 308/323/470 352/285/470
f 308/323/471 333/299/471 352/285/471
f 341/286/472 331/300/472 351/247/472
f 339/287/473 314/316/473 349/259/473
f 326/305/474 317/317/474 348/288/474
f 316/307/475 312/319/475 346/290/475
f 331/300/476 320/311/476 340/301/476
f 311/320/477 310/327/477 338/321/477
f 324/309/478 302/328/478 355/291/478
f 291/329/479 336/296/479 337/294/479
f 311/320/480 237/434/480 270/352/480 310/327/480
f 322/297/481 290/336/481 344/298/481
f 344/298/482 280/355/482 335/265/482
f 280/355/483 334/292/483 335/265/483
f 280/355/484 299/330/484 334/292/484
f 298/387/485 332/293/485 333/299/485
f 320/311/486 296/332/486 330/303/486
f 314/316/487 313/333/487 329/304/487
f 317/317/488 285/335/488 347/318/488
f 271/401/489 325/308/489 315/314/489
f 302/328/490 292/381/490 323/310/490
f 292/381/491 309/315/491 323/310/491
f 300/322/492 282/337/492 322/297/492
f 290/336/493 280/355/493 344/298/493
f 299/330/494 321/325/494 343/324/494
f 298/387/495 333/299/495 308/323/495
f 298/387/496 289/331/496 332/293/496
f 289/331/497 304/326/497 341/286/497
f 307/338/498 319/312/498 313/333/498
f 286/339/499 306/340/499 327/306/499
f 305/334/500 285/335/500 317/317/500
f 312/319/501 271/401/501 315/314/501
f 178/475/502 325/308/502 271/401/502
f 301/353/503 291/329/503 309/315/503
f 297/342/504 320/311/504 331/300/504
f 297/342/505 278/343/505 320/311/505
f 295/344/506 252/345/506 314/316/506
f 303/347/507 316/307/507 285/335/507
f 293/362/508 271/401/508 312/319/508
f 313/333/509 287/350/509 276/359/509 307/338/509
f 284/365/510 292/381/510 302/328/510
f 247/354/511 309/315/511 292/381/511
f 281/392/512 290/336/512 282/337/512
f 268/357/513 298/387/513 308/323/513
f 267/386/514 289/331/514 298/387/514
f 286/339/515 240/421/515 239/390/515 306/340/515
f 274/376/516 286/339/516 307/338/516
f 273/361/517 305/334/517 306/340/517
f 272/363/518 312/319/518 294/346/518
f 263/400/519 178/475/519 271/401/519
f 256/364/520 304/326/520 266/349/520
f 177/476/521 178/475/521 263/400/521
f 262/367/522 301/353/522 247/354/522
f 283/368/523 300/322/523 291/329/523
f 234/369/524 299/330/524 244/356/524
f 232/372/525 297/342/525 288/341/525
f 277/373/526 296/332/526 278/343/526
f 230/377/527 307/338/527 275/358/527
f 249/378/528 303/347/528 285/335/528
f 269/380/529 302/328/529 261/351/529
f 260/382/530 292/381/530 284/365/530
f 246/405/531 291/329/531 262/367/531
f 246/405/532 283/368/532 291/329/532
f 245/408/533 282/337/533 283/368/533
f 259/383/534 290/336/534 281/392/534
f 258/384/535 321/325/535 234/369/535
f 243/477/536 279/348/536 257/370/536
f 242/385/537 298/387/537 268/357/537
f 233/388/538 289/331/538 267/386/538
f 254/389/539 295/344/539 277/373/539
f 251/428/540 287/350/540 241/375/540
f 240/421/541 286/339/541 274/376/541
f 261/351/542 270/352/542 205/433/542 211/411/542
f 265/391/543 285/335/543 250/360/543
f 238/399/544 272/363/544 264/379/544
f 248/398/545 293/362/545 272/363/545
f 245/408/546 226/393/546 282/337/546
f 259/383/547 235/395/547 280/355/547
f 243/477/548 220/413/548 279/348/548
f 220/413/549 268/357/549 279/348/549
f 251/428/550 224/397/550 287/350/550
f 239/390/551 214/430/551 273/361/551
f 293/362/552 212/402/552 271/401/552
f 221/394/553 281/392/553 226/393/553
f 219/414/554 242/385/554 268/357/554
f 255/371/555 231/396/555 278/343/555
f 248/398/556 228/403/556 293/362/556
f 227/407/557 283/368/557 246/405/557
f 233/388/558 225/416/558 256/364/558
f 224/397/559 215/419/559 276/359/559
f 276/359/560 215/419/560 275/358/560
f 230/377/561 186/420/561 274/376/561
f 214/430/562 213/409/562 273/361/562
f 223/410/563 294/346/563 249/378/563
f 212/402/564 177/476/564 263/400/564
f 237/434/565 205/433/565 270/352/565
f 260/382/566 284/365/566 203/436/566 210/412/566
f 236/366/567 203/436/567 284/365/567
f 238/399/568 264/379/568 187/445/568 206/431/568
f 247/354/569 222/404/569 262/367/569
f 218/415/570 267/386/570 242/385/570
f 232/372/571 217/440/571 255/371/571
f 217/440/572 231/396/572 255/371/572
f 231/396/573 216/417/573 277/373/573
f 192/418/574 252/345/574 253/374/574
f 223/410/575 187/445/575 264/379/575
f 251/428/576 241/375/576 191/459/576 184/427/576
f 238/399/577 229/422/577 248/398/577
f 222/404/578 227/407/578 246/405/578
f 209/406/579 226/393/579 245/408/579
f 221/394/580 208/423/580 259/383/580
f 200/424/581 244/356/581 235/395/581
f 234/369/582 199/425/582 258/384/582
f 436/455/583 220/413/583 243/477/583
f 219/414/584 218/415/584 242/385/584
f 218/415/585 196/438/585 233/388/585
f 216/417/586 193/426/586 254/389/586
f 192/418/587 191/459/587 241/375/587
f 249/378/588 265/391/588 189/454/588 223/410/588
f 186/420/589 207/429/589 240/421/589
f 213/409/590 189/454/590 265/391/590
f 243/477/591 257/370/591 199/425/591 436/455/591
f 211/411/592 204/435/592 236/366/592
f 208/423/593 200/424/593 235/395/593
f 200/424/594 433/437/594 234/369/594
f 219/414/595 220/413/595 436/455/595 198/447/595
f 225/416/596 195/439/596 232/372/596
f 217/440/597 194/457/597 231/396/597
f 194/457/598 183/441/598 231/396/598
f 193/426/599 192/418/599 253/374/599
f 215/419/600 186/420/600 230/377/600
f 180/181/601 357/183/601 325/308/601 178/475/601
f 209/406/602 182/443/602 226/393/602
f 196/438/603 197/478/603 225/416/603
f 197/478/604 195/439/604 225/416/604
f 228/403/605 188/451/605 212/402/605
f 212/402/606 181/452/606 177/476/606
f 205/433/607 434/453/607 211/411/607
f 210/412/608 202/446/608 222/404/608
f 182/443/609 208/423/609 221/394/609
f 195/439/610 194/457/610 217/440/610
f 183/441/611 193/426/611 216/417/611
f 184/427/612 185/448/612 215/419/612
f 207/429/613 190/449/613 214/430/613
f 190/449/614 189/454/614 213/409/614
f 206/431/615 431/450/615 229/422/615
f 201/442/616 182/443/616 209/406/616
f 198/447/617 197/478/617 196/438/617
f 186/420/618 190/449/618 207/429/618
f 187/445/619 431/450/619 206/431/619
f 200/424/620 422/479/620 433/437/620
f 197/478/621 194/457/621 195/439/621
o Eyelet_02
v -1.999622 0.005000 -0.065177
v -1.991882 -0.005000 -0.062829
v -1.992667 0.005000 -0.063159
v -1.986840 -0.005000 -0.057333
v -1.987171 0.005000 -0.058118
v -1.984823 -0.005000 -0.050378
v -1.984823 0.005000 -0.049622
v -1.987171 -0.005000 -0.041882
v -1.986840 0.005000 -0.042667
v -1.992667 -0.005000 -0.036841
v -1.991882 0.005000 -0.037171
v -1.999622 -0.005000 -0.034823
v -2.000378 0.005000 -0.034823
v -2.008118 -0.005000 -0.037171
v -2.007334 0.005000 -0.036841
v -2.013160 -0.005000 -0.042667
v -2.012829 0.005000 -0.041882
v -2.015177 -0.005000 -0.049622
v -2.015177 0.005000 -0.050378
v -2.012829 -0.005000 -0.058118
v -2.013160 0.005000 -0.057333
v -2.007334 -0.005000 -0.063159
v -2.008118 0.005000 -0.062829
v -2.000378 -0.005000 -0.065177
v -2.050000 -0.002500 -0.100000
v -1.950000 0.002500 -0.100000
v -2.050000 -0.002500 0.000000
v -1.950000 -0.002500 0.000000
v -2.050000 0.002500 0.000000
v -2.050000 0.002500 -0.100000
v -1.950000 -0.002500 -0.100000
v -1.950000 0.002500 0.000000
v -1.967500 0.002500 -0.032500
v -1.988515 0.002500 -0.050000
v -1.981875 0.002500 -0.082500
v -2.000000 0.002500 -0.061485
v -2.000000 0.002500 -0.050000
v -2.000000 0.002500 -0.038515
v -2.007370 0.002500 -0.059033
v -2.011485 0.002500 -0.050000
v -1.997500 0.002500 -0.017500
v -2.032500 0.002500 -0.047500
v -2.034375 -0.002500 -0.062812
v -2.011485 -0.002500 -0.050000
v -2.000000 -0.002500 -0.061485
v -2.000000 -0.002500 -0.050000
v -2.000000 -0.002500 -0.038515
v -1.990293 -0.002500 -0.056371
v -1.988515 -0.002500 -0.050000
v -1.988125 -0.002500 -0.082500
v -1.967500 -0.002500 -0.052500
v -1.983750 -0.002500 -0.017500
v -1.990193 0.002500 -0.056079
v -1.988705 0.002500 -0.052358
v -1.988975 0.002500 -0.046359
v -2.011025 0.002500 -0.053641
v -2.011120 0.002500 -0.046659
v -2.008289 0.002500 -0.041926
v -2.002358 0.002500 -0.061295
v -2.003641 0.002500 -0.038975
v -1.997877 0.002500 -0.061316
v -1.993629 0.002500 -0.059707
v -1.996659 0.002500 -0.038880
v -1.991926 0.002500 -0.041711
v -2.011295 -0.002500 -0.052358
v -2.011316 -0.002500 -0.047877
v -2.010168 -0.002500 -0.044546
v -1.988684 -0.002500 -0.052123
v -1.988705 -0.002500 -0.047642
v -1.990693 -0.002500 -0.043057
v -1.993921 -0.002500 -0.059808
v -1.997642 -0.002500 -0.061295
v -1.995862 -0.002500 -0.039101
v -2.004138 -0.002500 -0.060899
v -2.009307 -0.002500 -0.056943
v -2.002358 -0.002500 -0.038705
v -2.006943 -0.002500 -0.040693
v -1.999078 -0.005000 -0.061412
v -1.998678 0.005000 -0.061373
v -1.993830 -0.005000 -0.059750
v -1.994427 0.005000 -0.060001
v -1.989453 -0.005000 -0.054679
v -1.991024 0.005000 -0.057107
v -1.988987 0.005000 -0.053131
v -1.988588 -0.005000 -0.049078
v -1.988627 0.005000 -0.048678
v -1.990250 -0.005000 -0.043830
v -1.989999 0.005000 -0.044427
v -1.995321 -0.005000 -0.039453
v -1.992893 0.005000 -0.041024
v -1.996869 0.005000 -0.038987
v -2.000922 -0.005000 -0.038588
v -2.001322 0.005000 -0.038627
v -2.006170 -0.005000 -0.040250
v -2.005574 0.005000 -0.039999
v -2.010547 -0.005000 -0.045321
v -2.008976 0.005000 -0.042893
v -2.011013 0.005000 -0.046869
v -2.011412 -0.005000 -0.050922
v -2.011373 0.005000 -0.051322
v -2.009750 -0.005000 -0.056170
v -2.010001 0.005000 -0.055573
v -2.004679 -0.005000 -0.060547
v -2.007107 0.005000 -0.058976
v -2.003131 0.005000 -0.061013
v -2.047921 -0.001807 -0.002078
v -2.047921 -0.001807 -0.097922
v -2.047921 0.001807 -0.097922
v -1.952078 0.001807 -0.002078
v -1.952078 -0.001807 -0.097922
v -1.952078 0.001807 -0.097922
v -1.959674 -0.001651 -0.097455
v -2.040000 -0.001651 -0.097454
v -2.040326 0.001651 -0.097455
v -1.960000 0.001651 -0.097454
v -2.040686 -0.001651 -0.002544
v -1.952110 -0.001789 -0.002193
v -1.959314 0.001651 -0.002544
v -2.047890 0.001789 -0.002193
v -2.047454 -0.001651 -0.090000
v -2.047457 -0.001651 -0.009432
v -2.047456 0.001651 -0.009314
v -2.047454 0.001651 -0.090000
v -1.952544 -0.001651 -0.009314
v -1.952546 -0.001651 -0.090000
v -1.952546 0.001651 -0.090000
v -1.952543 0.001651 -0.009432
v -1.960000 0.001300 -0.090000
v -1.988515 0.001300 -0.050000
v -2.000000 0.001300 -0.061485
v -2.000000 0.001300 -0.050000
v -2.000000 0.001300 -0.038515
v -2.007900 0.001300 -0.058410
v -2.011485 0.001300 -0.050000
v -2.006512 0.001300 -0.040435
v -1.960735 0.001300 -0.010037
v -2.040000 0.001300 -0.090000
v -2.039942 0.001300 -0.010438
v -2.040000 -0.001300 -0.090000
v -2.039271 -0.001299 -0.010083
v -2.011485 -0.001300 -0.050000
v -2.000000 -0.001300 -0.061485
v -2.000000 -0.001300 -0.050000
v -2.000000 -0.001300 -0.038515
v -1.990124 -0.001300 -0.056105
v -1.988515 -0.001300 -0.050000
v -1.993895 -0.001300 -0.040124
v -1.997500 -0.001300 -0.025000
v -1.960434 -0.001300 -0.010066
v -1.960000 -0.001300 -0.090000
v -1.990346 0.001300 -0.056320
v -1.988767 0.001300 -0.052637
v -1.988785 0.001300 -0.047152
v -2.010300 0.001300 -0.055201
v -2.011359 0.001300 -0.051875
v -2.011233 0.001300 -0.047363
v -2.009654 0.001300 -0.043680
v -2.003641 0.001300 -0.061025
v -2.002358 0.001300 -0.038705
v -1.997642 0.001300 -0.061295
v -1.993488 0.001300 -0.059565
v -1.996359 0.001300 -0.038975
v -1.991334 0.001300 -0.042272
v -2.009654 -0.001300 -0.056320
v -2.011233 -0.001300 -0.052637
v -2.011120 -0.001300 -0.046659
v -1.988641 -0.001300 -0.051875
v -1.988767 -0.001300 -0.047363
v -1.990346 -0.001300 -0.043680
v -1.993680 -0.001300 -0.059654
v -1.997363 -0.001300 -0.061233
v -1.998125 -0.001300 -0.038641
v -2.001875 -0.001300 -0.061359
v -2.006105 -0.001300 -0.059876
v -2.002637 -0.001300 -0.038767
v -2.007616 -0.001300 -0.041174
vn 0.7366 -0.0287 -0.6757
vn 0.6757 -0.0287 0.7366
vn -0.7366 -0.0287 0.6757
vn -0.6757 -0.0287 -0.7366
vn -0.0000 1.0000 -0.0000
vn -0.0000 -0.0000 1.0000
vn -0.0000 -0.0000 -1.0000
vn -0.0000 -1.0000 -0.0000
vn 1.0000 -0.0000 -0.0000
vn -1.0000 -0.0000 -0.0000
vn -0.7564 0.0397 0.6529
vn -0.6529 0.0397 -0.7564
vn 0.7564 0.0397 -0.6529
vn 0.6529 0.0397 0.7564
vn -0.0635 -0.0311 -0.9975
vn 0.0429 0.9989 0.0167
vn -0.0443 -0.9989 0.0166
vn -0.0000 0.9989 0.0466
vn 0.0038 -0.0937 -0.9956
vn -0.0000 0.0002 1.0000
vn -0.0000 0.9989 -0.0471
vn -0.0471 0.9989 -0.0000
vn -0.0000 -0.9989 -0.0471
vn 0.0471 -0.9989 -0.0000
vn -0.0468 -0.9989 -0.0000
vn 0.0445 0.9990 0.0002
vn -0.8328 -0.1636 -0.5289
vn 0.8068 -0.2232 0.5470
vn 0.8371 -0.2203 -0.5008
vn 0.4004 -0.2288 0.8873
vn 0.5195 -0.2471 -0.8180
vn -0.3536 -0.0531 0.9339
vn 0.9311 0.1737 -0.3208
vn 0.7555 0.1709 -0.6325
vn -0.5790 0.3045 -0.7564
vn 0.5790 0.3045 0.7564
vn 0.9622 0.0155 -0.2719
vn 0.6757 0.0287 -0.7366
vn 0.9622 -0.0155 0.2719
vn 0.2719 0.0155 0.9622
vn 0.7366 0.0287 0.6757
vn -0.2719 -0.0155 0.9622
vn -0.9622 0.0155 0.2719
vn -0.6757 0.0287 0.7366
vn -0.9622 -0.0155 -0.2719
vn -0.2719 0.0155 -0.9622
vn -0.7366 0.0287 -0.6757
vn 0.2719 -0.0155 -0.9622
vn -0.3042 0.0071 0.9526
vn -0.9926 0.0094 0.1209
vn -0.6477 -0.0195 0.7616
vn -0.8897 -0.0291 0.4557
vn -0.9526 0.0071 -0.3042
vn -0.1209 0.0094 -0.9926
vn -0.7616 -0.0195 -0.6477
vn -0.4557 -0.0291 -0.8897
vn 0.3042 0.0071 -0.9526
vn 0.9926 0.0094 -0.1209
vn 0.6477 -0.0195 -0.7616
vn 0.8897 -0.0291 -0.4557
vn 0.9526 0.0071 0.3042
vn 0.1209 0.0094 0.9926
vn 0.7616 -0.0195 0.6477
vn 0.4557 -0.0291 0.8897
vn 0.9983 -0.0000 -0.0589
vn 0.0601 0.0027 0.9982
vn -0.9981 0.0048 0.0619
vn 0.0307 -0.9991 0.0303
vn -0.0008 -0.9986 0.0530
vn -0.0307 0.9991 0.0302
vn -0.0601 -0.0027 0.9982
vn 0.0013 0.9982 0.0606
vn 0.0635 0.0311 -0.9975
vn -0.0038 0.0937 -0.9956
vn -0.0000 -0.0002 1.0000
vn -0.0000 0.9989 -0.0470
vn -0.0320 0.9990 -0.0320
vn -0.0429 0.9991 0.0004
vn -0.0000 -0.9989 -0.0470
vn 0.0320 -0.9990 -0.0320
vn -0.0327 -0.9990 -0.0312
vn 0.0428 -0.9991 0.0004
vn 0.0327 0.9990 -0.0312
vn -0.0471 -0.9989 -0.0000
vn -0.9983 -0.0000 -0.0589
vn 0.0471 0.9989 -0.0000
vn -1.0000 0.0002 -0.0000
vn 0.9981 -0.0048 0.0619
vn 1.0000 -0.0002 -0.0000
vn -0.9960 0.0154 0.0882
vn 0.9926 -0.0606 0.1054
vn 0.9960 -0.0154 0.0882
vn 0.7045 0.1957 -0.6821
vn -0.9972 0.0106 0.0737
vn -0.0882 -0.0154 0.9960
vn -0.6988 -0.1598 -0.6972
vn -0.1172 0.0794 -0.9899
vn 0.1076 0.0540 0.9927
vn 0.1076 -0.0540 -0.9927
vn -0.7222 -0.0247 0.6912
vn -0.9239 -0.0000 0.3827
vn -0.9929 -0.0417 -0.1117
vn 0.9946 -0.0168 -0.1027
vn -0.8744 0.1636 -0.4568
vn 0.8001 -0.0428 0.5983
vn 0.9375 0.1785 0.2987
vn -0.0800 0.0007 0.9968
vn 0.9096 0.1431 -0.3900
vn 0.5120 0.2068 0.8337
vn 0.3767 0.1996 -0.9046
vn -0.1173 0.0245 -0.9928
vn -0.3837 0.0641 0.9212
vn -0.5316 0.0336 -0.8463
vn 0.9169 0.0523 0.3956
vn 0.6988 -0.1598 0.6972
vn 0.9947 -0.0317 -0.0974
vn -0.9394 0.0100 0.3426
vn 0.8117 -0.2691 -0.5184
vn -0.9960 -0.0154 -0.0882
vn -0.9169 0.0523 -0.3956
vn -0.6971 -0.0061 0.7170
vn -0.3827 -0.0000 0.9239
vn 0.1172 0.0794 0.9899
vn -0.3201 -0.2533 -0.9129
vn 0.0882 -0.0154 -0.9960
vn 0.3201 -0.2533 0.9129
vn 0.4172 -0.0395 -0.9079
vt 0.839652 1.000000
vt 0.830933 0.500000
vt 0.910348 0.500000
vt 0.589652 1.000000
vt 0.580933 0.500000
vt 0.660348 0.500000
vt 0.339652 1.000000
vt 0.330933 0.500000
vt 0.410348 0.500000
vt 0.089652 1.000000
vt 0.080933 0.500000
vt 0.160348 0.500000
vt 0.743750 0.706250
vt 0.625000 0.750000
vt 0.668750 0.668750
vt 0.875000 0.750000
vt 0.375000 1.000000
vt 0.375000 0.750000
vt 0.625000 0.250000
vt 0.375000 0.500000
vt 0.375000 0.250000
vt 0.279687 0.543750
vt 0.331250 0.618750
vt 0.275000 0.606513
vt 0.274633 0.645019
vt 0.275000 0.631549
vt 0.290625 0.706250
vt 0.125000 0.500000
vt 0.164062 0.592969
vt 0.225367 0.604981
vt 0.225000 0.618451
vt 0.125000 0.750000
vt 0.875000 0.500000
vt 0.704687 0.543750
vt 0.625000 0.500000
vt 0.625000 -0.000000
vt 0.375000 -0.000000
vt 0.816403 0.500000
vt 0.856567 1.000000
vt 0.910153 0.500000
vt 0.566403 0.500000
vt 0.606567 1.000000
vt 0.660153 0.500000
vt 0.316403 0.500000
vt 0.356567 1.000000
vt 0.410153 0.500000
vt 0.066403 0.500000
vt 0.106567 1.000000
vt 0.160153 0.500000
vt 0.625000 0.999869
vt 0.375000 0.976716
vt 0.374869 0.750000
vt 0.375000 0.726715
vt 0.348909 0.725073
vt 0.874869 0.750000
vt 0.875000 0.726715
vt 0.850037 0.723913
vt 0.148285 0.750000
vt 0.151853 0.723575
vt 0.625000 0.773285
vt 0.375000 0.750131
vt 0.375000 0.475814
vt 0.625000 0.274186
vt 0.375000 0.275000
vt 0.275000 0.607379
vt 0.275000 0.619792
vt 0.256250 0.687500
vt 0.267621 0.650000
vt 0.242660 0.650000
vt 0.228705 0.648641
vt 0.150000 0.525000
vt 0.350814 0.500000
vt 0.150000 0.500000
vt 0.125000 0.726420
vt 0.125000 0.525000
vt 0.850000 0.525000
vt 0.775000 0.625000
vt 0.775000 0.632340
vt 0.775000 0.643451
vt 0.769031 0.650000
vt 0.651853 0.723579
vt 0.756553 0.650000
vt 0.650000 0.525000
vt 0.730969 0.600000
vt 0.743447 0.600000
vt 0.726260 0.646904
vt 0.850814 0.500000
vt 0.650000 0.500000
vt 0.625000 0.726420
vt 0.625000 0.525000
vt 0.350000 0.525000
vt 0.753903 0.500000
vt 0.794067 1.000000
vt 0.746097 1.000000
vt 0.737183 0.500000
vt 0.503903 0.500000
vt 0.544067 1.000000
vt 0.496097 1.000000
vt 0.487183 0.500000
vt 0.253903 0.500000
vt 0.294067 1.000000
vt 0.246097 1.000000
vt 0.237183 0.500000
vt 0.011857 0.500000
vt 0.044067 1.000000
vt 0.012817 1.000000
vt 0.000000 0.500000
vt 0.725000 0.635157
vt 0.726834 0.648581
vt 0.775000 0.614843
vt 0.775000 0.610117
vt 0.770748 0.601023
vt 0.773582 0.648166
vt 0.775000 0.634303
vt 0.760141 0.600000
vt 0.756549 0.600000
vt 0.760157 0.650000
vt 0.744094 0.600000
vt 0.731510 0.600000
vt 0.225000 0.630906
vt 0.225000 0.634289
vt 0.225000 0.640673
vt 0.229981 0.649633
vt 0.261564 0.650000
vt 0.238436 0.600000
vt 0.232379 0.600000
vt 0.919067 1.000000
vt 0.669067 1.000000
vt 0.419067 1.000000
vt 0.169067 1.000000
vt 0.625000 1.000000
vt 0.275000 0.625000
vt 0.275000 0.619094
vt 0.267660 0.600000
vt 0.256549 0.600000
vt 0.250000 0.600000
vt 0.250000 0.650000
vt 0.987183 0.500000
vt 0.988143 1.000000
vt 0.243451 0.650000
vt 0.225000 0.625000
vt 0.831250 0.631250
vt 0.750000 0.600000
vt 0.750000 0.650000
vt 0.740697 0.650000
vt 0.725000 0.607340
vt 0.725000 0.618451
vt 0.725000 0.625000
vt 0.981567 1.000000
vt 0.987183 0.500000
vt 0.731567 1.000000
vt 0.481567 1.000000
vt 0.231567 1.000000
vt 0.000000 1.000000
vt 0.625000 0.225000
vt 0.375000 0.225000
vt 0.375000 0.250000
vt 0.625000 0.475000
vt 0.625000 0.750000
vt 0.648285 0.750000
vt 0.275000 0.632340
vt 0.275000 0.643451
vt 0.257340 0.600000
vt 0.268451 0.600000
vt 0.255208 0.650000
vt 0.244792 0.600000
vt 0.225000 0.617660
vt 0.225000 0.606549
vt 0.775000 0.619792
vt 0.773145 0.600861
vt 0.739831 0.650000
vt 0.725000 0.617660
vt 0.725000 0.606549
vt 0.725000 0.632910
vt 0.875000 0.525000
vt 0.375000 0.525000
vt 0.625000 0.000000
vt 0.375000 0.000000
vt 0.375000 0.023580
vt 0.625000 0.023285
s 0
usemtl Brass
f 441/480/622 440/481/622 438/482/622
f 447/483/623 446/484/623 444/485/623
f 453/486/624 452/487/624 450/488/624
f 459/489/625 458/490/625 456/491/625
f 518/517/632 519/518/632 516/519/632
f 525/520/633 526/521/633 523/522/633
f 532/523/634 533/524/634 530/525/634
f 539/526/635 540/527/635 537/528/635
f 442/571/629 518/517/629 440/481/629
f 441/480/626 520/572/626 443/573/626
f 442/571/629 521/574/629 518/517/629
f 448/575/629 525/520/629 446/484/629
f 447/483/626 527/576/626 449/577/626
f 448/575/629 528/578/629 525/520/629
f 454/579/629 532/523/629 452/487/629
f 453/486/626 534/580/626 455/581/626
f 454/579/629 535/582/629 532/523/629
f 460/583/629 539/526/629 458/490/629
f 459/489/626 541/584/626 437/585/626
f 460/583/629 514/586/629 539/526/629
f 442/571/658 440/481/658 441/480/658 443/573/658
f 439/606/659 441/480/659 438/482/659
f 444/485/660 442/571/660 443/573/660 445/607/660
f 448/575/661 446/484/661 447/483/661 449/577/661
f 445/607/662 447/483/662 444/485/662
f 450/488/663 448/575/663 449/577/663 451/608/663
f 454/579/664 452/487/664 453/486/664 455/581/664
f 451/608/665 453/486/665 450/488/665
f 456/491/666 454/579/666 455/581/666 457/609/666
f 460/583/667 458/490/667 459/489/667 437/585/667
f 457/609/668 459/489/668 456/491/668
f 438/482/669 460/617/669 437/618/669 439/606/669
f 515/628/670 514/629/670 516/519/670 517/606/670
f 520/572/671 518/517/671 521/574/671 522/630/671
f 516/519/672 519/518/672 517/606/672
f 518/517/673 520/572/673 519/518/673
f 522/630/674 521/574/674 523/522/674 524/607/674
f 527/576/675 525/520/675 528/578/675 529/631/675
f 523/522/676 526/521/676 524/607/676
f 525/520/677 527/576/677 526/521/677
f 529/631/678 528/578/678 530/525/678 531/608/678
f 534/580/679 532/523/679 535/582/679 536/632/679
f 530/525/680 533/524/680 531/608/680
f 532/523/681 534/580/681 533/524/681
f 536/632/682 535/582/682 537/528/682 538/609/682
f 541/584/683 539/526/683 514/586/683 515/633/683
f 537/528/684 540/527/684 538/609/684
f 539/526/685 541/584/685 540/527/685
f 514/629/629 460/617/629 438/482/629 516/519/629
f 517/606/626 439/606/626 437/618/626 515/628/626
f 519/518/626 441/480/626 439/606/626 517/606/626
f 516/519/629 438/482/629 440/481/629 518/517/629
f 521/574/629 442/571/629 444/485/629 523/522/629
f 441/480/626 519/518/626 520/572/626
f 443/573/626 520/572/626 522/630/626
f 524/607/626 445/607/626 443/573/626 522/630/626
f 526/521/626 447/483/626 445/607/626 524/607/626
f 523/522/629 444/485/629 446/484/629 525/520/629
f 528/578/629 448/575/629 450/488/629 530/525/629
f 447/483/626 526/521/626 527/576/626
f 449/577/626 527/576/626 529/631/626
f 531/608/626 451/608/626 449/577/626 529/631/626
f 533/524/626 453/486/626 451/608/626 531/608/626
f 530/525/629 450/488/629 452/487/629 532/523/629
f 535/582/629 454/579/629 456/491/629 537/528/629
f 453/486/626 533/524/626 534/580/626
f 455/581/626 534/580/626 536/632/626
f 538/609/626 457/609/626 455/581/626 536/632/626
f 540/527/626 459/489/626 457/609/626 538/609/626
f 537/528/629 456/491/629 458/490/629 539/526/629
f 459/489/626 540/527/626 541/584/626
f 437/585/626 541/584/626 515/633/626
usemtl ThickCloth
f 477/492/626 468/493/626 469/494/626
f 465/495/626 468/493/626 477/492/626
f 468/493/627 463/496/627 464/497/627
f 466/498/628 467/499/628 461/500/628
f 486/501/629 487/502/629 484/503/629
f 487/502/629 506/504/629 505/505/629
f 487/502/629 488/506/629 506/504/629
f 467/499/629 486/501/629 461/507/629
f 479/508/629 511/509/629 501/510/629
f 479/508/629 463/511/629 461/507/629
f 466/512/626 471/513/626 462/514/626
f 469/494/626 468/493/626 462/514/626
f 467/499/629 487/502/629 486/501/629
f 464/497/629 488/506/629 487/502/629
f 462/514/630 464/497/630 467/499/630
f 465/515/631 461/500/631 463/516/631
f 542/496/636 555/529/636 552/530/636
f 553/531/637 560/532/637 585/533/637
f 555/534/638 558/535/638 574/536/638
f 552/537/639 585/533/639 576/538/639
f 552/530/640 554/539/640 553/540/640
f 548/541/641 550/542/641 549/543/641
f 581/544/626 603/545/626 585/533/626
f 584/546/626 585/533/626 583/547/626
f 584/546/626 611/548/626 612/549/626
f 575/550/642 548/551/642 549/552/642
f 557/553/643 575/550/643 556/554/643
f 574/536/629 573/555/629 570/556/629 592/557/629 593/558/629 571/559/629
f 572/560/629 574/536/629 571/559/629
f 572/560/629 571/559/629 595/561/629
f 564/562/629 597/563/629 596/564/629
f 564/562/629 572/560/629 599/565/629
f 564/562/644 550/566/644 551/567/644
f 563/568/645 564/562/645 562/569/645
f 574/536/646 558/535/646 573/555/646
f 585/533/647 560/532/647 586/570/647
f 491/587/648 599/565/648 500/588/648
f 492/589/649 590/590/649 475/591/649
f 494/592/650 593/558/650 493/593/650
f 475/591/651 594/594/651 495/595/651
f 496/596/652 571/559/652 494/592/652
f 497/597/653 596/564/653 498/598/653
f 502/599/654 602/600/654 503/601/654
f 503/601/655 612/549/655 513/602/655
f 509/603/656 583/547/656 506/504/656
f 510/604/657 610/605/657 511/509/657
f 488/506/629 464/497/629 463/511/629
f 468/493/627 465/610/627 463/496/627
f 466/498/628 462/514/628 467/499/628
f 487/502/629 485/611/629 504/612/629
f 487/502/629 504/612/629 484/503/629
f 505/505/629 485/611/629 487/502/629
f 507/613/629 508/614/629 481/615/629 486/501/629 484/503/629
f 488/506/629 483/616/629 509/603/629
f 506/504/629 488/506/629 509/603/629
f 511/509/629 486/501/629 510/604/629
f 486/501/629 481/615/629 510/604/629
f 483/616/629 488/506/629 512/619/629
f 488/506/629 513/602/629 512/619/629
f 461/507/629 486/501/629 479/508/629
f 486/501/629 511/509/629 479/508/629
f 501/510/629 480/620/629 479/508/629
f 502/599/629 503/601/629 513/602/629 479/508/629 480/620/629
f 488/506/629 463/511/629 479/508/629 513/602/629
f 478/621/626 475/591/626 471/513/626 466/512/626
f 477/492/626 494/592/626 478/621/626 465/495/626
f 478/621/626 476/556/626 492/589/626
f 492/589/626 475/591/626 478/621/626
f 493/593/626 476/556/626 478/621/626
f 478/621/626 494/592/626 493/593/626
f 472/622/626 471/513/626 495/595/626
f 471/513/626 475/591/626 495/595/626
f 477/492/626 474/623/626 496/596/626
f 494/592/626 477/492/626 496/596/626
f 471/513/626 472/622/626 497/597/626
f 497/597/626 498/598/626 471/513/626
f 474/623/626 477/492/626 499/624/626
f 477/492/626 500/588/626 499/624/626
f 471/513/626 498/598/626 469/494/626
f 489/625/626 490/626/626 470/627/626 469/494/626 498/598/626
f 469/494/626 470/627/626 491/587/626
f 491/587/626 500/588/626 469/494/626
f 469/494/626 500/588/626 477/492/626
f 471/513/626 469/494/626 462/514/626
f 466/512/626 465/495/626 478/621/626
f 467/499/629 464/497/629 487/502/629
f 462/514/630 468/493/630 464/497/630
f 465/515/631 466/498/631 461/500/631
f 559/634/686 556/635/686 543/636/686 544/498/686
f 551/637/687 548/541/687 546/499/687 547/514/687
f 563/568/688 560/532/688 553/531/688 545/638/688
f 554/639/689 572/560/689 563/568/689 545/638/689
f 574/536/690 572/560/690 554/639/690 555/534/690
f 552/537/691 576/538/691 557/553/691 542/511/691
f 544/498/692 543/636/692 549/543/692 550/542/692
f 552/537/693 553/531/693 585/533/693
f 553/540/694 554/539/694 545/638/694
f 552/530/695 555/529/695 554/539/695
f 548/541/696 551/637/696 550/542/696
f 586/570/626 581/544/626 585/533/626
f 582/611/626 585/533/626 603/545/626
f 585/533/626 582/611/626 604/640/626 605/641/626 583/547/626
f 607/642/626 606/643/626 581/544/626 586/570/626 575/550/626 578/615/626
f 608/644/626 580/616/626 584/546/626
f 583/547/626 608/644/626 584/546/626
f 609/645/626 578/615/626 575/550/626
f 610/605/626 609/645/626 575/550/626
f 584/546/626 580/616/626 611/548/626
f 576/538/626 585/533/626 584/546/626
f 575/550/697 586/570/697 548/551/697
f 601/646/626 600/647/626 610/605/626 575/550/626 577/620/626
f 584/546/626 612/549/626 575/550/626 576/538/626
f 577/620/626 575/550/626 602/600/626
f 575/550/626 612/549/626 602/600/626
f 549/552/698 543/507/698 556/554/698 575/550/698
f 557/553/699 576/538/699 575/550/699
f 590/590/629 591/648/629 570/556/629 573/555/629 569/649/629
f 564/562/629 566/622/629 594/594/629 569/649/629 573/555/629
f 595/561/629 568/623/629 572/560/629
f 596/564/629 566/622/629 564/562/629
f 572/560/629 568/623/629 598/650/629
f 598/650/629 599/565/629 572/560/629
f 564/562/700 573/555/700 550/566/700
f 588/651/629 587/652/629 597/563/629 564/562/629 565/627/629
f 551/567/701 547/514/701 562/569/701 564/562/701
f 565/627/629 564/562/629 589/653/629
f 564/562/629 599/565/629 589/653/629
f 559/654/702 544/512/702 550/566/702 573/555/702
f 563/568/703 572/560/703 564/562/703
f 561/655/704 546/499/704 548/551/704 586/570/704
f 573/555/705 558/535/705 559/654/705
f 547/514/706 546/499/706 561/655/706 562/569/706
f 586/570/707 560/532/707 561/655/707
f 562/569/708 561/655/708 560/532/708 563/568/708
f 555/656/709 542/657/709 557/658/709 558/659/709
f 558/659/710 557/658/710 556/635/710 559/634/710
f 565/627/711 470/627/711 490/626/711 588/651/711
f 591/648/712 492/589/712 476/556/712 570/556/712
f 577/620/713 480/620/713 501/510/713 601/646/713
f 494/592/714 571/559/714 593/558/714
f 603/545/715 504/612/715 485/611/715 582/611/715
f 578/615/716 481/615/716 508/614/716 607/642/716
f 506/504/717 583/547/717 605/641/717
f 608/644/718 509/603/718 483/616/718 580/616/718
f 566/622/719 472/622/719 495/595/719 594/594/719
f 595/561/720 496/596/720 474/623/720 568/623/720
f 587/652/721 489/625/721 498/598/721 597/563/721
f 588/651/722 490/626/722 489/625/722 587/652/722
f 589/653/723 491/587/723 470/627/723 565/627/723
f 570/556/724 476/556/724 493/593/724 592/557/724
f 491/587/725 589/653/725 599/565/725
f 475/591/726 590/590/726 569/649/726
f 492/589/727 591/648/727 590/590/727
f 596/564/728 497/597/728 472/622/728 566/622/728
f 493/593/729 593/558/729 592/557/729
f 475/591/730 569/649/730 594/594/730
f 496/596/731 595/561/731 571/559/731
f 568/623/732 474/623/732 499/624/732 598/650/732
f 498/598/733 596/564/733 597/563/733
f 598/650/734 499/624/734 500/588/734 599/565/734
f 601/646/735 501/510/735 511/509/735 600/647/735
f 511/509/736 610/605/736 600/647/736
f 602/600/737 502/599/737 480/620/737 577/620/737
f 581/544/738 484/503/738 504/612/738 603/545/738
f 503/601/739 602/600/739 612/549/739
f 582/611/740 485/611/740 505/505/740 604/640/740
f 604/640/741 505/505/741 506/504/741 605/641/741
f 606/643/742 507/613/742 484/503/742 581/544/742
f 607/642/743 508/614/743 507/613/743 606/643/743
f 609/645/744 510/604/744 481/615/744 578/615/744
f 509/603/745 608/644/745 583/547/745
f 580/616/746 483/616/746 512/619/746 611/548/746
f 510/604/747 609/645/747 610/605/747
f 611/548/748 512/619/748 513/602/748 612/549/748
l 472 473
l 473 474
l 481 482
l 482 483
l 485 482
l 482 480
l 476 473
l 473 470
l 566 567
l 567 568
l 578 579
l 579 580
l 582 579
l 579 577
l 570 567
l 567 565
o Rope02
v -2.006709 -0.191912 0.314818
v -2.000693 -0.197842 0.316214
v -1.991724 -0.193379 0.315176
v -1.992334 -0.186674 0.313683
v -1.997161 -0.183183 0.312962
v -2.004028 -0.184685 0.313231
v -2.007293 0.161792 0.389559
v -2.006196 0.101775 0.472067
v -2.006378 0.015977 0.508337
v -2.006975 -0.041656 -0.038129
v -2.005970 0.125413 0.451556
v -2.005961 0.029506 0.506696
v -2.006695 -0.017010 0.506782
v -2.006999 -0.177636 0.357609
v -2.006485 -0.145390 0.424652
v -2.006611 0.059264 0.496124
v -2.005672 0.185832 0.347225
v -2.006557 0.195395 0.304454
v -2.006380 0.203149 0.240424
v -2.007106 0.195656 0.166946
v -2.006722 0.166802 0.070887
v -2.006656 0.103120 -0.009555
v -2.005011 0.078253 -0.029369
v -2.006043 0.031491 -0.046349
v -2.007126 0.009545 -0.045016
v -2.006854 -0.162305 0.073633
v -2.006606 -0.202272 0.221985
v -2.005277 -0.199051 0.298615
v -2.006876 -0.192971 0.307933
v -2.006453 -0.176374 0.368699
v -2.006182 -0.097188 0.476071
v -2.006629 -0.047455 0.500482
v -2.006313 0.139666 0.433249
v -2.006210 -0.097038 0.475506
v -2.005119 -0.053822 0.500075
v -2.004683 0.189261 0.120355
v -2.004193 -0.028311 -0.048476
v -2.006354 -0.134313 0.020080
v -2.005013 -0.172272 0.076857
v -2.006101 -0.191691 0.132250
v -2.004565 0.072709 0.493133
v -2.004019 -0.182401 0.361759
v -2.002881 -0.126884 0.452935
v -2.004115 0.098239 0.477793
v -2.004294 0.156645 0.412634
v -2.003489 0.204666 0.268335
v -2.004003 0.134644 0.016601
v -2.002031 -0.056737 -0.042256
v -2.003173 -0.206854 0.216924
v -2.005650 -0.135145 0.440398
v -2.002648 -0.028883 0.509513
v -2.002228 0.169240 0.393580
v -2.001127 -0.080539 0.490964
v -2.002256 0.202385 0.167106
v -2.000621 -0.001475 -0.052874
v -2.002482 -0.106003 -0.012283
v -2.002382 0.128010 0.452005
v -2.001947 -0.152152 0.422329
v -2.000606 0.200664 0.303168
v -2.001266 -0.083697 -0.029296
v -1.999092 -0.206233 0.268820
v -1.999092 -0.148005 0.429329
v -1.998690 -0.105476 0.473927
v -1.999092 -0.055292 0.502784
v -2.000734 0.179028 0.373264
v -1.999092 0.192148 0.338480
v -1.999346 0.170939 0.068041
v -1.997954 0.091358 -0.024688
v -1.999092 -0.201427 0.158101
v -2.000457 -0.080835 0.490591
v -1.999092 0.029186 0.510116
v -1.997620 0.148290 0.428643
v -1.995956 -0.191039 0.340435
v -1.995957 -0.178881 0.373341
v -1.999936 -0.000544 0.513013
v -1.999092 0.057227 0.501977
v -1.995957 0.147782 0.428453
v -1.999134 0.056806 -0.042357
v -2.000203 -0.195921 0.326212
v -2.002671 -0.164847 0.400956
v -1.997191 -0.115110 0.465509
v -1.997549 0.082088 0.489804
v -1.995630 0.114277 0.465646
v -1.996402 0.120599 0.460328
v -1.999419 0.208145 0.240403
v -1.996065 -0.207237 0.231020
v -1.993990 -0.163899 0.400802
v -1.994903 -0.133151 0.445969
v -2.000688 -0.027150 0.510467
v -1.996221 0.205514 0.192166
v -1.996981 0.194638 0.130031
v -1.995868 0.126127 0.005723
v -1.996233 0.028445 -0.049545
v -1.994392 -0.102668 -0.014505
v -1.995371 -0.126702 0.006196
v -1.999995 -0.154022 0.039767
v -1.998699 -0.184210 0.097639
v -1.995446 -0.205194 0.190669
v -1.994695 -0.190636 0.338613
v -1.999092 -0.178431 0.376083
v -1.999092 -0.054526 0.502931
v -1.999092 0.057001 0.502003
v -1.995539 0.163984 0.402710
v -1.992067 0.175045 0.373742
v -1.992877 0.205064 0.229466
v -1.993500 0.189261 0.120355
v -1.995494 0.151780 0.037242
v -1.994886 -0.164035 0.401427
v -1.995285 -0.009311 0.511906
v -1.990944 0.165457 0.391480
v -1.991456 -0.052798 0.498430
v -1.994304 0.028035 0.508867
v -1.994666 0.073292 0.494220
v -1.991472 0.102771 -0.009730
v -1.994498 -0.020295 -0.050899
v -1.994212 -0.080355 0.488873
v -1.991567 -0.047482 0.500493
v -1.991698 -0.085441 0.482869
v -1.992577 -0.016005 0.508661
v -1.991661 0.091003 0.478592
v -1.993689 0.195601 0.319365
v -1.990890 0.067607 -0.030239
v -1.991371 0.026106 -0.044992
v -1.992292 -0.045203 -0.042373
v -1.994011 -0.155718 0.045636
v -1.991600 -0.176915 0.092720
v -1.992444 -0.194753 0.145198
v -1.992436 -0.198551 0.296696
v -1.991437 0.022195 0.506471
v -1.992016 0.067901 0.493288
v -1.991635 0.198309 0.172508
v -1.991601 -0.078736 -0.026643
v -1.991506 -0.151844 0.416452
v -1.991343 0.129345 0.442973
v -1.991107 0.149782 0.048377
v -1.991110 -0.149172 0.046809
v -1.991541 -0.174868 0.370389
v -1.992222 -0.138571 0.434813
v -1.991383 0.131346 0.441279
v -1.991235 0.035493 0.498233
v -1.991692 0.199553 0.285452
v -1.991352 0.174737 0.090534
v -1.992422 -0.023214 -0.038087
v -1.991437 -0.099055 0.472162
v -1.992455 -0.148096 0.407689
v -1.992590 -0.102408 0.460705
v -1.993205 0.077042 0.477192
v -1.992517 0.162585 0.381487
v -1.991655 0.193951 0.287738
v -1.992197 0.193235 0.178620
v -1.992123 -0.153283 0.398843
v -1.992596 -0.066287 0.485024
v -1.992234 -0.026704 0.498713
v -1.995463 -0.165211 0.367220
v -1.994303 -0.067018 0.481773
v -1.992489 -0.011910 0.501115
v -1.993076 0.127361 0.435020
v -1.994018 0.182672 0.321678
v -1.994540 0.191273 0.267512
v -1.994505 0.193567 0.217706
v -1.993692 0.179106 0.126410
v -1.993535 0.163178 0.082669
v -1.992924 0.111474 0.007694
v -1.994299 0.027607 -0.035587
v -1.994292 0.002220 -0.038217
v -1.994411 -0.050157 -0.029049
v -1.993422 -0.077111 -0.016702
v -1.991609 -0.186012 0.135308
v -1.993083 -0.194988 0.229684
v -1.991385 -0.201671 0.227078
v -1.994953 -0.185137 0.304577
v -1.992714 -0.177097 0.345461
v -1.993996 -0.098169 0.461491
v -1.992764 0.014709 0.499851
v -1.992668 0.064342 0.486163
v -1.993894 0.097046 0.462689
v -1.992691 0.124608 0.438507
v -1.997423 -0.117004 0.440848
v -1.994700 0.096149 0.462743
v -1.994785 0.066274 -0.022462
v -1.992522 -0.106938 0.002775
v -1.993746 -0.157634 0.072393
v -1.992781 -0.190829 0.170594
v -1.995876 0.156212 0.386753
v -1.995814 0.136594 0.041333
v -1.995870 -0.135420 0.039725
v -1.996064 -0.176743 0.123667
v -1.997496 -0.190374 0.264732
v -1.993685 -0.130320 0.429756
v -1.997552 0.000076 0.497215
v -1.998933 0.040217 0.491167
v -1.998303 0.096703 -0.000377
v -1.997099 -0.190249 0.190878
v -1.999092 -0.164764 0.366410
v -1.999092 -0.025978 0.494303
v -1.997683 0.012513 0.496685
v -1.999711 0.140605 0.411809
v -1.998526 -0.141528 0.410492
v -1.999092 -0.096104 0.461149
v -1.999880 0.115841 0.442706
v -1.999879 0.142269 0.409885
v -2.000243 0.165802 0.363879
v -1.999563 0.180622 0.322235
v -1.999092 0.165754 0.095275
v -2.000690 0.116905 0.018605
v -1.999866 -0.191946 0.229134
v -1.999092 -0.176977 0.333661
v -1.999898 -0.073017 0.476367
v -1.999092 -0.051283 0.487230
v -1.999450 0.048515 0.488215
v -1.999879 0.073428 0.476634
v -2.001282 0.146569 0.056633
v -2.000498 0.074772 -0.016020
v -2.000760 -0.024759 -0.034933
v -1.998899 -0.103422 0.004824
v -1.998284 -0.151066 0.395012
v -1.998401 -0.039955 0.491744
v -2.001340 0.084343 0.471004
v -2.001839 0.192681 0.219516
v -2.003646 0.052001 -0.028218
v -2.002135 0.017845 -0.037040
v -2.000185 -0.152118 0.067178
v -2.000130 0.109882 0.449208
v -2.005032 0.193524 0.258688
v -1.998023 0.183588 0.150215
v -2.004295 -0.051208 -0.029340
v -2.004880 -0.125196 0.023931
v -2.001272 -0.170676 0.106210
v -2.000856 -0.187152 0.166917
v -2.000391 -0.108563 0.450930
v -2.003896 -0.166701 0.367066
v -2.005270 0.000177 0.499830
v -2.003095 -0.082272 -0.013110
v -2.005109 -0.153357 0.396042
v -2.005656 0.009527 0.500443
v -2.004636 0.034296 0.495734
v -2.005406 -0.088812 0.470933
v -2.004374 -0.041917 0.493310
v -2.005177 0.039026 0.494513
v -2.005106 0.183289 0.323253
v -2.004043 0.185182 0.149617
v -2.003538 -0.131710 0.426161
v -2.005605 -0.130121 0.432594
v -2.005962 0.086208 0.474313
v -2.005574 0.128353 0.434717
v -2.005468 0.164473 0.083083
v -2.005321 0.088458 -0.011620
v -2.005938 -0.191652 0.169476
v -2.005865 -0.196132 0.229749
v -2.004384 -0.189782 0.287031
v -2.005469 -0.177097 0.345461
v -2.005707 -0.038268 0.496412
v -2.005963 0.087295 0.473660
v -2.005958 0.126053 0.438129
v -2.006356 -0.155687 0.396118
v -2.007028 0.159525 0.394166
v -2.006222 0.132342 0.028116
v -2.005859 -0.174099 0.104261
v -2.006290 -0.091225 0.471636
v -2.007116 -0.093913 -0.013623
vn -0.9997 -0.0220 0.0113
vn -0.9980 -0.0428 -0.0468
vn -0.9981 -0.0225 -0.0581
vn -0.9788 0.1993 -0.0476
vn -0.9896 0.1429 -0.0186
vn -0.9965 0.0840 0.0043
vn -0.9942 -0.0994 -0.0408
vn -0.9995 -0.0154 -0.0262
vn -0.9863 0.0153 -0.1644
vn -0.9962 0.0657 -0.0571
vn -0.9842 0.1230 -0.1274
vn -0.9968 0.0736 -0.0310
vn -0.9940 0.0205 -0.1077
vn -0.9936 0.0565 -0.0974
vn -0.5539 0.6708 -0.4933
vn -0.9159 -0.2004 0.3478
vn -0.9905 -0.1030 0.0914
vn -0.9846 -0.1596 0.0708
vn -0.8605 -0.4889 0.1434
vn -0.9973 -0.0243 0.0695
vn -0.4450 0.3936 -0.8044
vn -0.9230 0.3656 -0.1199
vn -0.8009 0.2527 0.5429
vn -0.7211 -0.2030 0.6625
vn -0.7649 -0.5136 0.3887
vn -0.4194 -0.7812 0.4624
vn -0.3950 -0.9186 -0.0124
vn -0.1723 0.7305 -0.6608
vn -0.5839 0.7824 0.2164
vn -0.5631 0.6728 0.4800
vn 0.0475 0.6515 0.7572
vn -0.5120 0.0259 0.8586
vn -0.5337 -0.6796 -0.5033
vn -0.6332 -0.3135 -0.7077
vn -0.4751 -0.7124 -0.5165
vn -0.5650 -0.2151 -0.7965
vn -0.3180 0.4333 -0.8433
vn -0.3910 0.8979 -0.2022
vn -0.0468 0.9981 -0.0410
vn -0.6498 0.6933 0.3115
vn -0.2966 -0.6723 0.6782
vn -0.4578 -0.8352 -0.3047
vn -0.6394 -0.5989 -0.4822
vn -0.3257 0.6452 -0.6911
vn -0.6582 0.6838 -0.3150
vn -0.4470 0.0715 -0.8916
vn -0.2693 0.9569 -0.1086
vn -0.3163 0.1350 -0.9390
vn -0.3547 0.4090 -0.8408
vn -0.3721 0.6679 0.6446
vn -0.0514 0.2132 0.9757
vn -0.0463 -0.9797 -0.1949
vn -0.4449 -0.1484 -0.8832
vn -0.4306 0.5682 -0.7013
vn 0.4459 -0.5362 -0.7167
vn 0.3775 0.5354 -0.7555
vn -0.0559 -0.1029 0.9931
vn 0.2316 -0.4840 0.8439
vn 0.1087 -0.9930 -0.0457
vn 0.3200 -0.3793 -0.8682
vn 0.3023 0.9186 0.2546
vn 0.3487 0.0304 0.9367
vn 0.0470 -0.5832 0.8110
vn 0.4703 -0.8008 0.3709
vn 0.2369 -0.6466 -0.7252
vn 0.5653 -0.3397 -0.7517
vn 0.5616 0.3532 -0.7483
vn 0.5141 0.7678 -0.3823
vn 0.3840 0.9018 -0.1984
vn 0.4035 0.9123 0.0696
vn 0.2603 0.8062 0.5313
vn 0.2992 -0.7520 0.5873
vn 0.3247 -0.8883 0.3246
vn 0.5209 -0.6649 -0.5354
vn 0.2904 -0.6439 -0.7079
vn 0.5473 0.6052 -0.5781
vn 0.6105 0.7122 -0.3466
vn 0.5408 0.2705 -0.7965
vn 0.3938 0.5346 -0.7477
vn 0.4982 0.4846 0.7190
vn 0.7807 -0.6228 0.0514
vn 0.9730 0.2103 0.0949
vn 0.6744 0.6814 0.2844
vn 0.7504 0.4889 0.4448
vn 0.8706 -0.4343 0.2313
vn 0.9004 -0.3445 -0.2658
vn 0.8738 -0.2943 0.3872
vn 0.3638 0.7061 -0.6076
vn 0.9830 -0.1436 -0.1148
vn 0.5719 -0.4641 -0.6764
vn 0.9879 -0.0431 -0.1493
vn 0.9761 0.0184 -0.2165
vn 0.9531 0.2171 -0.2106
vn 0.0428 0.8031 -0.5944
vn 0.9966 -0.0718 -0.0405
vn 0.4988 0.8520 -0.1588
vn 0.9710 0.2383 0.0217
vn 0.9786 0.1324 0.1576
vn 0.8183 0.1276 0.5605
vn 0.9529 -0.0310 0.3016
vn 0.9420 -0.1221 0.3127
vn 0.9383 -0.2717 0.2139
vn 0.9354 -0.3020 0.1842
vn 0.9650 -0.2454 0.0928
vn 0.8399 -0.5295 0.1193
vn 0.7270 -0.6862 -0.0258
vn 0.7794 -0.6258 -0.0283
vn 0.9732 -0.1491 -0.1749
vn 0.9791 0.0379 -0.1997
vn 0.9567 0.1194 -0.2655
vn 0.9816 0.1305 -0.1394
vn 0.6609 0.7091 -0.2457
vn 0.9838 -0.1518 -0.0953
vn 0.9963 -0.0119 -0.0851
vn 0.6862 0.7173 0.1207
vn 0.9957 -0.0719 -0.0579
vn 0.9901 -0.0997 -0.0984
vn 0.9645 -0.0815 -0.2513
vn -0.9256 0.0015 -0.3786
vn 0.9682 0.1782 -0.1754
vn 0.9938 0.0854 -0.0711
vn 0.9959 0.0826 -0.0360
vn 0.9986 0.0505 -0.0179
vn 0.9919 -0.1246 -0.0264
vn 0.9967 -0.0099 0.0810
vn 0.9418 0.3238 -0.0899
vn 0.9429 0.3199 0.0928
vn 0.9276 0.1217 0.3531
vn 0.9531 0.0360 0.3004
vn 0.8938 0.2790 0.3512
vn 0.8873 -0.4421 0.1313
vn 0.8773 -0.4772 -0.0517
vn 0.8942 -0.3453 -0.2849
vn 0.8578 0.4444 -0.2581
vn 0.5866 0.6117 0.5307
vn 0.7577 -0.6522 -0.0214
vn 0.6085 0.7804 -0.1440
vn 0.7594 0.6478 -0.0603
vn 0.3805 -0.7608 0.5256
vn 0.7465 -0.4649 0.4761
vn 0.4536 -0.6711 0.5864
vn 0.5564 -0.6815 0.4754
vn 0.5876 -0.7465 0.3121
vn 0.6140 -0.7862 0.0700
vn 0.6057 -0.7563 -0.2473
vn 0.6021 0.3471 -0.7190
vn 0.7291 0.3538 -0.5859
vn 0.5641 0.7576 -0.3284
vn 0.3040 0.9440 0.1279
vn 0.6622 -0.4858 0.5705
vn 0.5480 -0.3176 0.7738
vn 0.3430 -0.9233 0.1725
vn 0.5279 -0.7640 -0.3710
vn 0.3219 -0.2810 -0.9041
vn 0.4161 0.0400 -0.9084
vn 0.5524 0.5298 -0.6436
vn 0.5110 0.8090 0.2906
vn 0.4708 0.2751 0.8383
vn 0.4091 -0.4871 0.7716
vn 0.3580 0.8215 0.4438
vn 0.2471 -0.2086 0.9463
vn 0.2601 -0.5540 0.7909
vn 0.3409 -0.7516 -0.5647
vn 0.1782 0.9583 0.2235
vn 0.3710 0.8518 0.3698
vn 0.0615 -0.8722 0.4852
vn 0.2113 0.9623 -0.1710
vn -0.0511 -0.7709 0.6349
vn -0.0001 -0.8778 0.4790
vn 0.0451 -0.9977 -0.0498
vn 0.0322 -0.6073 -0.7939
vn -0.1262 -0.1441 -0.9815
vn -0.2415 0.2151 -0.9462
vn -0.0420 0.9922 0.1175
vn 0.1361 0.5803 0.8030
vn -0.1592 0.1724 0.9721
vn -0.1688 0.4394 0.8823
vn -0.3075 -0.0006 0.9515
vn -0.4621 -0.6108 0.6430
vn -0.2757 -0.7040 0.6545
vn -0.3058 -0.9381 0.1626
vn -0.3063 0.7907 -0.5302
vn -0.3367 0.9110 -0.2383
vn -0.1072 0.8422 0.5283
vn -0.3170 0.7463 0.5852
vn -0.2283 0.4736 0.8506
vn -0.4884 -0.5603 0.6689
vn -0.0880 -0.9344 0.3452
vn -0.2017 -0.9320 0.3012
vn -0.4313 0.7230 0.5397
vn -0.5565 -0.3290 0.7629
vn -0.3351 -0.6889 -0.6427
vn -0.3849 0.6083 -0.6941
vn -0.5549 0.7659 -0.3248
vn -0.4188 0.8560 0.3031
vn -0.5448 0.2702 0.7939
vn -0.5449 -0.6891 0.4778
vn -0.5185 -0.8032 0.2932
vn -0.7076 -0.6757 0.2068
vn -0.6238 -0.7794 0.0584
vn -0.6077 0.2829 -0.7421
vn -0.5829 0.8124 0.0162
vn -0.6296 0.7553 0.1819
vn -0.7047 0.6423 0.3015
vn -0.6938 0.0123 0.7201
vn -0.5936 -0.0600 0.8025
vn -0.7297 -0.6014 0.3253
vn -0.7748 0.4513 0.4428
vn -0.7760 -0.3552 -0.5212
vn -0.7708 -0.0007 -0.6370
vn -0.8096 0.5847 -0.0516
vn -0.6958 -0.1574 0.7008
vn -0.8581 0.4500 0.2472
vn -0.8336 -0.5480 -0.0693
vn -0.8781 -0.1651 -0.4490
vn -0.8536 0.5174 0.0603
vn -0.9428 0.2787 0.1830
vn -0.8896 -0.4351 0.1391
vn -0.9680 -0.2187 -0.1233
vn -0.9487 -0.0449 -0.3130
vn -0.9556 0.2812 -0.0883
vn -0.9503 0.1802 0.2539
vn -0.9822 -0.0735 0.1729
vn -0.9999 -0.0126 0.0074
vn -0.9549 -0.2954 0.0290
vn -0.9756 0.0936 -0.1985
vn -0.9941 0.1008 -0.0408
vn 0.0018 -0.2173 -0.9761
vn -0.0000 0.4642 -0.8857
vn -0.9393 0.3234 -0.1143
vn -0.9911 0.0168 -0.1323
vn -0.9997 -0.0177 -0.0142
vn -0.3357 -0.3799 -0.8619
vn -0.9927 0.1120 -0.0455
vn -0.9941 0.1083 0.0092
vn -0.9998 0.0207 0.0044
vn -0.9815 0.1658 0.0957
vn -0.9891 0.1342 0.0609
vn -0.9849 0.0995 0.1415
vn -0.7107 -0.5519 0.4363
vn -0.9903 -0.1138 0.0801
vn -0.9947 -0.1012 0.0201
vn -0.9925 -0.0613 -0.1053
vn -0.9918 -0.0613 -0.1117
vn -0.9975 -0.0072 -0.0697
vn -0.9934 0.0366 -0.1090
vn -0.8982 -0.1880 -0.3975
vn -0.9989 -0.0379 -0.0267
vn -0.8756 0.4821 -0.0308
vn -0.8213 0.2440 0.5157
vn -0.9960 0.0535 0.0712
vn -0.9695 -0.1185 0.2145
vn -0.9794 -0.1994 -0.0327
vn -0.9883 -0.1511 -0.0210
vn -0.9392 -0.3171 -0.1317
vn -0.9924 -0.0618 -0.1059
vn -0.9831 0.0074 -0.1831
vn -0.9622 0.2619 -0.0747
vn -0.8562 0.4549 -0.2450
vn -0.4837 0.3753 -0.7907
vn -0.6391 0.7429 0.1992
vn -0.9048 0.2992 0.3031
vn -0.8739 0.0623 0.4821
vn -0.5327 -0.5740 0.6219
vn -0.9201 -0.3854 0.0704
vn -0.5222 -0.8043 -0.2837
vn -0.4895 -0.7087 -0.5080
vn -0.6738 -0.5673 -0.4735
vn -0.4281 -0.6107 -0.6662
vn -0.7040 -0.4301 -0.5652
vn -0.6039 0.7944 0.0654
vn -0.4288 0.0764 -0.9001
vn -0.7367 0.4002 -0.5450
vn -0.3420 0.8516 -0.3973
vn -0.5758 0.8141 -0.0754
vn -0.5122 -0.5752 -0.6378
vn -0.7181 0.6414 0.2703
vn -0.8428 0.2168 0.4926
vn -0.7609 -0.5801 -0.2907
vn -0.3241 -0.8998 0.2921
vn -0.3332 0.6423 -0.6903
vn -0.6281 0.2095 -0.7494
vn -0.5532 0.7805 -0.2911
vn -0.3666 -0.3994 0.8403
vn -0.5915 -0.4282 0.6833
vn -0.5934 -0.7070 0.3847
vn -0.1849 0.9335 -0.3074
vn -0.4501 -0.8819 -0.1403
vn -0.3715 -0.4025 -0.8366
vn -0.2939 0.1402 -0.9455
vn -0.5424 0.6630 -0.5159
vn -0.4075 0.7517 -0.5185
vn -0.3717 -0.1586 -0.9147
vn -0.3402 0.7719 -0.5371
vn -0.3454 0.8502 -0.3974
vn 0.3466 0.9356 0.0666
vn -0.3197 -0.1277 -0.9389
vn -0.1438 0.8638 -0.4829
vn 0.0109 0.4422 0.8969
vn 0.0225 0.9634 -0.2671
vn 0.2446 0.9362 0.2524
vn -0.0409 -0.9910 0.1278
vn 0.2564 0.0560 0.9649
vn 0.2826 -0.7542 0.5927
vn 0.0019 -0.2885 0.9575
vn -0.2128 -0.9771 0.0037
vn 0.1784 0.3638 -0.9142
vn 0.1495 0.7129 -0.6852
vn 0.0688 0.8525 -0.5181
vn 0.0457 0.8503 0.5244
vn -0.0562 0.6392 0.7670
vn 0.2925 0.2847 0.9129
vn 0.4217 -0.2194 -0.8798
vn 0.5428 -0.8019 0.2497
vn 0.2730 -0.6499 -0.7093
vn 0.0703 -0.5982 -0.7983
vn 0.3920 0.9182 0.0572
vn 0.3828 0.8301 0.4054
vn -0.0180 -0.8405 0.5415
vn 0.3295 -0.9320 -0.1512
vn 0.5327 -0.6568 -0.5336
vn 0.3374 -0.5405 -0.7707
vn 0.3203 -0.8950 -0.3105
vn 0.2827 0.2582 -0.9238
vn 0.0331 0.7023 -0.7111
vn 0.5462 0.6854 -0.4815
vn 0.5532 0.7805 -0.2911
vn 0.4128 0.9083 -0.0676
vn -0.0684 0.9359 0.3457
vn 0.5321 0.6466 0.5466
vn 0.5289 -0.5471 0.6488
vn 0.5380 0.0312 -0.8424
vn 0.5610 -0.7352 -0.3805
vn 0.1894 -0.8212 -0.5383
vn 0.4916 -0.3748 -0.7861
vn 0.7191 0.0791 -0.6904
vn 0.4131 0.4805 -0.7736
vn 0.5903 0.7605 -0.2704
vn 0.0486 -0.8511 -0.5227
vn 0.5861 -0.0814 -0.8061
vn 0.3810 0.8428 -0.3802
vn 0.4291 0.9009 0.0656
vn 0.2950 -0.5387 0.7892
vn 0.3540 -0.9053 0.2349
vn 0.9944 0.1058 -0.0007
vn -0.0890 0.3325 -0.9389
vn 0.4721 0.6772 -0.5643
vn 0.5916 0.7936 -0.1421
vn 0.8417 0.5306 0.1004
vn 0.8770 0.4220 0.2299
vn 0.8951 -0.1332 0.4255
vn 0.7469 -0.5005 0.4379
vn 0.9071 -0.4143 -0.0745
vn -0.6138 -0.5062 -0.6058
vn 0.9952 0.0238 -0.0951
vn 0.9675 0.1214 -0.2220
vn 0.9893 0.1425 0.0307
vn 0.9284 0.3135 0.1994
vn 0.9807 0.1100 0.1617
vn 0.8164 0.0630 0.5740
vn 0.9934 -0.0450 0.1053
vn 0.9975 -0.0392 0.0592
vn 0.9958 0.0403 0.0827
vn 0.8067 -0.5538 -0.2062
vn 0.9590 -0.2414 -0.1488
vn 0.9951 0.0397 -0.0908
vn 0.9963 -0.0600 -0.0611
vn 0.9808 0.0148 -0.1943
vn 0.9723 0.1143 -0.2037
vn 0.9934 0.1002 -0.0557
vn 0.0054 0.7218 0.6921
vn 0.9965 -0.0789 0.0261
vn 0.9992 -0.0404 -0.0070
vn 0.9992 -0.0366 0.0177
vn 0.9950 -0.0980 0.0194
vn 0.9924 -0.1209 -0.0231
vn 0.9997 0.0102 -0.0221
vn 0.9479 -0.2272 -0.2231
vn 0.8855 0.3573 -0.2970
vn 0.9488 -0.0238 -0.3150
vn 0.9413 0.1190 0.3159
vn 0.9932 -0.0022 0.1168
vn 0.9059 -0.0379 0.4218
vn 0.9007 -0.2074 0.3817
vn 0.8852 -0.4013 0.2354
vn 0.9072 -0.3644 -0.2105
vn 0.8664 0.4196 0.2707
vn 0.8834 -0.4355 0.1728
vn 0.9170 -0.2807 0.2833
vn 0.9245 -0.3584 0.1294
vn 0.7025 0.2353 -0.6717
vn 0.7310 0.5599 0.3900
vn 0.7785 -0.6264 0.0398
vn 0.6872 0.7112 -0.1480
vn 0.8070 0.3983 0.4360
vn 0.6799 0.4138 0.6054
vn 0.6027 -0.4801 0.6374
vn 0.5915 -0.7393 0.3218
vn 0.5327 -0.8318 -0.1558
vn 0.6942 0.0447 -0.7184
vn 0.5893 0.2291 0.7747
vn 0.6443 0.6830 -0.3443
vn 0.5218 0.8500 0.0726
vn 0.6880 0.5474 0.4764
vn 0.5418 0.5025 0.6737
vn 0.5353 0.0171 0.8445
vn 0.4368 0.3715 0.8193
vn 0.4290 -0.3786 -0.8201
vn 0.4933 0.0890 0.8653
vn 0.4734 -0.2097 0.8555
vn 0.4224 -0.8862 0.1901
vn 0.4026 -0.8810 -0.2483
vn 0.4426 -0.4461 -0.7779
vn 0.5081 -0.2092 0.8355
vn 0.3440 -0.0991 0.9337
vn -0.2826 0.5706 0.7711
vn 0.5482 -0.3632 0.7534
vn 0.4646 -0.4059 0.7870
vn 0.4545 -0.8767 0.1574
vn 0.2705 -0.4203 0.8661
vn 0.2022 -0.8664 -0.4565
vn 0.3752 0.8610 -0.3435
vn 0.3927 0.9194 -0.0241
vn 0.3952 0.9112 0.1161
vn 0.3766 0.8607 0.3424
vn 0.1454 0.7323 0.6653
vn 0.0593 -0.8617 0.5040
vn 0.1667 -0.9316 0.3230
vn 0.0617 -0.6528 -0.7550
vn 0.0631 -0.7050 0.7064
vn 0.3035 -0.7848 0.5404
vn -0.0915 -0.9956 0.0191
vn -0.1273 -0.9868 -0.0999
vn -0.0632 -0.2179 -0.9739
vn -0.2655 0.1450 -0.9531
vn -0.2615 0.4465 -0.8557
vn -0.0315 0.7754 -0.6307
vn -0.2226 0.9726 -0.0678
vn -0.2053 0.7461 0.6334
vn -0.3100 0.6493 0.6944
vn -0.1544 0.2029 0.9669
vn -0.2677 0.6095 0.7462
vn -0.5980 0.2250 0.7693
vn -0.2683 0.0182 0.9632
vn -0.2681 -0.5854 0.7651
vn -0.3031 -0.9160 -0.2628
vn -0.1643 -0.8761 -0.4533
vn -0.2932 -0.7213 -0.6274
vn -0.2829 0.6410 -0.7135
vn -0.2096 0.9160 -0.3422
vn -0.1860 0.8613 0.4729
vn -0.2545 -0.8617 0.4390
vn -0.4628 0.7329 0.4987
vn -0.8792 -0.2093 -0.4280
vn -0.5235 -0.2792 0.8050
vn -0.5452 -0.7877 -0.2869
vn -0.5030 0.5180 -0.6919
vn -0.5045 0.8342 0.2228
vn -0.4951 0.3955 0.7736
vn -0.4477 -0.2590 0.8558
vn -0.4535 -0.3476 0.8206
vn -0.4484 -0.5337 0.7170
vn -0.7030 -0.3184 0.6359
vn -0.5515 -0.7630 0.3373
vn -0.6367 -0.7625 -0.1145
vn -0.6828 -0.6147 -0.3948
vn -0.5625 0.6987 -0.4421
vn -0.5826 0.8117 -0.0412
vn -0.6394 0.7561 0.1398
vn -0.8981 -0.4225 0.1217
vn -0.7780 -0.6270 0.0398
vn -0.8314 -0.3651 -0.4189
vn -0.7715 -0.0016 -0.6363
vn -0.8039 0.5822 -0.1217
vn -0.7541 -0.3101 0.5789
vn -0.6477 -0.5971 0.4732
vn -0.7114 -0.6797 0.1785
vn -0.8634 -0.0587 0.5012
vn -0.8697 -0.4237 0.2534
vn -0.9536 0.2358 -0.1874
vn -0.8987 0.3931 0.1944
vn -0.8682 -0.3572 0.3444
vn -0.8990 -0.3920 0.1954
vn -0.9786 0.0818 0.1887
vn -0.9734 -0.2097 -0.0926
vn -0.9977 -0.0533 0.0418
vn -0.9880 0.1454 0.0529
vt 0.078514 0.515250
vt 0.000000 0.511937
vt 0.054433 0.500029
vt 0.077654 0.528582
vt 0.001197 0.546663
vt 0.000000 0.527517
vt 0.098932 0.616434
vt 0.021973 0.633017
vt 0.001769 0.605715
vt 0.083504 0.646252
vt 0.000000 0.649093
vt 0.075542 0.661513
vt 0.000000 0.670884
vt 0.092440 0.889400
vt 0.000000 0.898198
vt 0.041564 0.875572
vt 0.077482 0.904182
vt 0.110404 0.927457
vt 0.010271 0.937695
vt 0.000000 0.923339
vt 0.104905 0.951962
vt 0.000000 0.962294
vt 0.000000 0.950336
vt 0.093821 0.966417
vt 0.111521 0.977368
vt 0.114728 0.543560
vt 0.090752 0.549864
vt 0.092041 0.562244
vt 0.068664 0.577564
vt 0.000520 0.560583
vt 0.005423 0.582003
vt 0.152479 0.592363
vt 0.100489 0.764214
vt 0.004332 0.758249
vt 0.156485 0.753722
vt 0.061282 0.779329
vt -0.001211 0.772488
vt 0.142515 0.813177
vt -0.006450 0.795361
vt 0.098204 0.795426
vt -0.013021 0.817094
vt 0.117967 0.602282
vt 0.130836 0.938446
vt 0.120102 0.999962
vt 0.005098 0.991168
vt 0.145054 0.985609
vt 0.171555 0.717027
vt 0.138638 0.726359
vt 0.007167 0.715326
vt 0.027941 0.742499
vt 0.176779 0.744744
vt 0.202825 0.787340
vt 0.217525 0.774752
vt 0.093262 0.841165
vt 0.194880 0.831054
vt 0.232025 0.584061
vt 0.218119 0.678350
vt 0.206038 0.662224
vt 0.078058 0.702305
vt 0.057441 0.687103
vt 0.222994 0.689764
vt 0.278038 0.710078
vt 0.030065 0.729813
vt 0.214341 0.733390
vt 0.236626 0.881952
vt 0.113534 0.917311
vt 0.202254 0.903961
vt 0.240501 0.507533
vt 0.300278 0.500128
vt 0.272177 0.549051
vt 0.244581 0.539036
vt 0.233784 0.572733
vt 0.250194 0.566180
vt 0.131620 0.631395
vt 0.249627 0.619212
vt 0.283455 0.636812
vt 0.234232 0.646237
vt 0.088992 0.678602
vt 0.274032 0.767609
vt 0.243941 0.857434
vt 0.228276 0.869294
vt 0.107489 0.857639
vt 0.234263 0.892949
vt 0.282500 0.962435
vt 0.250335 0.954965
vt 0.257366 0.972869
vt 0.250737 0.559236
vt 0.312518 0.627857
vt 0.269913 0.938196
vt 0.280590 0.927459
vt 0.326120 0.697980
vt 0.344356 0.726358
vt 0.344295 0.843186
vt 0.269503 0.916711
vt 0.359375 0.945774
vt 0.233889 0.532029
vt 0.222669 0.520104
vt 0.362695 0.524883
vt 0.352920 0.579710
vt 0.353881 0.740100
vt 0.350719 0.746821
vt 0.347414 0.757875
vt 0.229289 0.760677
vt 0.346023 0.830532
vt 0.371218 0.906588
vt 0.382603 0.661236
vt 0.313472 0.673568
vt 0.392813 0.733380
vt 0.379000 0.795221
vt 0.250359 0.798330
vt 0.398109 0.515560
vt 0.398393 0.535307
vt 0.413075 0.570041
vt 0.394355 0.601541
vt 0.246789 0.610732
vt 0.266332 0.602228
vt 0.401068 0.616434
vt 0.389763 0.646212
vt 0.288624 0.655746
vt 0.373294 0.687461
vt 0.397521 0.771920
vt 0.320198 0.782324
vt 0.372355 0.806576
vt 0.391168 0.889608
vt 0.345100 0.900312
vt 0.407813 0.956267
vt 0.320791 0.985625
vt 0.415086 0.973848
vt 0.420619 0.559226
vt 0.387470 0.709378
vt 0.371188 0.719364
vt 0.431304 0.820829
vt 0.277969 0.813148
vt 0.545647 0.646904
vt 0.465876 0.670211
vt 0.460527 0.694551
vt 0.498103 0.786328
vt 0.569229 0.500015
vt 0.528308 0.757361
vt 0.551897 0.514921
vt 0.589025 0.546640
vt 0.394282 0.548457
vt 0.578590 0.579039
vt 0.361797 0.591979
vt 0.564071 0.610332
vt 0.556493 0.719296
vt 0.577659 0.746241
vt 0.602744 0.767438
vt 0.582322 0.798145
vt 0.457740 0.848382
vt 0.562975 0.819355
vt 0.561326 0.890715
vt 0.600893 0.940518
vt 0.407833 0.930566
vt 0.601418 0.949549
vt 0.544306 0.972784
vt 0.457017 0.999928
vt 0.585052 0.535145
vt 0.421315 0.873275
vt 0.608776 0.870264
vt 0.573382 0.903672
vt 0.463012 0.918375
vt 0.601017 0.999942
vt 0.578952 0.592061
vt 0.598409 0.680855
vt 0.593832 0.667193
vt 0.585877 0.728613
vt 0.624105 0.806275
vt 0.556798 0.847602
vt 0.627260 0.855826
vt 0.660820 0.920788
vt 0.680038 0.909281
vt 0.601992 0.931354
vt 0.681462 0.522202
vt 0.589239 0.629474
vt 0.656882 0.619041
vt 0.681960 0.655256
vt 0.673317 0.705101
vt 0.639886 0.693677
vt 0.674348 0.784052
vt 0.720478 0.510057
vt 0.688953 0.645991
vt 0.697990 0.824113
vt 0.726676 0.809040
vt 0.607914 0.833499
vt 0.639903 0.977564
vt 0.662665 0.964287
vt 0.716977 0.582787
vt 0.749437 0.594543
vt 0.660664 0.602264
vt 0.728122 0.610296
vt 0.751061 0.636788
vt 0.738883 0.679292
vt 0.726195 0.762962
vt 0.749707 0.753526
vt 0.762204 0.792862
vt 0.756579 0.836410
vt 0.722281 0.954840
vt 0.642176 0.572530
vt 0.584732 0.564031
vt 0.749130 0.565770
vt 0.770730 0.622439
vt 0.673017 0.735065
vt 0.809395 0.726364
vt 0.695173 0.746733
vt 0.779418 0.739812
vt 0.684523 0.774322
vt 0.748026 0.860798
vt 0.751776 0.913866
vt 0.789361 0.947758
vt 0.788928 0.500333
vt 0.689242 0.554718
vt 0.818286 0.559092
vt 0.779927 0.572663
vt 0.775150 0.695197
vt 0.785404 0.851874
vt 0.681767 0.877461
vt 0.780908 0.869760
vt 0.820643 0.602320
vt 0.816880 0.818306
vt 0.807137 0.971772
vt 0.826291 0.962168
vt 0.687233 0.985393
vt 0.832577 0.649324
vt 0.793107 0.719450
vt 0.663465 0.712421
vt 0.821397 0.712250
vt 0.858619 0.733063
vt 0.887815 0.747740
vt 0.843247 0.843096
vt 0.854708 0.902164
vt 0.698643 0.895358
vt 0.859704 0.920778
vt 0.762564 0.927447
vt 0.867894 0.534162
vt 0.742904 0.538555
vt 0.720158 0.531893
vt 0.900487 0.548166
vt 0.903066 0.590477
vt 0.888578 0.577665
vt 0.858710 0.629134
vt 0.853282 0.777236
vt 0.875896 0.806275
vt 0.854187 0.880663
vt 0.690011 0.885300
vt 0.873762 0.893241
vt 0.891282 0.952814
vt 0.859314 0.988199
vt 0.689295 0.994000
vt 0.781733 1.000000
vt 0.817917 0.517615
vt 0.906828 0.512051
vt 0.915262 0.564071
vt 0.894988 0.701898
vt 0.898327 0.767517
vt 0.911778 0.792850
vt 0.898560 0.863026
vt 0.907480 0.912529
vt 0.929770 0.610837
vt 0.872558 0.760130
vt 0.931921 0.836248
vt 0.926476 0.852311
vt 0.931146 0.931805
vt 0.782240 0.934177
vt 0.941954 0.970201
vt 0.885910 0.525625
vt 0.951179 0.714857
vt 0.978212 0.743489
vt 0.932843 0.818810
vt 0.891108 0.940757
vt 0.953099 0.500033
vt 0.942876 0.648114
vt 0.881469 0.670139
vt 0.990769 0.728620
vt 0.968061 0.880338
vt 0.956268 0.988561
vt 0.954970 1.000000
vt 0.883057 0.684971
vt 0.999073 0.681637
vt 1.000000 0.572543
vt 0.949068 0.625903
vt 1.000000 0.973449
vt 0.092089 0.418454
vt 0.031335 0.192868
vt 0.188458 0.023921
vt 0.388484 0.063276
vt 0.467095 0.293889
vt 0.308303 0.473256
vt 0.836051 0.064027
vt 0.541523 0.186476
vt 0.704222 0.451801
vt 0.982009 0.296305
vt 0.012817 1.000000
vt 0.000000 0.693884
vt -0.002880 0.840014
vt 0.001386 0.909238
vt 0.011027 0.860794
vt 0.290744 0.999950
vt 0.372818 0.857262
vt 0.742802 0.664395
vt 0.750333 0.545500
vt 0.749805 0.941041
s 0
usemtl Hemp
f 866/660/749 645/661/749 619/662/749
f 865/663/750 645/661/750 866/660/750
f 865/663/751 621/664/751 620/665/751
f 863/666/752 641/667/752 642/668/752
f 861/669/753 639/670/753 641/667/753
f 860/671/754 652/672/754 639/670/754
f 857/673/755 623/674/755 868/675/755
f 856/676/756 623/674/756 857/673/756
f 844/677/757 625/678/757 624/679/757
f 849/680/758 627/681/758 646/682/758
f 855/683/759 627/681/759 849/680/759
f 867/684/760 627/681/760 855/683/760
f 848/685/761 847/686/761 621/664/761
f 864/687/762 871/688/762 644/689/762
f 642/668/763 643/690/763 854/691/763
f 859/692/764 636/693/764 832/694/764
f 869/695/765 634/696/765 859/692/765
f 853/697/766 633/698/766 858/699/766
f 632/700/767 633/698/767 853/697/767
f 854/691/768 846/701/768 642/668/768
f 850/702/769 849/680/769 625/678/769
f 618/703/770 626/704/770 843/705/770
f 845/706/771 838/707/771 872/708/771
f 832/694/772 637/709/772 833/710/772
f 824/711/773 869/695/773 817/712/773
f 858/699/774 869/695/774 824/711/774
f 836/713/775 632/700/775 831/714/775
f 854/691/776 871/688/776 842/715/776
f 840/716/777 860/671/777 841/717/777
f 839/718/778 638/719/778 834/720/778
f 845/706/779 839/718/779 827/721/779
f 833/710/780 622/722/780 826/723/780
f 857/673/781 868/675/781 813/724/781
f 851/725/782 856/676/782 830/726/782
f 809/727/783 619/662/783 796/728/783
f 808/729/784 848/685/784 822/730/784
f 820/731/785 864/687/785 821/732/785
f 862/733/786 863/666/786 819/734/786
f 800/735/787 818/736/787 862/733/787
f 840/716/788 834/720/788 870/737/788
f 817/712/789 859/692/789 804/738/789
f 815/739/790 814/740/790 852/741/790
f 812/742/791 857/673/791 813/724/791
f 790/743/792 849/680/792 811/744/792
f 810/745/793 843/705/793 867/684/793
f 808/729/794 807/746/794 847/686/794
f 800/735/795 862/733/795 783/747/795
f 829/748/796 844/677/796 802/749/796
f 849/680/797 850/702/797 829/748/797
f 827/721/798 839/718/798 798/750/798
f 826/723/799 838/707/799 778/751/799
f 815/739/800 836/713/800 771/752/800
f 803/753/801 802/749/801 851/725/801
f 767/754/802 811/744/802 849/680/802
f 823/755/803 835/756/803 788/757/803
f 785/758/804 842/715/804 820/731/804
f 777/759/805 776/760/805 833/710/805
f 792/761/806 825/762/806 832/694/806
f 772/763/807 771/752/807 831/714/807
f 759/764/808 803/753/808 830/726/808
f 795/765/809 799/766/809 841/717/809
f 755/767/810 777/759/810 826/723/810
f 792/761/811 804/738/811 825/762/811
f 774/768/812 816/769/812 824/711/812
f 789/770/813 788/757/813 835/756/813
f 787/771/814 822/730/814 823/755/814
f 764/772/815 820/731/815 821/732/815
f 763/773/816 806/774/816 828/775/816
f 784/776/817 783/747/817 819/734/817
f 781/777/818 805/778/818 818/736/818
f 794/779/819 798/750/819 834/720/819
f 775/780/820 797/781/820 817/712/820
f 774/768/821 773/782/821 816/769/821
f 769/783/822 812/742/822 813/724/822
f 769/783/823 791/784/823 812/742/823
f 758/785/824 790/743/824 811/744/824
f 766/786/825 810/745/825 757/787/825
f 765/788/826 764/772/826 807/746/826
f 764/772/827 785/758/827 820/731/827
f 793/789/828 779/790/828 827/721/828
f 762/791/829 772/763/829 837/792/829
f 781/777/830 800/735/830 782/793/830
f 780/794/831 794/779/831 799/766/831
f 748/795/832 793/789/832 798/750/832
f 747/796/833 774/768/833 797/781/833
f 722/797/834 789/770/834 796/728/834
f 734/798/835 775/780/835 792/761/835
f 758/785/836 757/787/836 790/743/836
f 751/799/837 788/757/837 789/770/837
f 787/771/838 788/757/838 751/799/838
f 741/800/839 786/801/839 787/771/839
f 765/788/840 786/801/840 741/800/840
f 756/802/841 801/803/841 785/758/841
f 756/802/842 763/773/842 801/803/842
f 749/804/843 783/747/843 784/776/843
f 782/793/844 783/747/844 749/804/844
f 795/765/845 781/777/845 782/793/845
f 779/790/846 793/789/846 744/805/846
f 744/805/847 755/767/847 778/751/847
f 735/806/848 776/760/848 777/759/848
f 735/806/849 734/798/849 776/760/849
f 726/807/850 747/796/850 775/780/850
f 754/808/851 774/768/851 747/796/851
f 754/808/852 773/782/852 774/768/852
f 754/808/853 762/791/853 773/782/853
f 761/809/854 772/763/854 743/810/854
f 761/809/855 771/752/855 772/763/855
f 746/811/856 759/764/856 769/783/856
f 723/812/857 767/754/857 768/813/857
f 730/814/858 767/754/858 723/812/858
f 758/785/859 767/754/859 730/814/859
f 745/815/860 616/816/860 766/786/860
f 751/799/861 789/770/861 722/797/861
f 741/800/862 787/771/862 742/817/862
f 782/793/863 780/794/863 795/765/863
f 746/811/864 760/818/864 716/819/864
f 732/820/865 759/764/865 746/811/865
f 732/820/866 752/821/866 759/764/866
f 723/812/867 768/813/867 752/821/867
f 745/815/868 758/785/868 730/814/868
f 745/815/869 757/787/869 758/785/869
f 615/822/870 616/816/870 745/815/870
f 750/823/871 749/804/871 763/773/871
f 738/824/872 780/794/872 739/825/872
f 735/806/873 755/767/873 736/826/873
f 743/810/874 754/808/874 718/827/874
f 716/819/875 753/828/875 733/829/875
f 724/830/876 752/821/876 725/831/876
f 731/832/877 752/821/877 724/830/877
f 742/817/878 751/799/878 695/833/878
f 740/834/879 749/804/879 711/835/879
f 739/825/880 782/793/880 710/836/880
f 707/837/881 748/795/881 737/838/881
f 754/808/882 747/796/882 719/839/882
f 695/833/883 751/799/883 684/840/883
f 710/836/884 782/793/884 698/841/884
f 702/842/885 743/810/885 703/843/885
f 717/844/886 743/810/886 702/842/886
f 699/845/887 745/815/887 700/846/887
f 693/847/888 750/823/888 756/802/888
f 674/848/889 750/823/889 693/847/889
f 674/848/890 720/849/890 750/823/890
f 711/835/891 749/804/891 712/850/891
f 698/841/892 740/834/892 673/851/892
f 738/824/893 739/825/893 709/852/893
f 680/853/894 734/798/894 690/854/894
f 726/807/895 734/798/895 680/853/895
f 718/827/896 754/808/896 679/855/896
f 733/829/897 753/828/897 697/856/897
f 700/846/898 730/814/898 675/857/898
f 728/858/899 729/859/899 713/860/899
f 673/851/900 740/834/900 691/861/900
f 709/852/901 737/838/901 738/824/901
f 727/862/902 736/826/902 660/863/902
f 705/864/903 727/862/903 667/865/903
f 704/866/904 726/807/904 680/853/904
f 678/867/905 716/819/905 733/829/905
f 724/830/906 725/831/906 688/868/906
f 675/857/907 730/814/907 665/869/907
f 684/840/908 722/797/908 664/870/908
f 713/860/909 721/871/909 663/872/909
f 682/873/910 693/847/910 728/858/910
f 707/837/911 737/838/911 708/874/911
f 678/867/912 733/829/912 671/875/912
f 715/876/913 716/819/913 677/877/913
f 692/878/914 712/850/914 720/849/914
f 702/842/915 703/843/915 666/879/915
f 670/880/916 700/846/916 655/881/916
f 686/882/917 699/845/917 670/880/917
f 661/883/918 710/836/918 698/841/918
f 672/884/919 706/885/919 668/886/919
f 649/887/920 667/865/920 727/862/920
f 636/888/921 690/854/921 705/864/921
f 658/889/922 671/875/922 697/856/922
f 656/890/923 725/831/923 696/891/923
f 624/892/924 687/893/924 724/830/924
f 653/894/925 714/895/925 694/896/925
f 621/897/926 663/872/926 721/871/926
f 662/898/927 693/847/927 643/899/927
f 662/898/928 674/848/928 693/847/928
f 640/900/929 673/851/929 691/861/929
f 659/901/930 679/855/930 719/839/930
f 648/902/931 666/879/931 703/843/931
f 657/903/932 689/904/932 715/876/932
f 657/903/933 623/905/933 689/904/933
f 656/890/934 688/868/934 725/831/934
f 646/906/935 655/881/935 675/857/935
f 654/907/936 685/908/936 686/882/936
f 654/907/937 614/909/937 685/908/937
f 669/910/938 684/840/938 645/911/938
f 644/912/939 682/873/939 713/860/939
f 650/913/940 668/886/940 707/837/940
f 634/914/941 659/901/941 680/853/941
f 633/915/942 648/902/942 679/855/942
f 677/877/943 678/867/943 629/916/943
f 628/917/944 624/892/944 688/868/944
f 692/878/945 674/848/945 662/898/945
f 642/918/946 691/861/946 712/850/946
f 642/918/947 640/900/947 691/861/947
f 640/900/948 661/883/948 673/851/948
f 636/888/949 635/919/949 690/854/949
f 631/920/950 658/889/950 697/856/950
f 630/921/951 629/916/951 671/875/951
f 629/916/952 657/903/952 677/877/952
f 625/922/953 687/893/953 624/892/953
f 625/922/954 701/923/954 687/893/954
f 627/924/955 654/907/955 670/880/955
f 620/925/956 669/910/956 645/911/956
f 872/926/957 672/884/957 668/886/957
f 637/927/958 636/888/958 667/865/958
f 632/928/959 631/920/959 666/879/959
f 625/922/960 647/929/960 701/923/960
f 619/930/961 645/911/961 664/870/961
f 639/931/962 652/932/962 661/883/962
f 622/933/963 649/887/963 660/863/963
f 631/920/964 630/921/964 658/889/964
f 868/934/965 623/905/965 657/903/965
f 626/935/966 613/936/966 654/907/966
f 650/913/967 651/937/967 638/938/967
f 622/933/968 637/927/968 649/887/968
f 633/915/969 632/928/969 648/902/969
f 623/905/970 628/917/970 656/890/970
f 625/922/971 646/906/971 647/929/971
f 871/939/972 643/899/972 644/912/972
f 641/940/973 639/931/973 640/900/973
f 636/888/974 634/914/974 635/919/974
f 867/941/975 626/935/975 627/924/975
f 618/942/976 617/943/976 616/944/976 615/945/976 614/946/976 613/947/976
f 722/948/977 796/949/977 619/950/977 664/951/977
f 618/703/978 613/952/978 626/704/978
f 644/689/979 621/664/979 847/686/979 864/687/979
f 865/663/980 620/665/980 645/661/980
f 865/663/981 823/755/981 822/730/981 848/685/981
f 846/701/982 863/666/982 642/668/982
f 861/669/983 860/671/983 639/670/983
f 860/671/984 870/737/984 652/672/984
f 870/737/985 638/719/985 652/672/985
f 638/719/986 839/718/986 650/953/986
f 839/718/987 872/708/987 650/953/987
f 869/695/988 633/698/988 634/696/988
f 869/695/989 858/699/989 633/698/989
f 836/713/990 631/954/990 632/700/990
f 856/676/991 628/955/991 623/674/991
f 851/725/992 624/679/992 628/955/992
f 851/725/993 844/677/993 624/679/993
f 849/680/994 646/682/994 625/678/994
f 848/685/995 621/664/995 865/663/995
f 854/691/996 643/690/996 871/688/996
f 862/733/997 861/669/997 641/667/997
f 838/707/998 622/722/998 872/708/998
f 832/694/999 636/693/999 637/709/999
f 859/692/1000 634/696/1000 636/693/1000
f 852/741/1001 631/954/1001 836/713/1001
f 852/741/1002 630/956/1002 631/954/1002
f 852/741/1003 868/675/1003 630/956/1003
f 851/725/1004 628/955/1004 856/676/1004
f 850/702/1005 625/678/1005 844/677/1005
f 862/733/1006 641/667/1006 863/666/1006
f 843/705/1007 626/704/1007 867/684/1007
f 820/731/1008 871/688/1008 864/687/1008
f 840/716/1009 870/737/1009 860/671/1009
f 845/706/1010 872/708/1010 839/718/1010
f 833/710/1011 637/709/1011 622/722/1011
f 817/712/1012 869/695/1012 859/692/1012
f 831/714/1013 632/700/1013 853/697/1013
f 852/741/1014 814/740/1014 868/675/1014
f 809/727/1015 866/660/1015 619/662/1015
f 809/727/1016 835/756/1016 866/660/1016
f 835/756/1017 865/663/1017 866/660/1017
f 835/756/1018 823/755/1018 865/663/1018
f 861/669/1019 818/736/1019 841/717/1019 860/671/1019
f 847/686/1020 807/746/1020 864/687/1020
f 842/715/1021 871/688/1021 820/731/1021
f 806/774/1022 863/666/1022 846/701/1022
f 862/733/1023 818/736/1023 861/669/1023
f 857/673/1024 812/742/1024 830/726/1024 856/676/1024
f 870/737/1025 834/720/1025 638/719/1025
f 826/723/1026 622/722/1026 838/707/1026
f 813/724/1027 868/675/1027 814/740/1027
f 858/699/1028 816/769/1028 837/792/1028 853/697/1028
f 790/743/1029 855/683/1029 849/680/1029
f 821/732/1030 864/687/1030 807/746/1030
f 819/734/1031 863/666/1031 806/774/1031
f 825/762/1032 859/692/1032 832/694/1032
f 804/738/1033 859/692/1033 825/762/1033
f 816/769/1034 858/699/1034 824/711/1034
f 843/705/1035 766/786/1035 617/957/1035 618/703/1035
f 815/739/1036 852/741/1036 836/713/1036
f 803/753/1037 851/725/1037 830/726/1037
f 829/748/1038 850/702/1038 844/677/1038
f 810/745/1039 855/683/1039 790/743/1039
f 810/745/1040 867/684/1040 855/683/1040
f 808/729/1041 847/686/1041 848/685/1041
f 854/691/1042 828/775/1042 846/701/1042
f 828/775/1043 806/774/1043 846/701/1043
f 805/778/1044 841/717/1044 818/736/1044
f 851/725/1045 802/749/1045 844/677/1045
f 810/745/1046 766/786/1046 843/705/1046
f 845/706/1047 779/790/1047 778/751/1047 838/707/1047
f 783/747/1048 862/733/1048 819/734/1048
f 799/766/1049 840/716/1049 841/717/1049
f 853/697/1050 837/792/1050 772/763/1050 831/714/1050
f 777/759/1051 833/710/1051 826/723/1051
f 797/781/1052 824/711/1052 817/712/1052
f 832/694/1053 833/710/1053 776/760/1053 792/761/1053
f 771/752/1054 836/713/1054 831/714/1054
f 767/754/1055 849/680/1055 829/748/1055
f 842/715/1056 801/803/1056 854/691/1056
f 801/803/1057 828/775/1057 854/691/1057
f 834/720/1058 798/750/1058 839/718/1058
f 827/721/1059 779/790/1059 845/706/1059
f 778/751/1060 755/767/1060 826/723/1060
f 808/729/1061 822/730/1061 787/771/1061 786/801/1061
f 816/769/1062 773/782/1062 837/792/1062
f 812/742/1063 791/784/1063 830/726/1063
f 791/784/1064 759/764/1064 830/726/1064
f 805/778/1065 795/765/1065 841/717/1065
f 794/779/1066 834/720/1066 840/716/1066
f 797/781/1067 774/768/1067 824/711/1067
f 771/752/1068 770/958/1068 815/739/1068
f 789/770/1069 835/756/1069 809/727/1069
f 787/771/1070 823/755/1070 788/757/1070
f 815/739/1071 770/958/1071 760/818/1071 814/740/1071
f 807/746/1072 764/772/1072 821/732/1072
f 785/758/1073 801/803/1073 842/715/1073
f 763/773/1074 828/775/1074 801/803/1074
f 806/774/1075 784/776/1075 819/734/1075
f 781/777/1076 818/736/1076 800/735/1076
f 799/766/1077 794/779/1077 840/716/1077
f 798/750/1078 793/789/1078 827/721/1078
f 804/738/1079 775/780/1079 817/712/1079
f 808/729/1080 786/801/1080 765/788/1080 807/746/1080
f 814/740/1081 760/818/1081 813/724/1081
f 760/818/1082 769/783/1082 813/724/1082
f 759/764/1083 752/821/1083 803/753/1083
f 802/749/1084 768/813/1084 829/748/1084
f 758/785/1085 811/744/1085 767/754/1085
f 766/786/1086 616/816/1086 617/957/1086
f 796/728/1087 789/770/1087 809/727/1087
f 803/753/1088 752/821/1088 768/813/1088 802/749/1088
f 763/773/1089 784/776/1089 806/774/1089
f 781/777/1090 795/765/1090 805/778/1090
f 792/761/1091 775/780/1091 804/738/1091
f 773/782/1092 762/791/1092 837/792/1092
f 743/810/1093 717/844/1093 753/828/1093 761/809/1093
f 768/813/1094 767/754/1094 829/748/1094
f 790/743/1095 757/787/1095 810/745/1095
f 783/747/1096 782/793/1096 800/735/1096
f 795/765/1097 780/794/1097 799/766/1097
f 794/779/1098 748/795/1098 798/750/1098
f 776/760/1099 734/798/1099 792/761/1099
f 775/780/1100 747/796/1100 797/781/1100
f 771/752/1101 761/809/1101 770/958/1101
f 769/783/1102 759/764/1102 791/784/1102
f 765/788/1103 729/859/1103 764/772/1103
f 756/802/1104 785/758/1104 764/772/1104
f 780/794/1105 738/824/1105 794/779/1105
f 738/824/1106 748/795/1106 794/779/1106
f 779/790/1107 744/805/1107 778/751/1107
f 755/767/1108 735/806/1108 777/759/1108
f 734/798/1109 726/807/1109 775/780/1109
f 762/791/1110 743/810/1110 772/763/1110
f 761/809/1111 753/828/1111 770/958/1111
f 753/828/1112 760/818/1112 770/958/1112
f 760/818/1113 746/811/1113 769/783/1113
f 757/787/1114 745/815/1114 766/786/1114
f 742/817/1115 787/771/1115 751/799/1115
f 729/859/1116 765/788/1116 741/800/1116
f 756/802/1117 764/772/1117 729/859/1117
f 749/804/1118 784/776/1118 763/773/1118
f 748/795/1119 744/805/1119 793/789/1119
f 754/808/1120 743/810/1120 762/791/1120
f 753/828/1121 716/819/1121 760/818/1121
f 750/823/1122 763/773/1122 756/802/1122
f 740/834/1123 782/793/1123 749/804/1123
f 782/793/1124 739/825/1124 780/794/1124
f 736/826/1125 755/767/1125 744/805/1125
f 748/795/1126 707/837/1126 706/885/1126 744/805/1126
f 726/807/1127 704/866/1127 719/839/1127 747/796/1127
f 727/862/1128 735/806/1128 736/826/1128
f 725/831/1129 752/821/1129 732/820/1129
f 731/832/1130 723/812/1130 752/821/1130
f 721/871/1131 729/859/1131 741/800/1131
f 728/858/1132 756/802/1132 729/859/1132
f 750/823/1133 720/849/1133 749/804/1133
f 737/838/1134 748/795/1134 738/824/1134
f 716/819/1135 715/876/1135 689/904/1135 746/811/1135
f 745/815/1136 686/882/1136 685/908/1136 615/822/1136
f 700/846/1137 745/815/1137 730/814/1137
f 686/882/1138 745/815/1138 699/845/1138
f 734/798/1139 735/806/1139 705/864/1139 690/854/1139
f 684/840/1140 751/799/1140 722/797/1140
f 698/841/1141 782/793/1141 740/834/1141
f 703/843/1142 743/810/1142 718/827/1142
f 696/891/1143 732/820/1143 746/811/1143
f 694/896/1144 742/817/1144 695/833/1144
f 693/847/1145 756/802/1145 728/858/1145
f 712/850/1146 749/804/1146 720/849/1146
f 681/959/1147 739/825/1147 710/836/1147
f 705/864/1148 735/806/1148 727/862/1148
f 742/817/1149 714/895/1149 683/960/1149 741/800/1149
f 679/855/1150 754/808/1150 719/839/1150
f 697/856/1151 753/828/1151 717/844/1151
f 696/891/1152 746/811/1152 689/904/1152
f 725/831/1153 732/820/1153 696/891/1153
f 724/830/1154 687/893/1154 731/832/1154
f 714/895/1155 742/817/1155 694/896/1155
f 736/826/1156 744/805/1156 672/884/1156 660/863/1156
f 683/960/1157 721/871/1157 741/800/1157
f 713/860/1158 729/859/1158 721/871/1158
f 691/861/1159 740/834/1159 711/835/1159
f 681/959/1160 709/852/1160 739/825/1160
f 672/884/1161 744/805/1161 706/885/1161
f 731/832/1162 701/923/1162 676/961/1162 723/812/1162
f 701/923/1163 731/832/1163 687/893/1163
f 694/896/1164 695/833/1164 620/925/1164 653/894/1164
f 676/961/1165 730/814/1165 723/812/1165
f 676/961/1166 665/869/1166 730/814/1166
f 614/909/1167 615/822/1167 685/908/1167
f 682/873/1168 728/858/1168 713/860/1168
f 709/852/1169 708/874/1169 737/838/1169
f 703/843/1170 718/827/1170 679/855/1170
f 697/856/1171 717/844/1171 702/842/1171
f 671/875/1172 733/829/1172 697/856/1172
f 678/867/1173 677/877/1173 716/819/1173
f 684/840/1174 669/910/1174 695/833/1174
f 674/848/1175 692/878/1175 720/849/1175
f 691/861/1176 711/835/1176 712/850/1176
f 707/837/1177 668/886/1177 706/885/1177
f 655/881/1178 700/846/1178 675/857/1178
f 670/880/1179 699/845/1179 700/846/1179
f 673/851/1180 661/883/1180 698/841/1180
f 661/883/1181 681/959/1181 710/836/1181
f 660/863/1182 649/887/1182 727/862/1182
f 636/888/1183 705/864/1183 667/865/1183
f 690/854/1184 635/919/1184 680/853/1184
f 659/901/1185 719/839/1185 704/866/1185
f 666/879/1186 697/856/1186 702/842/1186
f 689/904/1187 623/905/1187 696/891/1187
f 623/905/1188 656/890/1188 696/891/1188
f 624/892/1189 724/830/1189 688/868/1189
f 620/925/1190 695/833/1190 669/910/1190
f 683/960/1191 714/895/1191 653/894/1191 621/897/1191
f 621/897/1192 721/871/1192 683/960/1192
f 643/899/1193 693/847/1193 682/873/1193
f 652/932/1194 709/852/1194 681/959/1194
f 651/937/1195 708/874/1195 709/852/1195
f 708/874/1196 650/913/1196 707/837/1196
f 680/853/1197 659/901/1197 704/866/1197
f 679/855/1198 648/902/1198 703/843/1198
f 657/903/1199 715/876/1199 677/877/1199
f 670/880/1200 654/907/1200 686/882/1200
f 664/870/1201 645/911/1201 684/840/1201
f 660/863/1202 672/884/1202 872/926/1202 622/933/1202
f 663/872/1203 644/912/1203 713/860/1203
f 652/932/1204 651/937/1204 709/852/1204
f 635/919/1205 634/914/1205 680/853/1205
f 671/875/1206 629/916/1206 678/867/1206
f 656/890/1207 628/917/1207 688/868/1207
f 701/923/1208 647/929/1208 676/961/1208
f 647/929/1209 665/869/1209 676/961/1209
f 665/869/1210 646/906/1210 675/857/1210
f 644/912/1211 643/899/1211 682/873/1211
f 692/878/1212 642/918/1212 712/850/1212
f 661/883/1213 652/932/1213 681/959/1213
f 651/937/1214 650/913/1214 708/874/1214
f 659/901/1215 633/915/1215 679/855/1215
f 666/879/1216 631/920/1216 697/856/1216
f 658/889/1217 630/921/1217 671/875/1217
f 642/918/1218 641/940/1218 640/900/1218
f 640/900/1219 639/931/1219 661/883/1219
f 650/913/1220 872/926/1220 668/886/1220
f 649/887/1221 637/927/1221 667/865/1221
f 648/902/1222 632/928/1222 666/879/1222
f 647/929/1223 646/906/1223 665/869/1223
f 655/881/1224 627/924/1224 670/880/1224
f 654/907/1225 613/936/1225 614/909/1225
f 621/897/1226 644/912/1226 663/872/1226
f 642/918/1227 692/878/1227 662/898/1227
f 634/914/1228 633/915/1228 659/901/1228
f 629/916/1229 868/934/1229 657/903/1229
f 646/906/1230 627/924/1230 655/881/1230
f 627/924/1231 626/935/1231 654/907/1231
f 620/925/1232 621/897/1232 653/894/1232
f 652/932/1233 638/938/1233 651/937/1233
f 643/899/1234 642/918/1234 662/898/1234
f 868/934/1235 629/916/1235 630/921/1235
o Eyelet_03
v -0.999622 0.005000 -0.065177
v -0.991882 -0.005000 -0.062829
v -0.992667 0.005000 -0.063159
v -0.986841 -0.005000 -0.057333
v -0.987171 0.005000 -0.058118
v -0.984823 -0.005000 -0.050378
v -0.984823 0.005000 -0.049622
v -0.987171 -0.005000 -0.041882
v -0.986841 0.005000 -0.042667
v -0.992667 -0.005000 -0.036841
v -0.991882 0.005000 -0.037171
v -0.999622 -0.005000 -0.034823
v -1.000378 0.005000 -0.034823
v -1.008118 -0.005000 -0.037171
v -1.007333 0.005000 -0.036841
v -1.013160 -0.005000 -0.042667
v -1.012829 0.005000 -0.041882
v -1.015177 -0.005000 -0.049622
v -1.015177 0.005000 -0.050378
v -1.012829 -0.005000 -0.058118
v -1.013160 0.005000 -0.057333
v -1.007333 -0.005000 -0.063159
v -1.008118 0.005000 -0.062829
v -1.000378 -0.005000 -0.065177
v -1.050000 -0.002500 -0.100000
v -0.950000 0.002500 -0.100000
v -1.050000 -0.002500 0.000000
v -0.950000 -0.002500 0.000000
v -1.050000 0.002500 0.000000
v -1.050000 0.002500 -0.100000
v -0.950000 -0.002500 -0.100000
v -0.950000 0.002500 0.000000
v -0.967500 0.002500 -0.032500
v -0.988515 0.002500 -0.050000
v -0.981875 0.002500 -0.082500
v -1.000000 0.002500 -0.061485
v -1.000000 0.002500 -0.050000
v -1.000000 0.002500 -0.038515
v -1.007370 0.002500 -0.059033
v -1.011485 0.002500 -0.050000
v -0.997500 0.002500 -0.017500
v -1.032500 0.002500 -0.047500
v -1.034375 -0.002500 -0.062812
v -1.011485 -0.002500 -0.050000
v -1.000000 -0.002500 -0.061485
v -1.000000 -0.002500 -0.050000
v -1.000000 -0.002500 -0.038515
v -0.990293 -0.002500 -0.056371
v -0.988515 -0.002500 -0.050000
v -0.988125 -0.002500 -0.082500
v -0.967500 -0.002500 -0.052500
v -0.983750 -0.002500 -0.017500
v -0.990192 0.002500 -0.056079
v -0.988705 0.002500 -0.052358
v -0.988975 0.002500 -0.046359
v -1.011025 0.002500 -0.053641
v -1.011120 0.002500 -0.046659
v -1.008289 0.002500 -0.041926
v -1.002358 0.002500 -0.061295
v -1.003641 0.002500 -0.038975
v -0.997877 0.002500 -0.061316
v -0.993629 0.002500 -0.059707
v -0.996659 0.002500 -0.038880
v -0.991926 0.002500 -0.041711
v -1.011295 -0.002500 -0.052358
v -1.011316 -0.002500 -0.047877
v -1.010168 -0.002500 -0.044546
v -0.988684 -0.002500 -0.052123
v -0.988705 -0.002500 -0.047642
v -0.990693 -0.002500 -0.043057
v -0.993921 -0.002500 -0.059808
v -0.997642 -0.002500 -0.061295
v -0.995862 -0.002500 -0.039101
v -1.004138 -0.002500 -0.060899
v -1.009307 -0.002500 -0.056943
v -1.002358 -0.002500 -0.038705
v -1.006943 -0.002500 -0.040693
v -0.999078 -0.005000 -0.061412
v -0.998678 0.005000 -0.061373
v -0.993830 -0.005000 -0.059750
v -0.994427 0.005000 -0.060001
v -0.989453 -0.005000 -0.054679
v -0.991024 0.005000 -0.057107
v -0.988987 0.005000 -0.053131
v -0.988588 -0.005000 -0.049078
v -0.988627 0.005000 -0.048678
v -0.990250 -0.005000 -0.043830
v -0.989999 0.005000 -0.044427
v -0.995321 -0.005000 -0.039453
v -0.992893 0.005000 -0.041024
v -0.996869 0.005000 -0.038987
v -1.000922 -0.005000 -0.038588
v -1.001322 0.005000 -0.038627
v -1.006170 -0.005000 -0.040250
v -1.005573 0.005000 -0.039999
v -1.010547 -0.005000 -0.045321
v -1.008976 0.005000 -0.042893
v -1.011013 0.005000 -0.046869
v -1.011412 -0.005000 -0.050922
v -1.011373 0.005000 -0.051322
v -1.009750 -0.005000 -0.056170
v -1.010001 0.005000 -0.055573
v -1.004679 -0.005000 -0.060547
v -1.007107 0.005000 -0.058976
v -1.003131 0.005000 -0.061013
v -1.047922 -0.001807 -0.002078
v -1.047922 -0.001807 -0.097922
v -1.047922 0.001807 -0.097922
v -0.952078 0.001807 -0.002078
v -0.952078 -0.001807 -0.097922
v -0.952078 0.001807 -0.097922
v -0.959674 -0.001651 -0.097455
v -1.040000 -0.001651 -0.097454
v -1.040326 0.001651 -0.097455
v -0.960000 0.001651 -0.097454
v -1.040686 -0.001651 -0.002544
v -0.952110 -0.001789 -0.002193
v -0.959314 0.001651 -0.002544
v -1.047890 0.001789 -0.002193
v -1.047454 -0.001651 -0.090000
v -1.047457 -0.001651 -0.009432
v -1.047456 0.001651 -0.009314
v -1.047454 0.001651 -0.090000
v -0.952544 -0.001651 -0.009314
v -0.952546 -0.001651 -0.090000
v -0.952546 0.001651 -0.090000
v -0.952543 0.001651 -0.009432
v -0.960000 0.001300 -0.090000
v -0.988515 0.001300 -0.050000
v -1.000000 0.001300 -0.061485
v -1.000000 0.001300 -0.050000
v -1.000000 0.001300 -0.038515
v -1.007900 0.001300 -0.058410
v -1.011485 0.001300 -0.050000
v -1.006512 0.001300 -0.040435
v -0.960735 0.001300 -0.010037
v -1.040000 0.001300 -0.090000
v -1.039942 0.001300 -0.010438
v -1.040000 -0.001300 -0.090000
v -1.039271 -0.001299 -0.010083
v -1.011485 -0.001300 -0.050000
v -1.000000 -0.001300 -0.061485
v -1.000000 -0.001300 -0.050000
v -1.000000 -0.001300 -0.038515
v -0.990124 -0.001300 -0.056105
v -0.988515 -0.001300 -0.050000
v -0.993895 -0.001300 -0.040124
v -0.997500 -0.001300 -0.025000
v -0.960434 -0.001300 -0.010066
v -0.960000 -0.001300 -0.090000
v -0.990346 0.001300 -0.056320
v -0.988767 0.001300 -0.052637
v -0.988785 0.001300 -0.047152
v -1.010300 0.001300 -0.055201
v -1.011359 0.001300 -0.051875
v -1.011233 0.001300 -0.047363
v -1.009654 0.001300 -0.043680
v -1.003641 0.001300 -0.061025
v -1.002358 0.001300 -0.038705
v -0.997642 0.001300 -0.061295
v -0.993488 0.001300 -0.059565
v -0.996359 0.001300 -0.038975
v -0.991334 0.001300 -0.042272
v -1.009654 -0.001300 -0.056320
v -1.011233 -0.001300 -0.052637
v -1.011120 -0.001300 -0.046659
v -0.988641 -0.001300 -0.051875
v -0.988767 -0.001300 -0.047363
v -0.990346 -0.001300 -0.043680
v -0.993680 -0.001300 -0.059654
v -0.997363 -0.001300 -0.061233
v -0.998125 -0.001300 -0.038641
v -1.001875 -0.001300 -0.061359
v -1.006105 -0.001300 -0.059876
v -1.002637 -0.001300 -0.038767
v -1.007616 -0.001300 -0.041174
vn 0.7366 -0.0287 -0.6757
vn 0.6757 -0.0287 0.7366
vn -0.7366 -0.0287 0.6757
vn -0.6757 -0.0287 -0.7366
vn -0.0000 1.0000 -0.0000
vn -0.0000 -0.0000 1.0000
vn -0.0000 -0.0000 -1.0000
vn -0.0000 -1.0000 -0.0000
vn 1.0000 -0.0000 -0.0000
vn -1.0000 -0.0000 -0.0000
vn -0.7564 0.0397 0.6529
vn -0.6529 0.0397 -0.7564
vn 0.7564 0.0397 -0.6529
vn 0.6529 0.0397 0.7564
vn -0.0635 -0.0311 -0.9975
vn 0.0429 0.9989 0.0167
vn -0.0443 -0.9989 0.0166
vn -0.0000 0.9989 0.0466
vn 0.0038 -0.0937 -0.9956
vn -0.0000 0.0002 1.0000
vn -0.0000 0.9989 -0.0471
vn -0.0471 0.9989 -0.0000
vn -0.0000 -0.9989 -0.0471
vn 0.0471 -0.9989 -0.0000
vn -0.0468 -0.9989 -0.0000
vn 0.0445 0.9990 0.0002
vn -0.8328 -0.1636 -0.5289
vn 0.8068 -0.2232 0.5470
vn 0.8371 -0.2203 -0.5008
vn 0.4004 -0.2288 0.8873
vn 0.5195 -0.2471 -0.8180
vn -0.3536 -0.0531 0.9339
vn 0.9311 0.1737 -0.3208
vn 0.7555 0.1709 -0.6325
vn -0.5790 0.3045 -0.7564
vn 0.5790 0.3045 0.7564
vn 0.9622 0.0155 -0.2719
vn 0.6757 0.0287 -0.7366
vn 0.9622 -0.0155 0.2719
vn 0.2719 0.0155 0.9622
vn 0.7366 0.0287 0.6757
vn -0.2719 -0.0155 0.9622
vn -0.9622 0.0155 0.2719
vn -0.6757 0.0287 0.7366
vn -0.9622 -0.0155 -0.2719
vn -0.2719 0.0155 -0.9622
vn -0.7366 0.0287 -0.6757
vn 0.2719 -0.0155 -0.9622
vn -0.3042 0.0071 0.9526
vn -0.9926 0.0094 0.1209
vn -0.6477 -0.0195 0.7616
vn -0.8897 -0.0291 0.4557
vn -0.9526 0.0071 -0.3042
vn -0.1209 0.0094 -0.9926
vn -0.7616 -0.0195 -0.6477
vn -0.4557 -0.0291 -0.8897
vn 0.3042 0.0071 -0.9526
vn 0.9926 0.0094 -0.1209
vn 0.6477 -0.0195 -0.7616
vn 0.8897 -0.0291 -0.4557
vn 0.9526 0.0071 0.3042
vn 0.1209 0.0094 0.9926
vn 0.7616 -0.0195 0.6477
vn 0.4557 -0.0291 0.8897
vn 0.9983 -0.0000 -0.0589
vn 0.0601 0.0027 0.9982
vn -0.9981 0.0048 0.0619
vn 0.0307 -0.9991 0.0303
vn -0.0008 -0.9986 0.0530
vn -0.0307 0.9991 0.0302
vn -0.0601 -0.0027 0.9982
vn 0.0013 0.9982 0.0606
vn 0.0635 0.0311 -0.9975
vn -0.0038 0.0937 -0.9956
vn -0.0000 -0.0002 1.0000
vn -0.0000 0.9989 -0.0470
vn -0.0320 0.9990 -0.0320
vn -0.0429 0.9991 0.0004
vn -0.0000 -0.9989 -0.0470
vn 0.0320 -0.9990 -0.0320
vn -0.0327 -0.9990 -0.0312
vn 0.0428 -0.9991 0.0004
vn 0.0327 0.9990 -0.0312
vn -0.0471 -0.9989 -0.0000
vn -0.9983 -0.0000 -0.0589
vn 0.0471 0.9989 -0.0000
vn -1.0000 0.0002 -0.0000
vn 0.9981 -0.0048 0.0619
vn 1.0000 -0.0002 -0.0000
vn -0.9960 0.0154 0.0882
vn 0.9926 -0.0606 0.1054
vn 0.9960 -0.0154 0.0882
vn 0.7045 0.1957 -0.6821
vn -0.9972 0.0106 0.0737
vn -0.0882 -0.0154 0.9960
vn -0.6988 -0.1598 -0.6972
vn -0.1172 0.0794 -0.9899
vn 0.1076 0.0540 0.9927
vn 0.1076 -0.0540 -0.9927
vn -0.7222 -0.0247 0.6912
vn -0.9239 -0.0000 0.3827
vn -0.9929 -0.0417 -0.1117
vn 0.9946 -0.0168 -0.1027
vn -0.8744 0.1636 -0.4568
vn 0.8001 -0.0428 0.5983
vn 0.9375 0.1785 0.2987
vn -0.0800 0.0007 0.9968
vn 0.9096 0.1431 -0.3900
vn 0.5120 0.2068 0.8337
vn 0.3767 0.1996 -0.9046
vn -0.1173 0.0245 -0.9928
vn -0.3837 0.0641 0.9212
vn -0.5316 0.0336 -0.8463
vn 0.9169 0.0523 0.3956
vn 0.6988 -0.1598 0.6972
vn 0.9947 -0.0317 -0.0974
vn -0.9394 0.0100 0.3426
vn 0.8117 -0.2691 -0.5184
vn -0.9960 -0.0154 -0.0882
vn -0.9169 0.0523 -0.3956
vn -0.6971 -0.0061 0.7170
vn -0.3827 -0.0000 0.9239
vn 0.1172 0.0794 0.9899
vn -0.3201 -0.2533 -0.9129
vn 0.0882 -0.0154 -0.9960
vn 0.3201 -0.2533 0.9129
vn 0.4172 -0.0395 -0.9079
vt 0.839652 1.000000
vt 0.830933 0.500000
vt 0.910348 0.500000
vt 0.589652 1.000000
vt 0.580933 0.500000
vt 0.660348 0.500000
vt 0.339652 1.000000
vt 0.330933 0.500000
vt 0.410348 0.500000
vt 0.089652 1.000000
vt 0.080933 0.500000
vt 0.160348 0.500000
vt 0.743750 0.706250
vt 0.625000 0.750000
vt 0.668750 0.668750
vt 0.875000 0.750000
vt 0.375000 1.000000
vt 0.375000 0.750000
vt 0.625000 0.250000
vt 0.375000 0.500000
vt 0.375000 0.250000
vt 0.279687 0.543750
vt 0.331250 0.618750
vt 0.275000 0.606513
vt 0.274633 0.645019
vt 0.275000 0.631549
vt 0.290625 0.706250
vt 0.125000 0.500000
vt 0.164062 0.592969
vt 0.225367 0.604981
vt 0.225000 0.618451
vt 0.125000 0.750000
vt 0.875000 0.500000
vt 0.704687 0.543750
vt 0.625000 0.500000
vt 0.625000 -0.000000
vt 0.375000 -0.000000
vt 0.816403 0.500000
vt 0.856567 1.000000
vt 0.910153 0.500000
vt 0.566403 0.500000
vt 0.606567 1.000000
vt 0.660153 0.500000
vt 0.316403 0.500000
vt 0.356567 1.000000
vt 0.410153 0.500000
vt 0.066403 0.500000
vt 0.106567 1.000000
vt 0.160153 0.500000
vt 0.625000 0.999869
vt 0.375000 0.976716
vt 0.374869 0.750000
vt 0.375000 0.726715
vt 0.348909 0.725073
vt 0.874869 0.750000
vt 0.875000 0.726715
vt 0.850037 0.723913
vt 0.148285 0.750000
vt 0.151853 0.723575
vt 0.625000 0.773285
vt 0.375000 0.750131
vt 0.375000 0.475814
vt 0.625000 0.274186
vt 0.375000 0.275000
vt 0.275000 0.607379
vt 0.275000 0.619792
vt 0.256250 0.687500
vt 0.267621 0.650000
vt 0.242660 0.650000
vt 0.228705 0.648641
vt 0.150000 0.525000
vt 0.350814 0.500000
vt 0.150000 0.500000
vt 0.125000 0.726420
vt 0.125000 0.525000
vt 0.850000 0.525000
vt 0.775000 0.625000
vt 0.775000 0.632340
vt 0.775000 0.643451
vt 0.769031 0.650000
vt 0.651853 0.723579
vt 0.756553 0.650000
vt 0.650000 0.525000
vt 0.730969 0.600000
vt 0.743447 0.600000
vt 0.726260 0.646904
vt 0.850814 0.500000
vt 0.650000 0.500000
vt 0.625000 0.726420
vt 0.625000 0.525000
vt 0.350000 0.525000
vt 0.753903 0.500000
vt 0.794067 1.000000
vt 0.746097 1.000000
vt 0.737183 0.500000
vt 0.503903 0.500000
vt 0.544067 1.000000
vt 0.496097 1.000000
vt 0.487183 0.500000
vt 0.253903 0.500000
vt 0.294067 1.000000
vt 0.246097 1.000000
vt 0.237183 0.500000
vt 0.011857 0.500000
vt 0.044067 1.000000
vt 0.012817 1.000000
vt 0.000000 0.500000
vt 0.725000 0.635157
vt 0.726834 0.648581
vt 0.775000 0.614843
vt 0.775000 0.610117
vt 0.770748 0.601023
vt 0.773582 0.648166
vt 0.775000 0.634303
vt 0.760141 0.600000
vt 0.756549 0.600000
vt 0.760157 0.650000
vt 0.744094 0.600000
vt 0.731510 0.600000
vt 0.225000 0.630906
vt 0.225000 0.634289
vt 0.225000 0.640673
vt 0.229981 0.649633
vt 0.261564 0.650000
vt 0.238436 0.600000
vt 0.232379 0.600000
vt 0.919067 1.000000
vt 0.669067 1.000000
vt 0.419067 1.000000
vt 0.169067 1.000000
vt 0.625000 1.000000
vt 0.275000 0.625000
vt 0.275000 0.619094
vt 0.267660 0.600000
vt 0.256549 0.600000
vt 0.250000 0.600000
vt 0.250000 0.650000
vt 0.987183 0.500000
vt 0.988143 1.000000
vt 0.243451 0.650000
vt 0.225000 0.625000
vt 0.831250 0.631250
vt 0.750000 0.600000
vt 0.750000 0.650000
vt 0.740697 0.650000
vt 0.725000 0.607340
vt 0.725000 0.618451
vt 0.725000 0.625000
vt 0.981567 1.000000
vt 0.987183 0.500000
vt 0.731567 1.000000
vt 0.481567 1.000000
vt 0.231567 1.000000
vt 0.000000 1.000000
vt 0.625000 0.225000
vt 0.375000 0.225000
vt 0.375000 0.250000
vt 0.625000 0.475000
vt 0.625000 0.750000
vt 0.648285 0.750000
vt 0.275000 0.632340
vt 0.275000 0.643451
vt 0.257340 0.600000
vt 0.268451 0.600000
vt 0.255208 0.650000
vt 0.244792 0.600000
vt 0.225000 0.617660
vt 0.225000 0.606549
vt 0.775000 0.619792
vt 0.773145 0.600861
vt 0.739831 0.650000
vt 0.725000 0.617660
vt 0.725000 0.606549
vt 0.725000 0.632910
vt 0.875000 0.525000
vt 0.375000 0.525000
vt 0.625000 0.000000
vt 0.375000 0.000000
vt 0.375000 0.023580
vt 0.625000 0.023285
s 0
usemtl Brass
f 877/962/1236 876/963/1236 874/964/1236
f 883/965/1237 882/966/1237 880/967/1237
f 889/968/1238 888/969/1238 886/970/1238
f 895/971/1239 894/972/1239 892/973/1239
f 954/999/1246 955/1000/1246 952/1001/1246
f 961/1002/1247 962/1003/1247 959/1004/1247
f 968/1005/1248 969/1006/1248 966/1007/1248
f 975/1008/1249 976/1009/1249 973/1010/1249
f 878/1053/1243 954/999/1243 876/963/1243
f 877/962/1240 956/1054/1240 879/1055/1240
f 878/1053/1243 957/1056/1243 954/999/1243
f 884/1057/1243 961/1002/1243 882/966/1243
f 883/965/1240 963/1058/1240 885/1059/1240
f 884/1057/1243 964/1060/1243 961/1002/1243
f 890/1061/1243 968/1005/1243 888/969/1243
f 889/968/1240 970/1062/1240 891/1063/1240
f 890/1061/1243 971/1064/1243 968/1005/1243
f 896/1065/1243 975/1008/1243 894/972/1243
f 895/971/1240 977/1066/1240 873/1067/1240
f 896/1065/1243 950/1068/1243 975/1008/1243
f 878/1053/1272 876/963/1272 877/962/1272 879/1055/1272
f 875/1088/1273 877/962/1273 874/964/1273
f 880/967/1274 878/1053/1274 879/1055/1274 881/1089/1274
f 884/1057/1275 882/966/1275 883/965/1275 885/1059/1275
f 881/1089/1276 883/965/1276 880/967/1276
f 886/970/1277 884/1057/1277 885/1059/1277 887/1090/1277
f 890/1061/1278 888/969/1278 889/968/1278 891/1063/1278
f 887/1090/1279 889/968/1279 886/970/1279
f 892/973/1280 890/1061/1280 891/1063/1280 893/1091/1280
f 896/1065/1281 894/972/1281 895/971/1281 873/1067/1281
f 893/1091/1282 895/971/1282 892/973/1282
f 874/964/1283 896/1099/1283 873/1100/1283 875/1088/1283
f 951/1110/1284 950/1111/1284 952/1001/1284 953/1088/1284
f 956/1054/1285 954/999/1285 957/1056/1285 958/1112/1285
f 952/1001/1286 955/1000/1286 953/1088/1286
f 954/999/1287 956/1054/1287 955/1000/1287
f 958/1112/1288 957/1056/1288 959/1004/1288 960/1089/1288
f 963/1058/1289 961/1002/1289 964/1060/1289 965/1113/1289
f 959/1004/1290 962/1003/1290 960/1089/1290
f 961/1002/1291 963/1058/1291 962/1003/1291
f 965/1113/1292 964/1060/1292 966/1007/1292 967/1090/1292
f 970/1062/1293 968/1005/1293 971/1064/1293 972/1114/1293
f 966/1007/1294 969/1006/1294 967/1090/1294
f 968/1005/1295 970/1062/1295 969/1006/1295
f 972/1114/1296 971/1064/1296 973/1010/1296 974/1091/1296
f 977/1066/1297 975/1008/1297 950/1068/1297 951/1115/1297
f 973/1010/1298 976/1009/1298 974/1091/1298
f 975/1008/1299 977/1066/1299 976/1009/1299
f 950/1111/1243 896/1099/1243 874/964/1243 952/1001/1243
f 953/1088/1240 875/1088/1240 873/1100/1240 951/1110/1240
f 955/1000/1240 877/962/1240 875/1088/1240 953/1088/1240
f 952/1001/1243 874/964/1243 876/963/1243 954/999/1243
f 957/1056/1243 878/1053/1243 880/967/1243 959/1004/1243
f 877/962/1240 955/1000/1240 956/1054/1240
f 879/1055/1240 956/1054/1240 958/1112/1240
f 960/1089/1240 881/1089/1240 879/1055/1240 958/1112/1240
f 962/1003/1240 883/965/1240 881/1089/1240 960/1089/1240
f 959/1004/1243 880/967/1243 882/966/1243 961/1002/1243
f 964/1060/1243 884/1057/1243 886/970/1243 966/1007/1243
f 883/965/1240 962/1003/1240 963/1058/1240
f 885/1059/1240 963/1058/1240 965/1113/1240
f 967/1090/1240 887/1090/1240 885/1059/1240 965/1113/1240
f 969/1006/1240 889/968/1240 887/1090/1240 967/1090/1240
f 966/1007/1243 886/970/1243 888/969/1243 968/1005/1243
f 971/1064/1243 890/1061/1243 892/973/1243 973/1010/1243
f 889/968/1240 969/1006/1240 970/1062/1240
f 891/1063/1240 970/1062/1240 972/1114/1240
f 974/1091/1240 893/1091/1240 891/1063/1240 972/1114/1240
f 976/1009/1240 895/971/1240 893/1091/1240 974/1091/1240
f 973/1010/1243 892/973/1243 894/972/1243 975/1008/1243
f 895/971/1240 976/1009/1240 977/1066/1240
f 873/1067/1240 977/1066/1240 951/1115/1240
usemtl ThickCloth
f 913/974/1240 904/975/1240 905/976/1240
f 901/977/1240 904/975/1240 913/974/1240
f 904/975/1241 899/978/1241 900/979/1241
f 902/980/1242 903/981/1242 897/982/1242
f 922/983/1243 923/984/1243 920/985/1243
f 923/984/1243 942/986/1243 941/987/1243
f 923/984/1243 924/988/1243 942/986/1243
f 903/981/1243 922/983/1243 897/989/1243
f 915/990/1243 947/991/1243 937/992/1243
f 915/990/1243 899/993/1243 897/989/1243
f 902/994/1240 907/995/1240 898/996/1240
f 905/976/1240 904/975/1240 898/996/1240
f 903/981/1243 923/984/1243 922/983/1243
f 900/979/1243 924/988/1243 923/984/1243
f 898/996/1244 900/979/1244 903/981/1244
f 901/997/1245 897/982/1245 899/998/1245
f 978/978/1250 991/1011/1250 988/1012/1250
f 989/1013/1251 996/1014/1251 1021/1015/1251
f 991/1016/1252 994/1017/1252 1010/1018/1252
f 988/1019/1253 1021/1015/1253 1012/1020/1253
f 988/1012/1254 990/1021/1254 989/1022/1254
f 984/1023/1255 986/1024/1255 985/1025/1255
f 1017/1026/1240 1039/1027/1240 1021/1015/1240
f 1020/1028/1240 1021/1015/1240 1019/1029/1240
f 1020/1028/1240 1047/1030/1240 1048/1031/1240
f 1011/1032/1256 984/1033/1256 985/1034/1256
f 993/1035/1257 1011/1032/1257 992/1036/1257
f 1010/1018/1243 1009/1037/1243 1006/1038/1243 1028/1039/1243 1029/1040/1243 1007/1041/1243
f 1008/1042/1243 1010/1018/1243 1007/1041/1243
f 1008/1042/1243 1007/1041/1243 1031/1043/1243
f 1000/1044/1243 1033/1045/1243 1032/1046/1243
f 1000/1044/1243 1008/1042/1243 1035/1047/1243
f 1000/1044/1258 986/1048/1258 987/1049/1258
f 999/1050/1259 1000/1044/1259 998/1051/1259
f 1010/1018/1260 994/1017/1260 1009/1037/1260
f 1021/1015/1261 996/1014/1261 1022/1052/1261
f 927/1069/1262 1035/1047/1262 936/1070/1262
f 928/1071/1263 1026/1072/1263 911/1073/1263
f 930/1074/1264 1029/1040/1264 929/1075/1264
f 911/1073/1265 1030/1076/1265 931/1077/1265
f 932/1078/1266 1007/1041/1266 930/1074/1266
f 933/1079/1267 1032/1046/1267 934/1080/1267
f 938/1081/1268 1038/1082/1268 939/1083/1268
f 939/1083/1269 1048/1031/1269 949/1084/1269
f 945/1085/1270 1019/1029/1270 942/986/1270
f 946/1086/1271 1046/1087/1271 947/991/1271
f 924/988/1243 900/979/1243 899/993/1243
f 904/975/1241 901/1092/1241 899/978/1241
f 902/980/1242 898/996/1242 903/981/1242
f 923/984/1243 921/1093/1243 940/1094/1243
f 923/984/1243 940/1094/1243 920/985/1243
f 941/987/1243 921/1093/1243 923/984/1243
f 943/1095/1243 944/1096/1243 917/1097/1243 922/983/1243 920/985/1243
f 924/988/1243 919/1098/1243 945/1085/1243
f 942/986/1243 924/988/1243 945/1085/1243
f 947/991/1243 922/983/1243 946/1086/1243
f 922/983/1243 917/1097/1243 946/1086/1243
f 919/1098/1243 924/988/1243 948/1101/1243
f 924/988/1243 949/1084/1243 948/1101/1243
f 897/989/1243 922/983/1243 915/990/1243
f 922/983/1243 947/991/1243 915/990/1243
f 937/992/1243 916/1102/1243 915/990/1243
f 938/1081/1243 939/1083/1243 949/1084/1243 915/990/1243 916/1102/1243
f 924/988/1243 899/993/1243 915/990/1243 949/1084/1243
f 914/1103/1240 911/1073/1240 907/995/1240 902/994/1240
f 913/974/1240 930/1074/1240 914/1103/1240 901/977/1240
f 914/1103/1240 912/1038/1240 928/1071/1240
f 928/1071/1240 911/1073/1240 914/1103/1240
f 929/1075/1240 912/1038/1240 914/1103/1240
f 914/1103/1240 930/1074/1240 929/1075/1240
f 908/1104/1240 907/995/1240 931/1077/1240
f 907/995/1240 911/1073/1240 931/1077/1240
f 913/974/1240 910/1105/1240 932/1078/1240
f 930/1074/1240 913/974/1240 932/1078/1240
f 907/995/1240 908/1104/1240 933/1079/1240
f 933/1079/1240 934/1080/1240 907/995/1240
f 910/1105/1240 913/974/1240 935/1106/1240
f 913/974/1240 936/1070/1240 935/1106/1240
f 907/995/1240 934/1080/1240 905/976/1240
f 925/1107/1240 926/1108/1240 906/1109/1240 905/976/1240 934/1080/1240
f 905/976/1240 906/1109/1240 927/1069/1240
f 927/1069/1240 936/1070/1240 905/976/1240
f 905/976/1240 936/1070/1240 913/974/1240
f 907/995/1240 905/976/1240 898/996/1240
f 902/994/1240 901/977/1240 914/1103/1240
f 903/981/1243 900/979/1243 923/984/1243
f 898/996/1244 904/975/1244 900/979/1244
f 901/997/1245 902/980/1245 897/982/1245
f 995/1116/1300 992/1117/1300 979/1118/1300 980/980/1300
f 987/1119/1301 984/1023/1301 982/981/1301 983/996/1301
f 999/1050/1302 996/1014/1302 989/1013/1302 981/1120/1302
f 990/1121/1303 1008/1042/1303 999/1050/1303 981/1120/1303
f 1010/1018/1304 1008/1042/1304 990/1121/1304 991/1016/1304
f 988/1019/1305 1012/1020/1305 993/1035/1305 978/993/1305
f 980/980/1306 979/1118/1306 985/1025/1306 986/1024/1306
f 988/1019/1307 989/1013/1307 1021/1015/1307
f 989/1022/1308 990/1021/1308 981/1120/1308
f 988/1012/1309 991/1011/1309 990/1021/1309
f 984/1023/1310 987/1119/1310 986/1024/1310
f 1022/1052/1240 1017/1026/1240 1021/1015/1240
f 1018/1093/1240 1021/1015/1240 1039/1027/1240
f 1021/1015/1240 1018/1093/1240 1040/1122/1240 1041/1123/1240 1019/1029/1240
f 1043/1124/1240 1042/1125/1240 1017/1026/1240 1022/1052/1240 1011/1032/1240 1014/1097/1240
f 1044/1126/1240 1016/1098/1240 1020/1028/1240
f 1019/1029/1240 1044/1126/1240 1020/1028/1240
f 1045/1127/1240 1014/1097/1240 1011/1032/1240
f 1046/1087/1240 1045/1127/1240 1011/1032/1240
f 1020/1028/1240 1016/1098/1240 1047/1030/1240
f 1012/1020/1240 1021/1015/1240 1020/1028/1240
f 1011/1032/1311 1022/1052/1311 984/1033/1311
f 1037/1128/1240 1036/1129/1240 1046/1087/1240 1011/1032/1240 1013/1102/1240
f 1020/1028/1240 1048/1031/1240 1011/1032/1240 1012/1020/1240
f 1013/1102/1240 1011/1032/1240 1038/1082/1240
f 1011/1032/1240 1048/1031/1240 1038/1082/1240
f 985/1034/1312 979/989/1312 992/1036/1312 1011/1032/1312
f 993/1035/1313 1012/1020/1313 1011/1032/1313
f 1026/1072/1243 1027/1130/1243 1006/1038/1243 1009/1037/1243 1005/1131/1243
f 1000/1044/1243 1002/1104/1243 1030/1076/1243 1005/1131/1243 1009/1037/1243
f 1031/1043/1243 1004/1105/1243 1008/1042/1243
f 1032/1046/1243 1002/1104/1243 1000/1044/1243
f 1008/1042/1243 1004/1105/1243 1034/1132/1243
f 1034/1132/1243 1035/1047/1243 1008/1042/1243
f 1000/1044/1314 1009/1037/1314 986/1048/1314
f 1024/1133/1243 1023/1134/1243 1033/1045/1243 1000/1044/1243 1001/1109/1243
f 987/1049/1315 983/996/1315 998/1051/1315 1000/1044/1315
f 1001/1109/1243 1000/1044/1243 1025/1135/1243
f 1000/1044/1243 1035/1047/1243 1025/1135/1243
f 995/1136/1316 980/994/1316 986/1048/1316 1009/1037/1316
f 999/1050/1317 1008/1042/1317 1000/1044/1317
f 997/1137/1318 982/981/1318 984/1033/1318 1022/1052/1318
f 1009/1037/1319 994/1017/1319 995/1136/1319
f 983/996/1320 982/981/1320 997/1137/1320 998/1051/1320
f 1022/1052/1321 996/1014/1321 997/1137/1321
f 998/1051/1322 997/1137/1322 996/1014/1322 999/1050/1322
f 991/1138/1323 978/1139/1323 993/1140/1323 994/1141/1323
f 994/1141/1324 993/1140/1324 992/1117/1324 995/1116/1324
f 1001/1109/1325 906/1109/1325 926/1108/1325 1024/1133/1325
f 1027/1130/1326 928/1071/1326 912/1038/1326 1006/1038/1326
f 1013/1102/1327 916/1102/1327 937/992/1327 1037/1128/1327
f 930/1074/1328 1007/1041/1328 1029/1040/1328
f 1039/1027/1329 940/1094/1329 921/1093/1329 1018/1093/1329
f 1014/1097/1330 917/1097/1330 944/1096/1330 1043/1124/1330
f 942/986/1331 1019/1029/1331 1041/1123/1331
f 1044/1126/1332 945/1085/1332 919/1098/1332 1016/1098/1332
f 1002/1104/1333 908/1104/1333 931/1077/1333 1030/1076/1333
f 1031/1043/1334 932/1078/1334 910/1105/1334 1004/1105/1334
f 1023/1134/1335 925/1107/1335 934/1080/1335 1033/1045/1335
f 1024/1133/1336 926/1108/1336 925/1107/1336 1023/1134/1336
f 1025/1135/1337 927/1069/1337 906/1109/1337 1001/1109/1337
f 1006/1038/1338 912/1038/1338 929/1075/1338 1028/1039/1338
f 927/1069/1339 1025/1135/1339 1035/1047/1339
f 911/1073/1340 1026/1072/1340 1005/1131/1340
f 928/1071/1341 1027/1130/1341 1026/1072/1341
f 1032/1046/1342 933/1079/1342 908/1104/1342 1002/1104/1342
f 929/1075/1343 1029/1040/1343 1028/1039/1343
f 911/1073/1344 1005/1131/1344 1030/1076/1344
f 932/1078/1345 1031/1043/1345 1007/1041/1345
f 1004/1105/1346 910/1105/1346 935/1106/1346 1034/1132/1346
f 934/1080/1347 1032/1046/1347 1033/1045/1347
f 1034/1132/1348 935/1106/1348 936/1070/1348 1035/1047/1348
f 1037/1128/1349 937/992/1349 947/991/1349 1036/1129/1349
f 947/991/1350 1046/1087/1350 1036/1129/1350
f 1038/1082/1351 938/1081/1351 916/1102/1351 1013/1102/1351
f 1017/1026/1352 920/985/1352 940/1094/1352 1039/1027/1352
f 939/1083/1353 1038/1082/1353 1048/1031/1353
f 1018/1093/1354 921/1093/1354 941/987/1354 1040/1122/1354
f 1040/1122/1355 941/987/1355 942/986/1355 1041/1123/1355
f 1042/1125/1356 943/1095/1356 920/985/1356 1017/1026/1356
f 1043/1124/1357 944/1096/1357 943/1095/1357 1042/1125/1357
f 1045/1127/1358 946/1086/1358 917/1097/1358 1014/1097/1358
f 945/1085/1359 1044/1126/1359 1019/1029/1359
f 1016/1098/1360 919/1098/1360 948/1101/1360 1047/1030/1360
f 946/1086/1361 1045/1127/1361 1046/1087/1361
f 1047/1030/1362 948/1101/1362 949/1084/1362 1048/1031/1362
l 908 909
l 909 910
l 917 918
l 918 919
l 921 918
l 918 916
l 912 909
l 909 906
l 1002 1003
l 1003 1004
l 1014 1015
l 1015 1016
l 1018 1015
l 1015 1013
l 1006 1003
l 1003 1001
o Rope03
v -1.000092 -0.061972 -0.040608
v -0.991941 -0.058967 -0.033313
v -1.005373 -0.148949 0.403399
v -1.001775 -0.055446 -0.025013
v -1.007924 -0.059118 -0.033790
v -1.007868 -0.082704 -0.021901
v -1.007431 0.141342 0.429592
v -1.006889 -0.031861 0.505793
v -1.007674 -0.087273 0.479865
v -1.007124 -0.137937 0.436533
v -1.006968 -0.188682 0.122163
v -1.007588 -0.097142 -0.013384
v -1.007506 -0.203313 0.236086
v -1.007733 -0.182908 0.348071
v -1.007512 0.000033 0.508252
v -1.006662 0.039341 0.504676
v -1.007605 0.083864 0.483405
v -1.007670 0.166848 0.387333
v -1.007127 0.192907 0.319178
v -1.006462 0.203600 0.200319
v -1.007935 0.200879 0.246071
v -1.007802 0.184559 0.116398
v -1.006648 0.088523 -0.022364
v -1.007481 0.013266 -0.047897
v -1.007571 -0.137888 0.026854
v -1.007774 -0.174507 0.089418
v -1.007505 -0.204079 0.226132
v -1.007640 -0.200907 0.265822
v -1.006399 -0.177016 0.371295
v -1.005789 -0.173986 0.080233
v -1.006065 -0.170649 0.386512
v -1.007631 -0.033940 -0.044237
v -1.005420 -0.118174 -0.000603
v -1.005489 -0.202977 0.182483
v -1.005629 -0.193807 0.325258
v -1.003757 -0.095963 -0.020301
v -1.004638 -0.201138 0.295393
v -1.003494 -0.190783 0.340924
v -1.004707 -0.087094 0.485709
v -1.005001 0.118725 0.460335
v -1.005038 0.178635 0.370041
v -1.005713 0.193413 0.133779
v -1.003713 0.180116 0.090292
v -1.003441 0.155457 0.042912
v -1.003648 -0.055182 -0.042143
v -1.004788 -0.186495 0.108657
v -1.005509 -0.202339 0.176352
v -1.002802 -0.054824 0.502497
v -1.003857 0.204029 0.279535
v -1.002795 -0.082414 -0.029449
v -1.005323 -0.154811 0.043450
v -1.004636 -0.127219 0.007749
v -1.004997 -0.146544 0.032345
v -1.000092 -0.127128 0.454207
v -1.002229 0.157287 0.414876
v -1.000092 0.192226 0.338866
v -1.000748 0.207014 0.200788
v -1.000092 0.055169 -0.043023
v -1.001794 -0.000009 -0.052666
v -1.000092 -0.206121 0.269681
v -0.998396 -0.160527 0.410498
v -0.999765 -0.175100 0.076990
v -1.000092 -0.179886 0.372074
v -1.000092 -0.164867 0.402365
v -0.999303 0.001004 0.512840
v -1.000092 0.191615 0.119780
v -1.000700 0.126419 0.005056
v -0.997176 0.027817 -0.050386
v -1.000092 -0.106883 -0.012837
v -1.000092 -0.165381 0.058410
v -0.997664 -0.200797 0.156019
v -0.999327 -0.147845 0.031211
v -0.999356 -0.206362 0.194398
v -0.996957 -0.205436 0.269758
v -1.000092 -0.027473 0.510335
v -0.995047 0.021627 0.510324
v -0.999580 0.058525 0.501904
v -1.000092 0.082664 0.489578
v -0.998684 0.180219 0.370826
v -0.997568 0.204548 0.281249
v -1.000092 0.102862 -0.016350
v -1.000092 0.080754 -0.030684
v -1.000092 -0.029419 -0.049964
v -0.999327 -0.205990 0.193659
v -0.996929 -0.191075 0.340261
v -0.998374 -0.189235 0.112498
v -0.996411 -0.080642 -0.030067
v -0.998564 -0.192094 0.122238
v -1.000092 -0.207803 0.232266
v -0.994989 0.206217 0.230491
v -0.996752 0.200194 0.155697
v -0.996067 0.169975 0.068677
v -1.000092 -0.200238 0.306176
v -0.996982 -0.179106 0.372897
v -0.992592 -0.100590 -0.012331
v -0.994885 -0.172290 0.075852
v -0.995722 -0.195779 0.320913
v -0.996540 -0.147717 0.428012
v -0.996538 -0.106025 0.472587
v -0.996539 -0.081449 0.489704
v -0.998613 0.120407 0.461103
v -0.994156 0.157638 0.410494
v -0.994533 0.136298 0.019285
v -0.993019 0.000611 -0.049248
v -0.995554 -0.056714 -0.040583
v -0.993677 -0.092713 -0.019852
v -0.997616 -0.135596 0.015683
v -0.996957 -0.207463 0.231906
v -0.992755 -0.203363 0.233516
v -0.992714 -0.158045 0.405153
v -0.994348 -0.038206 0.505789
v -0.993515 0.197285 0.302976
v -0.992593 0.200669 0.186354
v -0.992553 -0.033940 -0.044237
v -0.992423 -0.161420 0.061559
v -0.992788 -0.202347 0.200366
v -0.994759 -0.134980 0.016696
v -0.994240 -0.197100 0.147549
v -0.993453 0.067886 0.494235
v -0.992423 0.113979 0.459899
v -0.993158 0.183526 0.352027
v -0.992579 0.186449 0.118888
v -0.992412 0.053726 -0.037325
v -0.992430 -0.133195 0.020411
v -0.993255 -0.184645 0.111147
v -0.992668 -0.197046 0.299313
v -0.993132 -0.201083 0.185038
v -0.992235 0.200229 0.252881
v -0.992389 -0.196517 0.290522
v -0.992889 -0.177038 0.368060
v -0.992639 -0.103916 0.469879
v -0.992144 0.147703 0.044503
v -0.992330 -0.192574 0.153366
v -0.992355 -0.177721 0.359621
v -0.992196 -0.153620 0.406398
v -0.992106 -0.163325 0.071949
v -0.992323 -0.026514 0.504212
v -0.992573 0.038620 0.498675
v -0.993217 -0.126274 0.022122
v -0.992923 -0.186040 0.139874
v -0.992996 -0.197119 0.243229
v -0.993238 -0.130921 0.432519
v -0.993219 -0.085929 0.474759
v -0.992762 0.151227 0.405624
v -0.992737 0.088822 -0.021069
v -0.993221 -0.064588 -0.026927
v -0.993050 -0.194977 0.183667
v -0.993078 -0.187187 0.315082
v -0.993342 -0.087422 -0.013300
v -0.993565 -0.185706 0.317640
v -0.993295 -0.163312 0.380777
v -0.995508 -0.049734 0.489040
v -0.994097 -0.015570 0.499657
v -0.994186 0.106546 0.456409
v -0.992994 0.183808 0.326610
v -0.994126 0.191375 0.177049
v -0.993318 0.176720 0.111373
v -0.994527 0.064818 -0.024528
v -0.996179 0.025829 -0.035275
v -0.994418 -0.136288 0.037871
v -0.994076 -0.161300 0.077608
v -0.995960 -0.165297 0.367700
v -0.994886 0.058475 0.487174
v -0.995375 0.166381 0.367332
v -0.994378 0.194021 0.253214
v -0.996059 0.136613 0.040871
v -0.993912 0.111692 0.008186
v -0.993680 -0.012215 -0.040161
v -0.997144 -0.147302 0.402373
v -0.996455 -0.157639 0.074498
v -0.994569 -0.189393 0.167698
v -0.996755 -0.193026 0.242531
v -0.998485 0.027211 0.494431
v -0.998493 0.133893 0.420922
v -0.999038 0.184877 0.300658
v -0.996710 0.161987 0.083895
v -0.996454 -0.050432 -0.028751
v -0.998493 -0.190012 0.192707
v -0.994363 -0.194710 0.245287
v -0.997064 -0.177666 0.333331
v -1.000092 -0.074134 -0.015951
v -0.998380 -0.123315 0.024798
v -0.997826 -0.152332 0.393278
v -1.000092 -0.135648 0.418229
v -1.000273 -0.116635 0.441534
v -1.000092 -0.096910 0.459994
v -1.000092 -0.073633 0.476337
v -0.999237 0.192198 0.219706
v -0.998548 -0.185105 0.157871
v -1.000092 -0.184841 0.301092
v -1.000880 -0.096487 -0.000691
v -1.000591 -0.181704 0.141123
v -0.999327 -0.185287 0.301246
v -0.999593 -0.172650 0.347750
v -1.000092 -0.026245 0.494423
v -0.999326 -0.001251 0.497059
v -1.000880 0.115310 0.443167
v -1.000092 0.176389 0.335592
v -1.000092 -0.000561 -0.036872
v -0.999949 -0.024960 -0.034684
v -1.000092 -0.074279 -0.016226
v -0.995721 -0.104311 0.003932
v -0.998961 -0.168319 0.100913
v -1.000880 -0.190274 0.265193
v -1.000877 -0.190183 0.193898
v -1.000657 0.083640 0.470851
v -1.001310 0.183216 0.148192
v -1.002435 0.117087 0.018281
v -0.999415 0.087295 -0.008299
v -1.001303 0.052230 -0.026944
v -1.000857 -0.192137 0.228566
v -1.003119 -0.151670 0.065128
v -1.003241 -0.192904 0.242831
v -1.002358 0.190521 0.267982
v -1.003161 0.162274 0.085027
v -1.004956 0.134034 0.036525
v -1.003114 -0.050252 -0.028393
v -1.000986 -0.140775 0.048060
v -1.005693 -0.175605 0.345282
v -1.004483 -0.152998 0.393912
v -0.999446 0.155807 0.386319
v -1.005673 -0.170896 0.101300
v -1.005720 -0.124840 0.023529
v -1.003954 -0.170722 0.104253
v -1.006238 -0.187794 0.302053
v -1.006304 -0.000972 0.499728
v -1.004622 0.058967 0.486197
v -1.005834 0.158924 0.386186
v -1.005670 0.025619 -0.037119
v -1.006238 -0.187734 0.157707
v -1.004485 -0.174942 0.345633
v -1.006186 -0.037943 0.494822
v -1.007242 0.143321 0.415785
v -1.006121 0.179313 0.336167
v -1.005115 0.194172 0.221125
v -1.005406 0.089770 -0.009107
v -1.003575 -0.103727 0.003952
v -1.006105 -0.194553 0.206286
v -1.006962 -0.087324 -0.013648
v -1.006482 -0.190305 0.166689
v -1.006963 -0.131086 0.432366
v -1.006964 -0.085929 0.474759
v -1.006962 0.107411 0.457561
v -1.006343 0.191169 0.288304
v -1.006699 0.186699 0.147104
v -1.007383 0.051825 -0.032331
v -1.006459 -0.012475 -0.040064
v -1.006972 -0.194533 0.266134
v -1.007211 -0.161018 0.072485
v -1.007188 -0.197119 0.243229
v -1.007300 0.037361 0.497471
v -1.007210 0.166068 0.082993
v -1.006963 -0.064588 -0.026927
v -1.006589 -0.136872 0.035302
v -1.007843 -0.141677 0.033992
v -1.007869 -0.193648 0.153860
v -1.007545 0.065389 -0.033874
v -1.007889 -0.185906 0.329283
v -1.008131 -0.155249 0.407412
v -1.007794 0.136443 0.024070
vn -0.4217 0.3646 0.8302
vn -0.9878 0.0668 0.1408
vn -0.7325 0.6651 0.1453
vn -0.9638 0.1150 0.2407
vn -0.8334 -0.5484 0.0682
vn -0.9994 -0.0284 -0.0178
vn -0.9901 -0.0337 -0.1363
vn -0.9885 0.1034 -0.1101
vn -0.9997 0.0092 -0.0234
vn -0.9998 0.0211 -0.0039
vn -0.9670 0.2481 -0.0577
vn -0.9261 0.3708 -0.0694
vn -0.9984 0.0561 -0.0042
vn -0.9957 -0.0829 -0.0413
vn -0.9746 0.1931 0.1130
vn -0.9770 0.2108 0.0323
vn -0.9745 0.1938 0.1135
vn -0.9689 -0.1584 0.1901
vn -0.9424 -0.2950 0.1577
vn 0.2860 -0.9315 -0.2249
vn -0.1138 -0.9645 -0.2384
vn -0.9735 -0.2137 -0.0815
vn -0.9674 -0.2021 -0.1525
vn -0.8485 -0.1583 -0.5050
vn -0.5559 0.5973 0.5781
vn -0.9593 0.1190 0.2561
vn 0.1342 -0.7120 0.6893
vn -0.9568 -0.2891 -0.0304
vn -0.9676 0.2373 -0.0863
vn -0.6264 0.7252 0.2857
vn -0.8637 0.3400 0.3720
vn -0.4890 0.2177 0.8447
vn -0.7233 -0.6556 0.2167
vn -0.7264 0.6852 0.0543
vn -0.8000 0.5460 0.2488
vn -0.6364 0.6295 0.4458
vn -0.5739 0.8189 -0.0086
vn -0.7181 0.5116 0.4718
vn -0.3471 -0.0651 0.9356
vn -0.5936 -0.3974 0.6998
vn -0.5539 -0.8271 0.0954
vn -0.3974 -0.8911 -0.2189
vn -0.6749 -0.4883 -0.5532
vn -0.1256 -0.5093 -0.8514
vn -0.6433 0.4399 -0.6266
vn -0.6227 0.6039 -0.4976
vn -0.4479 0.7641 -0.4643
vn -0.4860 0.8737 0.0197
vn -0.3228 0.9372 0.1324
vn -0.6921 0.2549 0.6753
vn -0.5505 0.0714 0.8318
vn -0.3806 -0.6892 -0.6166
vn -0.3907 -0.0642 -0.9183
vn -0.1137 0.9493 0.2931
vn -0.2276 0.8867 -0.4025
vn -0.3167 0.9098 0.2684
vn -0.1732 -0.3268 0.9291
vn -0.3568 -0.6418 0.6788
vn -0.3296 -0.9426 -0.0540
vn -0.3744 -0.7880 -0.4887
vn -0.3513 0.1088 -0.9299
vn -0.3494 0.9318 -0.0981
vn -0.2586 0.6526 0.7122
vn -0.0015 0.9761 -0.2171
vn 0.0438 0.5612 0.8265
vn -0.1129 -0.7357 0.6678
vn 0.0332 0.4641 -0.8851
vn -0.1288 0.9074 -0.4000
vn -0.3391 0.9074 -0.2485
vn 0.0585 0.2341 0.9705
vn 0.0015 -0.8614 0.5080
vn 0.0128 -0.9492 0.3143
vn 0.0980 -0.9789 -0.1791
vn 0.0853 -0.2346 -0.9683
vn 0.0215 0.9982 0.0565
vn 0.1808 0.8827 0.4337
vn -0.0655 0.8199 0.5688
vn 0.2035 0.9765 0.0713
vn 0.5205 -0.4226 0.7420
vn 0.5792 -0.8107 0.0850
vn 0.6236 0.7028 0.3424
vn 0.2382 0.8229 0.5159
vn 0.4767 0.6489 0.5930
vn 0.6988 0.2462 0.6716
vn 0.5625 0.0771 0.8232
vn 0.2172 -0.9521 0.2151
vn 0.4514 -0.8296 -0.3287
vn 0.5363 -0.5533 -0.6373
vn 0.5855 0.0673 -0.8079
vn 0.3140 0.2699 -0.9102
vn 0.3416 0.8853 -0.3155
vn 0.3678 0.9239 -0.1057
vn 0.5053 0.8011 0.3207
vn 0.5976 0.4376 0.6719
vn 0.4929 0.8641 -0.1022
vn 0.3794 0.8882 0.2590
vn 0.3010 -0.1020 0.9481
vn 0.7188 -0.5783 -0.3860
vn 0.6433 0.4399 -0.6266
vn 0.4276 0.6186 -0.6591
vn 0.6121 0.6150 -0.4970
vn 0.6097 0.5351 0.5848
vn 0.6841 0.7293 0.0114
vn 0.4067 0.8477 0.3406
vn 0.4792 0.2190 0.8499
vn 0.4849 -0.6633 -0.5700
vn 0.6225 -0.0317 -0.7820
vn 0.7308 0.6805 0.0544
vn 0.8149 0.4736 0.3340
vn 0.8321 0.5034 -0.2328
vn 0.6903 0.4163 0.5918
vn 0.8712 -0.3691 0.3236
vn 0.8309 -0.4148 0.3709
vn 0.9423 -0.3287 -0.0635
vn 0.9407 0.3283 -0.0851
vn 0.6702 0.7421 0.0111
vn 0.9534 0.2859 0.0960
vn 0.8752 -0.2845 0.3913
vn 0.9851 -0.1717 0.0092
vn 0.9709 -0.1389 -0.1949
vn 0.4366 -0.4123 -0.7996
vn 0.9621 0.0439 -0.2692
vn 0.7591 0.2799 -0.5878
vn 0.9895 0.1441 -0.0145
vn 0.7210 0.6817 0.1248
vn 0.9941 0.1017 -0.0378
vn 0.9998 -0.0117 0.0178
vn 0.9978 0.0454 -0.0488
vn 0.9856 0.1291 -0.1091
vn 0.9978 0.0553 -0.0357
vn 0.9985 0.0499 -0.0220
vn 0.9686 0.2425 -0.0547
vn 0.9952 0.0927 0.0309
vn 0.9987 0.0509 0.0070
vn 0.9853 0.1438 0.0926
vn 0.9952 0.0432 0.0879
vn 0.9701 0.0242 0.2414
vn 0.9878 -0.1489 -0.0450
vn 0.9891 -0.1426 -0.0358
vn 0.9668 0.1858 -0.1756
vn 0.9116 0.4111 -0.0022
vn 0.7510 -0.0412 0.6590
vn 0.7866 -0.5793 0.2137
vn 0.8364 -0.5233 0.1633
vn 0.8136 -0.5679 -0.1245
vn 0.8462 0.1075 -0.5219
vn 0.8399 0.4602 -0.2877
vn 0.6603 -0.4292 0.6163
vn 0.7719 -0.6279 0.0999
vn 0.8214 -0.5669 0.0628
vn 0.8935 -0.3807 -0.2382
vn 0.7912 0.6090 0.0560
vn 0.6283 -0.7739 0.0796
vn 0.5771 -0.7432 -0.3384
vn 0.6997 -0.4929 -0.5172
vn 0.6006 0.3406 -0.7233
vn 0.6198 0.5217 -0.5862
vn 0.4872 0.8244 0.2883
vn 0.6588 0.6837 0.3140
vn 0.6083 0.4654 0.6429
vn 0.5863 0.2480 0.7712
vn 0.6711 -0.0482 0.7398
vn 0.6381 -0.5610 0.5274
vn 0.5474 -0.8304 -0.1044
vn 0.6536 -0.7134 -0.2527
vn 0.4963 -0.8571 0.1382
vn 0.5534 -0.8281 -0.0898
vn 0.5578 -0.1118 -0.8224
vn 0.4473 0.4866 -0.7505
vn 0.5298 0.8125 -0.2433
vn 0.5220 0.8494 -0.0784
vn 0.4535 0.8673 0.2054
vn 0.3754 0.4278 0.8222
vn 0.4895 -0.8200 0.2965
vn 0.5205 -0.8536 -0.0224
vn 0.3501 -0.4537 -0.8195
vn 0.1245 -0.3039 -0.9445
vn 0.3619 0.0163 -0.9321
vn 0.2841 0.7602 0.5843
vn 0.3332 -0.3435 0.8780
vn 0.3527 -0.8055 -0.4762
vn 0.2789 -0.6077 -0.7436
vn -0.0247 0.9992 0.0316
vn 0.1442 -0.6632 -0.7344
vn -0.1506 -0.9063 -0.3949
vn -0.3584 -0.7182 -0.5965
vn -0.1132 -0.7051 -0.7000
vn 0.0640 -0.9809 0.1836
vn -0.0277 -0.9815 -0.1894
vn -0.1688 -0.9478 0.2705
vn -0.2136 -0.9664 -0.1428
vn -0.1295 0.8793 -0.4584
vn -0.2986 0.9394 -0.1685
vn -0.1351 0.9701 0.2016
vn -0.2477 0.5897 0.7687
vn -0.2196 0.1627 0.9619
vn -0.2233 -0.6185 0.7533
vn -0.2715 -0.7823 0.5607
vn -0.2622 -0.9615 0.0826
vn -0.2909 -0.7502 -0.5937
vn -0.5133 -0.8472 0.1366
vn -0.4327 -0.8790 -0.2003
vn -0.5596 -0.1079 -0.8217
vn -0.4674 0.1830 -0.8649
vn -0.3873 0.5016 -0.7736
vn -0.5541 0.3692 0.7461
vn -0.4489 -0.2048 0.8698
vn -0.2976 -0.8553 0.4241
vn -0.4565 -0.8231 0.3378
vn -0.3952 -0.7942 -0.4616
vn -0.5318 -0.7363 0.4183
vn -0.5887 -0.8060 0.0624
vn -0.4178 0.4176 -0.8069
vn -0.5135 0.8580 0.0122
vn -0.5961 0.7663 0.2395
vn -0.5318 0.6615 0.5287
vn -0.7359 -0.5214 -0.4320
vn -0.7923 -0.2780 -0.5432
vn -0.8254 -0.2215 0.5194
vn -0.8603 -0.4993 -0.1027
vn -0.6441 -0.6901 -0.3300
vn -0.7552 0.6163 -0.2232
vn -0.9363 0.3454 -0.0634
vn -0.8217 -0.3756 0.4287
vn -0.8072 -0.5708 0.1501
vn -0.8606 -0.3942 -0.3224
vn -0.8200 -0.2763 -0.5013
vn -0.9494 -0.3066 0.0687
vn -0.9684 -0.2441 -0.0509
vn -0.9374 -0.2993 -0.1782
vn -0.9361 -0.3499 -0.0370
vn -0.9234 -0.2773 -0.2656
vn -0.9750 -0.2080 0.0786
vn -0.9860 0.1034 -0.1311
vn -0.9989 -0.0420 -0.0197
vn -0.9964 0.0186 0.0831
vn -0.9964 0.0288 0.0803
vn 0.0028 0.9226 -0.3858
vn -0.8357 0.2999 0.4600
vn 0.0001 0.5261 0.8504
vn -0.9925 0.0619 -0.1055
vn -0.9940 0.1055 -0.0288
vn -0.9521 0.2954 0.0786
vn -0.9816 0.1662 0.0941
vn -0.9907 0.0871 0.1046
vn -0.9824 0.0175 0.1858
vn -0.8521 -0.4641 0.2418
vn -0.9798 -0.1351 -0.1475
vn -0.9983 -0.0152 -0.0556
vn -0.8714 0.4503 -0.1949
vn -0.9992 0.0400 0.0098
vn -0.9638 0.2641 0.0353
vn -0.9714 0.2053 0.1191
vn -0.9963 0.0651 0.0558
vn -0.9944 0.1048 -0.0144
vn -0.9928 0.1191 -0.0129
vn -0.9944 0.0348 0.1000
vn -0.9877 0.0084 0.1564
vn -0.9495 -0.1154 0.2918
vn -0.9961 -0.0019 0.0879
vn -0.9930 -0.1102 0.0434
vn -0.9801 -0.1339 -0.1464
vn -0.9897 0.0157 -0.1421
vn -0.5601 0.8201 -0.1171
vn -0.7781 -0.6230 0.0796
vn -0.4623 0.7573 -0.4613
vn -0.9674 0.2502 0.0393
vn 0.1959 -0.7048 0.6818
vn -0.7276 -0.5808 0.3651
vn -0.7311 0.6755 -0.0953
vn -0.8082 0.5530 -0.2026
vn -0.4297 0.6184 -0.6580
vn -0.6459 -0.1778 0.7424
vn -0.3951 -0.9174 -0.0482
vn -0.4822 -0.6659 -0.5692
vn -0.4409 0.3523 -0.8255
vn -0.3505 0.8280 0.4376
vn -0.2298 0.9723 0.0430
vn -0.4342 0.6268 0.6470
vn -0.6474 0.4452 0.6186
vn -0.2365 0.9704 -0.0495
vn -0.4214 -0.8414 -0.3383
vn -0.3763 0.5536 0.7429
vn -0.2950 -0.4362 0.8501
vn -0.5604 -0.7811 0.2754
vn -0.2879 -0.9491 0.1276
vn -0.5644 -0.8212 -0.0845
vn -0.4425 -0.8683 -0.2243
vn 0.4816 0.7444 -0.4625
vn -0.5457 -0.7303 -0.4109
vn -0.6067 -0.3073 -0.7331
vn -0.3008 0.1245 -0.9455
vn -0.2627 0.8774 -0.4014
vn -0.6109 0.7822 0.1223
vn -0.3231 0.9370 0.1325
vn -0.2617 0.2637 0.9284
vn -0.1899 -0.0312 0.9813
vn -0.3588 -0.0753 -0.9304
vn -0.3558 0.9007 -0.2495
vn 0.1708 0.8769 -0.4493
vn -0.2012 0.9237 -0.3260
vn 0.0586 0.7661 0.6400
vn 0.0494 -0.8639 0.5012
vn -0.3414 0.1462 -0.9285
vn -0.1350 0.8180 -0.5592
vn -0.2595 0.8041 0.5349
vn -0.3317 0.9043 0.2689
vn 0.0600 0.4569 0.8875
vn 0.3913 -0.9202 -0.0067
vn 0.5238 -0.7870 -0.3260
vn 0.0577 -0.5339 -0.8436
vn 0.0127 0.9914 -0.1301
vn -0.3647 0.8827 0.2962
vn 0.4653 0.8840 -0.0447
vn 0.4549 -0.5667 0.6869
vn 0.2248 -0.7677 0.6001
vn 0.4801 0.8657 0.1417
vn 0.1983 0.9685 -0.1509
vn 0.3764 0.5535 0.7429
vn 0.2888 0.2546 0.9229
vn 0.1604 -0.2686 0.9498
vn 0.6995 -0.6622 0.2687
vn 0.5996 -0.7816 -0.1718
vn 0.2154 -0.7607 -0.6123
vn 0.0298 -0.5391 -0.8417
vn 0.2191 -0.0961 -0.9710
vn 0.4066 0.6223 -0.6689
vn 0.6954 0.6458 -0.3152
vn 0.6266 0.7529 -0.2010
vn 0.0867 0.9949 0.0508
vn 0.5042 0.8534 0.1327
vn 0.3203 0.6680 0.6717
vn 0.6748 0.7044 -0.2201
vn 0.7495 0.6557 0.0912
vn 0.0855 -0.5710 0.8165
vn 0.1314 -0.9907 0.0349
vn 0.4635 -0.8127 -0.3532
vn 0.4427 0.3532 -0.8242
vn 0.9681 0.2035 0.1462
vn 0.6067 0.6649 0.4357
vn 0.5168 0.8001 -0.3046
vn 0.9298 0.3645 0.0510
vn 0.8861 -0.3932 0.2453
vn 0.5520 -0.7613 0.3401
vn 0.4126 -0.9011 -0.1332
vn 0.8116 -0.2191 -0.5415
vn 0.7412 0.6644 -0.0962
vn 0.8191 0.5410 0.1908
vn 0.2289 -0.8997 -0.3717
vn 0.8958 0.3939 -0.2060
vn 0.9960 0.0854 -0.0275
vn 0.9801 0.1717 0.0996
vn 0.8191 -0.5068 0.2686
vn 0.9947 0.0333 0.0974
vn 0.9892 0.0472 0.1386
vn 0.8433 -0.1757 0.5079
vn 0.9755 -0.0588 0.2121
vn 0.9941 -0.1027 0.0351
vn 0.9769 -0.1731 -0.1249
vn 0.9018 -0.0332 -0.4308
vn 0.9980 0.0611 -0.0145
vn 0.9961 0.0615 0.0639
vn 0.9996 0.0292 -0.0028
vn 0.9936 0.1082 0.0322
vn 0.9975 -0.0321 -0.0631
vn 0.9930 0.0300 0.1146
vn 0.9986 -0.0147 0.0516
vn 0.9883 -0.1331 0.0751
vn 0.9779 -0.2047 0.0434
vn 0.9451 -0.3267 -0.0072
vn 0.9748 0.0872 -0.2055
vn 0.9972 0.0644 -0.0377
vn 0.9981 0.0596 -0.0136
vn -0.0372 0.8015 0.5968
vn 0.9838 0.0683 0.1659
vn 0.9895 -0.1364 -0.0473
vn 0.9997 0.0234 0.0067
vn 0.9850 0.1507 0.0835
vn 0.9472 0.0757 0.3117
vn 0.9990 -0.0433 -0.0098
vn 0.9743 -0.1779 -0.1381
vn 0.9276 -0.1603 0.3375
vn 0.8503 -0.5256 0.0271
vn 0.8174 -0.5656 -0.1096
vn 0.8991 -0.1823 -0.3980
vn 0.9161 0.3579 -0.1811
vn 0.8149 0.5671 -0.1194
vn 0.5332 -0.7558 0.3801
vn 0.8685 -0.3807 0.3173
vn 0.9048 -0.4115 0.1092
vn 0.9303 -0.3439 -0.1274
vn 0.8539 -0.2449 -0.4593
vn 0.8020 0.5943 0.0603
vn 0.6952 -0.2446 -0.6760
vn 0.6212 -0.7548 -0.2107
vn 0.6680 -0.6137 -0.4210
vn 0.6061 0.2664 -0.7495
vn 0.5768 0.7876 0.2167
vn 0.6770 0.5631 0.4739
vn 0.6557 -0.5557 0.5112
vn 0.6088 -0.7922 -0.0420
vn 0.5217 -0.8348 0.1760
vn 0.5361 -0.8416 -0.0656
vn 0.5398 -0.7637 -0.3540
vn 0.5490 -0.7002 -0.4563
vn 0.5638 -0.5571 -0.6098
vn 0.5131 -0.2015 -0.8344
vn 0.5740 0.3557 -0.7376
vn 0.5139 0.5841 -0.6283
vn 0.5163 0.8025 -0.2992
vn 0.5159 0.8526 -0.0832
vn 0.5897 0.4716 0.6556
vn 0.5100 -0.0894 0.8555
vn 0.5244 -0.7396 0.4219
vn -0.2688 -0.9056 0.3282
vn 0.5164 -0.8563 0.0109
vn 0.4120 -0.8493 -0.3299
vn 0.5692 -0.6960 -0.4377
vn 0.2648 -0.5214 -0.8112
vn 0.3661 -0.0641 -0.9284
vn 0.1140 0.7923 -0.5994
vn 0.2960 0.7935 -0.5318
vn 0.2021 -0.2883 0.9360
vn 0.1878 -0.9333 0.3060
vn 0.2590 -0.6325 -0.7300
vn 0.0950 -0.4181 -0.9034
vn 0.1520 0.9144 -0.3752
vn 0.2148 0.8591 0.4645
vn 0.0100 -0.7499 -0.6615
vn -0.0189 -0.8197 -0.5725
vn -0.0915 0.9952 0.0341
vn -0.1194 -0.4527 0.8837
vn -0.0064 -0.5715 0.8206
vn -0.2540 -0.7769 0.5762
vn -0.0524 -0.9735 0.2227
vn -0.0548 -0.9784 -0.1994
vn -0.0926 -0.5033 -0.8591
vn -0.2642 -0.8686 0.4193
vn -0.3323 -0.9428 -0.0282
vn -0.3095 -0.9509 0.0081
vn -0.3468 -0.8815 -0.3204
vn -0.2534 -0.9360 -0.2445
vn -0.2132 0.9546 -0.2082
vn -0.2670 0.8982 0.3492
vn -0.2680 0.8632 0.4278
vn -0.2692 0.7425 0.6134
vn -0.1643 0.2002 0.9659
vn -0.3654 -0.9049 -0.2182
vn -0.5003 -0.0696 0.8631
vn -0.2870 -0.8219 -0.4921
vn -0.5032 -0.7789 -0.3743
vn -0.4848 -0.5273 -0.6978
vn -0.5242 -0.1803 -0.8323
vn -0.4185 0.1429 -0.8969
vn -0.5320 0.3678 -0.7627
vn -0.5242 0.6570 -0.5419
vn -0.4282 0.8585 -0.2822
vn -0.4997 0.8553 -0.1366
vn -0.4989 0.5039 0.7051
vn -0.4940 0.0894 0.8649
vn -0.5043 -0.8628 -0.0355
vn -0.5223 -0.7187 0.4590
vn -0.4961 -0.8665 0.0558
vn -0.6751 0.4990 -0.5433
vn -0.6036 -0.7890 0.1147
vn -0.7104 -0.0522 -0.7019
vn -0.6390 0.1991 -0.7430
vn -0.8877 0.4076 -0.2141
vn -0.4782 0.8551 0.2005
vn -0.6444 0.6740 0.3613
vn -0.7518 0.5627 0.3439
vn -0.6129 0.3300 0.7179
vn -0.6328 -0.5226 0.5714
vn 0.6363 0.4077 0.6549
vn -0.7645 -0.3698 -0.5280
vn -0.7059 0.7081 0.0194
vn -0.8762 0.4779 0.0618
vn -0.7609 -0.4214 -0.4934
vn -0.6858 -0.3173 -0.6550
vn -0.9416 -0.3210 0.1013
vn -0.9206 -0.3792 -0.0934
vn -0.8625 -0.2072 -0.4616
vn -0.8897 0.4288 0.1569
vn -0.9409 0.2329 0.2458
vn -0.8716 -0.1976 0.4486
vn -0.7554 -0.6141 0.2286
vn -0.9434 -0.3265 0.0576
vn -0.8697 -0.4219 -0.2562
vn -0.9569 -0.1952 -0.2151
vn -0.9859 0.1659 -0.0219
vn -0.9768 -0.1881 0.1024
vn -0.9742 -0.2029 -0.0985
vn -0.9996 -0.0087 0.0280
vn -0.9974 0.0695 0.0186
vt 0.218915 1.000000
vt 0.078553 0.991293
vt 0.249142 0.994743
vt 0.027151 1.000000
vt 0.000000 0.989244
vt 0.110130 0.564614
vt 0.005791 0.581880
vt -0.004920 0.562608
vt 0.075956 0.623037
vt 0.000687 0.627951
vt 0.005678 0.618103
vt -0.000900 0.741539
vt 0.002736 0.705819
vt 0.089284 0.712650
vt 0.077492 0.797330
vt 0.000000 0.792926
vt 0.057288 0.783303
vt 0.113501 0.828049
vt 0.002577 0.830593
vt 0.068657 0.818165
vt 0.077678 0.866678
vt 0.000000 0.850961
vt 0.078791 0.850823
vt 0.000000 0.871529
vt 0.009295 0.892081
vt 0.110250 0.902956
vt 0.112961 0.891560
vt 0.000000 0.918919
vt 0.100165 0.937442
vt 0.057524 0.918041
vt 0.061004 0.962455
vt 0.000000 0.956963
vt 0.027418 0.944207
vt 0.133840 0.977859
vt 0.008443 0.970507
vt 0.108595 0.552216
vt 0.078669 0.598511
vt 0.103269 0.579492
vt 0.155381 0.681265
vt 0.003190 0.687322
vt 0.015145 0.663387
vt 0.059780 0.695634
vt 0.095378 0.748343
vt 0.001980 0.765443
vt 0.108904 0.761046
vt 0.110033 0.774941
vt 0.165461 0.811229
vt 0.000659 0.802183
vt 0.157646 0.610033
vt 0.132309 0.664728
vt 0.136613 0.731484
vt 0.155150 0.877842
vt 0.171404 0.953827
vt 0.097051 0.636507
vt 0.187407 0.626425
vt 0.175587 0.695832
vt 0.178185 0.918181
vt 0.187576 0.965102
vt 0.077617 0.537084
vt 0.233231 0.537054
vt 0.230344 0.595379
vt 0.251001 0.639850
vt 0.125162 0.646757
vt 0.059622 0.653638
vt 0.222354 0.653831
vt 0.218070 0.712815
vt 0.273466 0.752195
vt 0.266509 0.804153
vt 0.233420 0.793104
vt 0.247957 0.855245
vt 0.249086 0.847872
vt 0.247691 0.870038
vt 0.239454 0.862500
vt 0.283889 0.555500
vt 0.233912 0.546397
vt 0.249982 0.619412
vt 0.276759 0.633330
vt 0.280677 0.785577
vt 0.274396 0.820785
vt 0.255315 0.944231
vt 0.162825 0.516108
vt 0.114438 0.500044
vt 0.297361 0.500055
vt 0.281113 0.564604
vt 0.328301 0.646756
vt 0.197223 0.674491
vt 0.268493 0.664543
vt 0.202714 0.743329
vt 0.271658 0.731007
vt 0.259401 0.774957
vt 0.248471 0.834458
vt 0.266515 0.827780
vt 0.265616 0.902949
vt 0.286298 0.977889
vt 0.235385 0.987571
vt 0.248775 0.527672
vt 0.313471 0.519307
vt 0.335399 0.609607
vt 0.341246 0.682066
vt 0.344373 0.840796
vt 0.112067 0.837416
vt 0.272873 0.890738
vt 0.297520 0.877799
vt 0.327172 0.626433
vt 0.321047 0.695004
vt 0.374945 0.739647
vt 0.361533 0.811762
vt 0.322190 0.917888
vt 0.234539 0.930527
vt 0.328577 0.962338
vt 0.365242 0.542282
vt 0.382675 0.657380
vt 0.411637 0.720206
vt 0.392586 0.586069
vt 0.268150 0.579889
vt 0.372789 0.597532
vt 0.424043 0.623037
vt 0.405924 0.636669
vt 0.412109 0.703273
vt 0.434674 0.758382
vt 0.352411 0.769288
vt 0.250361 0.761030
vt 0.369599 0.797357
vt 0.391768 0.831564
vt 0.407200 0.898715
vt 0.416180 0.882079
vt 0.432704 0.944480
vt 0.406065 0.991255
vt 0.428261 0.524637
vt 0.430302 0.557904
vt 0.450727 0.780132
vt 0.421209 0.850823
vt 0.418459 0.866380
vt 0.423221 0.977857
vt 0.536736 0.565515
vt 0.459394 0.817774
vt 0.442475 0.918041
vt 0.358273 0.937188
vt 0.467981 0.962738
vt 0.512640 0.500005
vt 0.335914 0.510539
vt 0.574883 0.602043
vt 0.539042 0.685353
vt 0.382783 0.671995
vt 0.592601 0.662934
vt 0.517115 0.739365
vt 0.519410 0.513890
vt 0.599775 0.528868
vt 0.567575 0.589496
vt 0.578288 0.653486
vt 0.591012 0.722946
vt 0.568264 0.796414
vt 0.514662 0.834179
vt 0.534315 0.906895
vt 0.621102 0.920572
vt 0.586571 0.631450
vt 0.602319 0.615708
vt 0.552750 0.855020
vt 0.590301 0.875950
vt 0.600983 0.886278
vt 0.592457 0.751760
vt 0.576871 0.764338
vt 0.645740 0.780302
vt 0.593146 0.810465
vt 0.660799 0.822393
vt 0.656997 0.941717
vt 0.574429 0.932371
vt 0.623152 0.678116
vt 0.639812 0.733740
vt 0.621803 0.836748
vt 0.688963 0.518862
vt 0.687304 0.510292
vt 0.579089 0.575925
vt 0.704263 0.564545
vt 0.620731 0.640340
vt 0.693905 0.646763
vt 0.674070 0.692440
vt 0.680614 0.854875
vt 0.682483 0.847731
vt 0.686654 0.911668
vt 0.656637 0.898842
vt 0.629955 0.977446
vt 0.643899 0.960283
vt 0.706957 0.746384
vt 0.691093 0.545798
vt 0.747825 0.536815
vt 0.714766 0.575480
vt 0.703569 0.602424
vt 0.743127 0.653356
vt 0.748342 0.667213
vt 0.721047 0.769115
vt 0.751122 0.760860
vt 0.717455 0.795451
vt 0.748849 0.813944
vt 0.729858 0.827255
vt 0.680305 0.869638
vt 0.756714 0.861944
vt 0.744722 0.930509
vt 0.718091 0.948177
vt 0.750916 0.527547
vt 0.581507 0.553344
vt 0.734468 0.555135
vt 0.750335 0.633031
vt 0.750864 0.660295
vt 0.751920 0.706540
vt 0.682834 0.715373
vt 0.596159 0.705674
vt 0.761354 0.726791
vt 0.750866 0.807067
vt 0.750371 0.885656
vt 0.742655 0.921008
vt 0.652401 0.626178
vt 0.804070 0.619400
vt 0.818147 0.626307
vt 0.784828 0.639947
vt 0.791611 0.781164
vt 0.805281 0.840789
vt 0.734528 0.972791
vt 0.748200 0.959839
vt 0.676625 0.994657
vt 0.648624 0.987749
vt 0.821053 0.990630
vt 0.842351 0.980334
vt 0.853119 0.576409
vt 0.749629 0.589768
vt 0.862145 0.607999
vt 0.855077 0.594189
vt 0.752915 0.612469
vt 0.847110 0.905120
vt 0.863262 0.934459
vt 0.871713 0.522425
vt 0.857494 0.557828
vt 0.805618 0.685594
vt 0.819532 0.698097
vt 0.879476 0.709717
vt 0.832552 0.745874
vt 0.852526 0.795706
vt 0.888018 0.817998
vt 0.846672 0.849737
vt 0.890728 0.866892
vt 0.749774 0.877491
vt 0.858103 0.972756
vt 0.912874 0.631490
vt 0.927812 0.642916
vt 0.902781 0.662647
vt 0.906123 0.805722
vt 0.901247 0.835261
vt 0.751387 0.834217
vt 0.889745 0.881439
vt 0.821346 0.894032
vt 0.863958 0.959196
vt 0.913307 0.500069
vt 0.892805 0.510274
vt 0.707033 0.500274
vt 0.911245 0.537275
vt 0.869699 0.547161
vt 0.942898 0.656473
vt 0.897367 0.726319
vt 0.931043 0.755904
vt 0.859816 0.768979
vt 0.927937 0.786265
vt 0.946243 0.599920
vt 0.950601 0.618102
vt 0.947393 0.940342
vt 0.883714 0.948495
vt 0.967265 0.582000
vt 0.964026 0.705498
vt 0.964253 0.850252
vt 0.976550 0.892527
vt 0.969563 0.973018
vt 0.951259 0.989237
vt 0.962372 1.000000
vt 0.962686 0.521517
vt 0.923087 0.919889
vt 0.914900 0.679172
vt 1.000000 0.781339
vt 0.937362 0.774080
vt 1.000000 0.818195
vt 0.896416 0.827655
vt 0.278651 0.031716
vt 0.457090 0.250604
vt 0.289115 0.474928
vt 0.043179 0.290602
vt 0.768041 0.023953
vt 0.541519 0.186477
vt 0.596161 0.426728
vt 0.856003 0.444437
vt 0.965611 0.183415
vt 0.000000 0.840796
vt -0.005262 0.540393
vt -0.003960 0.518116
vt 0.000000 0.605139
vt 0.005735 0.642910
vt 0.005767 0.501855
vt 0.519105 0.999977
vt 0.750453 1.000000
vt 0.763176 0.674527
vt 0.942101 0.735941
vt 1.000000 0.653449
s 0
usemtl Hemp
f 1052/1142/1363 1287/1143/1363 1229/1144/1363
f 1053/1145/1364 1060/1146/1364 1287/1143/1364
f 1278/1147/1365 1074/1148/1365 1075/1149/1365
f 1301/1150/1366 1080/1151/1366 1054/1152/1366
f 1069/1153/1367 1070/1154/1367 1293/1155/1367
f 1291/1156/1368 1055/1157/1368 1281/1158/1368
f 1274/1159/1369 1063/1160/1369 1299/1161/1369
f 1289/1162/1370 1057/1163/1370 1290/1164/1370
f 1289/1162/1371 1058/1165/1371 1057/1163/1371
f 1062/1166/1372 1058/1165/1372 1289/1162/1372
f 1273/1167/1373 1062/1166/1373 1267/1168/1373
f 1273/1167/1374 1061/1169/1374 1062/1166/1374
f 1288/1170/1375 1061/1169/1375 1298/1171/1375
f 1297/1172/1376 1059/1173/1376 1304/1174/1376
f 1271/1175/1377 1303/1176/1377 1297/1172/1377
f 1278/1147/1378 1075/1149/1378 1286/1177/1378
f 1302/1178/1379 1074/1148/1379 1270/1179/1379
f 1264/1180/1380 1308/1181/1380 1305/1182/1380
f 1300/1183/1381 1308/1181/1381 1264/1180/1381
f 1292/1184/1382 1066/1185/1382 1069/1153/1382
f 1282/1186/1383 1066/1185/1383 1292/1184/1383
f 1276/1187/1384 1066/1185/1384 1282/1186/1384
f 1281/1158/1385 1066/1185/1385 1276/1187/1385
f 1275/1188/1386 1299/1161/1386 1065/1189/1386
f 1285/1190/1387 1054/1152/1387 1302/1178/1387
f 1285/1190/1388 1301/1150/1388 1054/1152/1388
f 1264/1180/1389 1305/1182/1389 1284/1191/1389
f 1292/1184/1390 1069/1153/1390 1283/1192/1390
f 1267/1168/1391 1062/1166/1391 1268/1193/1391
f 1297/1172/1392 1304/1174/1392 1272/1194/1392
f 1271/1175/1393 1287/1143/1393 1303/1176/1393
f 1295/1195/1394 1301/1150/1394 1265/1196/1394
f 1293/1155/1395 1300/1183/1395 1263/1197/1395
f 1288/1170/1396 1298/1171/1396 1261/1198/1396
f 1260/1199/1397 1297/1172/1397 1272/1194/1397
f 1271/1175/1398 1297/1172/1398 1260/1199/1398
f 1286/1177/1399 1296/1200/1399 1252/1201/1399
f 1285/1190/1400 1302/1178/1400 1266/1202/1400
f 1247/1203/1401 1277/1204/1401 1295/1195/1401
f 1284/1191/1402 1294/1205/1402 1258/1206/1402
f 1283/1192/1403 1293/1155/1403 1255/1207/1403
f 1282/1186/1404 1292/1184/1404 1223/1208/1404
f 1254/1209/1405 1291/1156/1405 1245/1210/1405
f 1275/1188/1406 1291/1156/1406 1254/1209/1406
f 1234/1211/1407 1290/1164/1407 1235/1212/1407
f 1232/1213/1408 1289/1162/1408 1233/1214/1408
f 1268/1193/1409 1289/1162/1409 1232/1213/1409
f 1226/1215/1410 1286/1177/1410 1259/1216/1410
f 1278/1147/1411 1286/1177/1411 1226/1215/1411
f 1249/1217/1412 1265/1196/1412 1301/1150/1412
f 1247/1203/1413 1295/1195/1413 1248/1218/1413
f 1245/1210/1414 1281/1158/1414 1222/1219/1414
f 1274/1159/1415 1299/1161/1415 1221/1220/1415
f 1272/1194/1416 1288/1170/1416 1240/1221/1416
f 1279/1222/1417 1051/1223/1417 1217/1224/1417
f 1270/1179/1418 1278/1147/1418 1237/1225/1418
f 1258/1206/1419 1277/1204/1419 1207/1226/1419
f 1256/1227/1420 1284/1191/1420 1257/1228/1420
f 1262/1229/1421 1283/1192/1421 1236/1230/1421
f 1222/1219/1422 1276/1187/1422 1269/1231/1422
f 1243/1232/1423 1274/1159/1423 1244/1233/1423
f 1261/1198/1424 1273/1167/1424 1241/1234/1424
f 1230/1235/1425 1239/1236/1425 1271/1175/1425
f 1238/1237/1426 1279/1222/1426 1228/1238/1426
f 1250/1239/1427 1249/1217/1427 1285/1190/1427
f 1214/1240/1428 1264/1180/1428 1256/1227/1428
f 1200/1241/1429 1235/1212/1429 1280/1242/1429
f 1242/1243/1430 1268/1193/1430 1231/1244/1430
f 1241/1234/1431 1267/1168/1431 1242/1243/1431
f 1225/1245/1432 1248/1218/1432 1265/1196/1432
f 1214/1240/1433 1224/1246/1433 1264/1180/1433
f 1224/1246/1434 1255/1207/1434 1263/1197/1434
f 1213/1247/1435 1223/1208/1435 1262/1229/1435
f 1221/1220/1436 1275/1188/1436 1211/1248/1436
f 1220/1249/1437 1253/1250/1437 1261/1198/1437
f 1218/1251/1438 1260/1199/1438 1272/1194/1438
f 1218/1251/1439 1230/1235/1439 1260/1199/1439
f 1227/1252/1440 1226/1215/1440 1259/1216/1440
f 1206/1253/1441 1257/1228/1441 1258/1206/1441
f 1204/1254/1442 1236/1230/1442 1255/1207/1442
f 1209/1255/1443 1266/1202/1443 1251/1256/1443
f 1208/1257/1444 1266/1202/1444 1209/1255/1444
f 1208/1257/1445 1250/1239/1445 1266/1202/1445
f 1225/1245/1446 1249/1217/1446 1194/1258/1446
f 1216/1259/1447 1247/1203/1447 1248/1218/1447
f 1204/1254/1448 1255/1207/1448 1205/1260/1448
f 1203/1261/1449 1212/1262/1449 1246/1263/1449
f 1202/1264/1450 1254/1209/1450 1245/1210/1450
f 1201/1265/1451 1243/1232/1451 1244/1233/1451
f 1201/1265/1452 1200/1241/1452 1243/1232/1452
f 1198/1266/1453 1242/1243/1453 1199/1267/1453
f 1198/1266/1454 1220/1249/1454 1241/1234/1454
f 1188/1268/1455 1218/1251/1455 1240/1221/1455
f 1229/1144/1456 1239/1236/1456 1197/1269/1456
f 1196/1270/1457 1227/1252/1457 1238/1237/1457
f 1195/1271/1458 1251/1256/1458 1237/1225/1458
f 1207/1226/1459 1247/1203/1459 1216/1259/1459
f 1192/1272/1460 1222/1219/1460 1269/1231/1460
f 1191/1273/1461 1234/1211/1461 1235/1212/1461
f 1191/1273/1462 1190/1274/1462 1234/1211/1462
f 1190/1274/1463 1232/1213/1463 1233/1214/1463
f 1197/1269/1464 1230/1235/1464 1187/1275/1464
f 1195/1271/1465 1226/1215/1465 1227/1252/1465
f 1181/1276/1466 1209/1255/1466 1251/1256/1466
f 1194/1258/1467 1216/1259/1467 1225/1245/1467
f 1192/1272/1468 1202/1264/1468 1222/1219/1468
f 1186/1277/1469 1201/1265/1469 1221/1220/1469
f 1189/1278/1470 1219/1279/1470 1220/1249/1470
f 1184/1280/1471 1187/1275/1471 1218/1251/1471
f 1183/1281/1472 1210/1282/1472 1217/1224/1472
f 1194/1258/1473 1250/1239/1473 1172/1283/1473
f 1180/1284/1474 1215/1285/1474 1193/1286/1474
f 1180/1284/1475 1214/1240/1475 1215/1285/1475
f 1176/1287/1476 1203/1261/1476 1213/1247/1476
f 1182/1288/1477 1196/1270/1477 1210/1282/1477
f 1174/1289/1478 1195/1271/1478 1227/1252/1478
f 1163/1290/1479 1209/1255/1479 1181/1276/1479
f 1215/1285/1480 1206/1253/1480 1171/1291/1480
f 1161/1292/1481 1213/1247/1481 1204/1254/1481
f 1168/1293/1482 1211/1248/1482 1202/1264/1482
f 1186/1277/1483 1211/1248/1483 1168/1293/1483
f 1185/1294/1484 1200/1241/1484 1201/1265/1484
f 1191/1273/1485 1200/1241/1485 1185/1294/1485
f 1189/1278/1486 1198/1266/1486 1177/1295/1486
f 1188/1268/1487 1219/1279/1487 1157/1296/1487
f 1174/1289/1488 1196/1270/1488 1182/1288/1488
f 1162/1297/1489 1194/1258/1489 1154/1298/1489
f 1179/1299/1490 1190/1274/1490 1191/1273/1490
f 1158/1300/1491 1190/1274/1491 1179/1299/1491
f 1158/1300/1492 1199/1267/1492 1190/1274/1492
f 1178/1301/1493 1198/1266/1493 1199/1267/1493
f 1178/1301/1494 1177/1295/1494 1198/1266/1494
f 1160/1302/1495 1203/1261/1495 1176/1287/1495
f 1169/1303/1496 1203/1261/1496 1160/1302/1496
f 1168/1293/1497 1192/1272/1497 1150/1304/1497
f 1167/1305/1498 1186/1277/1498 1168/1293/1498
f 1185/1294/1499 1186/1277/1499 1124/1306/1499
f 1166/1307/1500 1188/1268/1500 1175/1308/1500
f 1166/1307/1501 1184/1280/1501 1188/1268/1501
f 1180/1284/1502 1193/1286/1502 1151/1309/1502
f 1138/1310/1503 1176/1287/1503 1161/1292/1503
f 1159/1311/1504 1185/1294/1504 1124/1306/1504
f 1133/1312/1505 1182/1288/1505 1142/1313/1505
f 1174/1289/1506 1182/1288/1506 1133/1312/1506
f 1173/1314/1507 1181/1276/1507 1119/1315/1507
f 1171/1291/1508 1152/1316/1508 1116/1317/1508
f 1140/1318/1509 1180/1284/1509 1151/1309/1509
f 1147/1319/1510 1179/1299/1510 1148/1320/1510
f 1122/1321/1511 1177/1295/1511 1145/1322/1511
f 1157/1296/1512 1177/1295/1512 1122/1321/1512
f 1165/1323/1513 1184/1280/1513 1144/1324/1513
f 1160/1302/1514 1176/1287/1514 1128/1325/1514
f 1156/1326/1515 1174/1289/1515 1108/1327/1515
f 1163/1290/1516 1173/1314/1516 1134/1328/1516
f 1154/1298/1517 1172/1283/1517 1155/1329/1517
f 1193/1286/1518 1171/1291/1518 1106/1330/1518
f 1151/1309/1519 1193/1286/1519 1129/1331/1519
f 1127/1332/1520 1169/1303/1520 1104/1333/1520
f 1150/1304/1521 1169/1303/1521 1127/1332/1521
f 1167/1305/1522 1168/1293/1522 1149/1334/1522
f 1125/1335/1523 1124/1306/1523 1167/1305/1523
f 1159/1311/1524 1124/1306/1524 1113/1336/1524
f 1146/1337/1525 1179/1299/1525 1102/1338/1525
f 1166/1307/1526 1175/1308/1526 1121/1339/1526
f 1144/1324/1527 1166/1307/1527 1136/1340/1527
f 1108/1327/1528 1174/1289/1528 1141/1341/1528
f 1119/1315/1529 1164/1342/1529 1132/1343/1529
f 1152/1316/1530 1162/1297/1530 1131/1344/1530
f 1129/1331/1531 1193/1286/1531 1130/1345/1531
f 1114/1346/1532 1139/1347/1532 1170/1348/1532
f 1138/1310/1533 1161/1292/1533 1105/1349/1533
f 1104/1333/1534 1160/1302/1534 1128/1325/1534
f 1125/1335/1535 1167/1305/1535 1126/1350/1535
f 1111/1351/1536 1145/1322/1536 1178/1301/1536
f 1121/1339/1537 1157/1296/1537 1137/1352/1537
f 1153/1353/1538 1154/1298/1538 1098/1354/1538
f 1131/1344/1539 1153/1353/1539 1093/1355/1539
f 1107/1356/1540 1116/1317/1540 1152/1316/1540
f 1149/1334/1541 1150/1304/1541 1103/1357/1541
f 1148/1320/1542 1159/1311/1542 1096/1358/1542
f 1120/1359/1543 1144/1324/1543 1110/1360/1543
f 1135/1361/1544 1143/1362/1544 1084/1363/1544
f 1128/1325/1545 1138/1310/1545 1105/1349/1545
f 1100/1364/1546 1084/1363/1546 1165/1323/1546
f 1094/1365/1547 1118/1366/1547 1134/1328/1547
f 1081/1367/1548 1155/1329/1548 1099/1368/1548
f 1117/1369/1549 1155/1329/1549 1081/1367/1549
f 1085/1370/1550 1122/1321/1550 1145/1322/1550
f 1095/1371/1551 1136/1340/1551 1166/1307/1551
f 1083/1372/1552 1141/1341/1552 1133/1312/1552
f 1082/1373/1553 1119/1315/1553 1132/1343/1553
f 1092/1374/1554 1091/1375/1554 1140/1318/1554
f 1090/1376/1555 1105/1349/1555 1139/1347/1555
f 1097/1377/1556 1104/1333/1556 1128/1325/1556
f 1088/1378/1557 1126/1350/1557 1149/1334/1557
f 1064/1379/1558 1113/1336/1558 1124/1306/1558
f 1087/1380/1559 1102/1338/1559 1147/1319/1559
f 1058/1381/1560 1112/1382/1560 1146/1337/1560
f 1085/1370/1561 1137/1352/1561 1122/1321/1561
f 1100/1364/1562 1120/1359/1562 1101/1383/1562
f 1083/1372/1563 1108/1327/1563 1141/1341/1563
f 1082/1373/1564 1094/1365/1564 1119/1315/1564
f 1080/1384/1565 1107/1356/1565 1131/1344/1565
f 1072/1385/1566 1106/1330/1566 1116/1317/1566
f 1071/1386/1567 1129/1331/1567 1130/1345/1567
f 1065/1387/1568 1125/1335/1568 1126/1350/1568
f 1056/1388/1569 1096/1358/1569 1123/1389/1569
f 1079/1390/1570 1111/1351/1570 1112/1382/1570
f 1086/1391/1571 1111/1351/1571 1079/1390/1571
f 1078/1392/1572 1101/1383/1572 1110/1360/1572
f 1307/1393/1573 1077/1394/1573 1109/1395/1573
f 1076/1396/1574 1075/1397/1574 1108/1327/1574
f 1305/1398/1575 1071/1386/1575 1106/1330/1575
f 1068/1399/1576 1097/1377/1576 1105/1349/1576
f 1067/1400/1577 1089/1401/1577 1104/1333/1577
f 1055/1402/1578 1088/1378/1578 1103/1357/1578
f 1073/1403/1579 1081/1367/1579 1099/1368/1579
f 1054/1404/1580 1093/1355/1580 1098/1354/1580
f 1056/1388/1581 1087/1380/1581 1096/1358/1581
f 1304/1405/1582 1059/1406/1582 1095/1371/1582
f 1074/1407/1583 1099/1368/1583 1094/1365/1583
f 1070/1408/1584 1090/1376/1584 1091/1375/1584
f 1070/1408/1585 1068/1399/1585 1090/1376/1585
f 1057/1409/1586 1058/1381/1586 1087/1380/1586
f 1062/1410/1587 1085/1370/1587 1086/1391/1587
f 1303/1411/1588 1100/1364/1588 1101/1383/1588
f 1060/1412/1589 1053/1413/1589 1084/1363/1589
f 1306/1414/1590 1076/1396/1590 1083/1372/1590
f 1075/1397/1591 1074/1407/1591 1082/1373/1591
f 1074/1407/1592 1073/1403/1592 1099/1368/1592
f 1061/1415/1593 1304/1405/1593 1095/1371/1593
f 1303/1411/1594 1060/1412/1594 1100/1364/1594
f 1306/1414/1595 1077/1394/1595 1307/1393/1595
f 1305/1398/1596 1308/1416/1596 1071/1386/1596
f 1281/1417/1597 1055/1402/1597 1066/1418/1597
f 1299/1419/1598 1064/1379/1598 1065/1387/1598
f 1299/1419/1599 1063/1420/1599 1064/1379/1599
f 1050/1421/1600 1049/1422/1600 1053/1423/1600 1052/1424/1600
f 1052/1142/1601 1053/1145/1601 1287/1143/1601
f 1183/1425/1602 1217/1426/1602 1051/1427/1602 1307/1428/1602 1109/1429/1602
f 1057/1163/1603 1056/1430/1603 1280/1242/1603 1290/1164/1603
f 1296/1200/1604 1076/1431/1604 1306/1432/1604
f 1278/1147/1605 1270/1179/1605 1074/1148/1605
f 1074/1148/1606 1302/1178/1606 1073/1433/1606
f 1302/1178/1607 1054/1152/1607 1073/1433/1607
f 1295/1195/1608 1072/1434/1608 1080/1151/1608
f 1300/1183/1609 1070/1154/1609 1308/1181/1609
f 1291/1156/1610 1065/1189/1610 1055/1157/1610
f 1280/1242/1611 1056/1430/1611 1063/1160/1611
f 1307/1435/1612 1051/1223/1612 1279/1222/1612 1306/1432/1612
f 1273/1167/1613 1298/1171/1613 1061/1169/1613
f 1288/1170/1614 1304/1174/1614 1061/1169/1614
f 1297/1172/1615 1303/1176/1615 1059/1173/1615
f 1287/1143/1616 1060/1146/1616 1303/1176/1616
f 1286/1177/1617 1076/1431/1617 1296/1200/1617
f 1286/1177/1618 1075/1149/1618 1076/1431/1618
f 1295/1195/1619 1080/1151/1619 1301/1150/1619
f 1277/1204/1620 1072/1434/1620 1295/1195/1620
f 1277/1204/1621 1294/1205/1621 1072/1434/1621
f 1284/1191/1622 1305/1182/1622 1294/1205/1622
f 1293/1155/1623 1070/1154/1623 1300/1183/1623
f 1275/1188/1624 1065/1189/1624 1291/1156/1624
f 1280/1242/1625 1063/1160/1625 1274/1159/1625
f 1306/1432/1626 1238/1237/1626 1252/1201/1626 1296/1200/1626
f 1283/1192/1627 1069/1153/1627 1293/1155/1627
f 1268/1193/1628 1062/1166/1628 1289/1162/1628
f 1272/1194/1629 1304/1174/1629 1288/1170/1629
f 1256/1227/1630 1264/1180/1630 1284/1191/1630
f 1263/1197/1631 1300/1183/1631 1264/1180/1631
f 1261/1198/1632 1298/1171/1632 1273/1167/1632
f 1238/1237/1633 1306/1432/1633 1279/1222/1633
f 1290/1164/1634 1234/1211/1634 1233/1214/1634 1289/1162/1634
f 1258/1206/1635 1294/1205/1635 1277/1204/1635
f 1262/1229/1636 1292/1184/1636 1283/1192/1636
f 1245/1210/1637 1291/1156/1637 1281/1158/1637
f 1280/1242/1638 1235/1212/1638 1290/1164/1638
f 1270/1179/1639 1251/1256/1639 1266/1202/1639 1302/1178/1639
f 1253/1250/1640 1288/1170/1640 1261/1198/1640
f 1271/1175/1641 1239/1236/1641 1287/1143/1641
f 1239/1236/1642 1229/1144/1642 1287/1143/1642
f 1259/1216/1643 1286/1177/1643 1252/1201/1643
f 1282/1186/1644 1246/1263/1644 1269/1231/1644 1276/1187/1644
f 1249/1217/1645 1301/1150/1645 1285/1190/1645
f 1257/1228/1646 1284/1191/1646 1258/1206/1646
f 1255/1207/1647 1293/1155/1647 1263/1197/1647
f 1236/1230/1648 1283/1192/1648 1255/1207/1648
f 1223/1208/1649 1292/1184/1649 1262/1229/1649
f 1246/1263/1650 1282/1186/1650 1223/1208/1650
f 1231/1244/1651 1232/1213/1651 1190/1274/1651 1199/1267/1651
f 1222/1219/1652 1281/1158/1652 1276/1187/1652
f 1221/1220/1653 1299/1161/1653 1275/1188/1653
f 1243/1232/1654 1280/1242/1654 1274/1159/1654
f 1242/1243/1655 1267/1168/1655 1268/1193/1655
f 1240/1221/1656 1288/1170/1656 1253/1250/1656
f 1237/1225/1657 1278/1147/1657 1226/1215/1657
f 1248/1218/1658 1295/1195/1658 1265/1196/1658
f 1207/1226/1659 1277/1204/1659 1247/1203/1659
f 1244/1233/1660 1274/1159/1660 1221/1220/1660
f 1241/1234/1661 1273/1167/1661 1267/1168/1661
f 1210/1282/1662 1279/1222/1662 1217/1224/1662
f 1228/1238/1663 1279/1222/1663 1210/1282/1663
f 1250/1239/1664 1285/1190/1664 1266/1202/1664
f 1224/1246/1665 1263/1197/1665 1264/1180/1665
f 1200/1241/1666 1280/1242/1666 1243/1232/1666
f 1231/1244/1667 1268/1193/1667 1232/1213/1667
f 1230/1235/1668 1271/1175/1668 1260/1199/1668
f 1237/1225/1669 1251/1256/1669 1270/1179/1669
f 1225/1245/1670 1265/1196/1670 1249/1217/1670
f 1236/1230/1671 1213/1247/1671 1262/1229/1671
f 1246/1263/1672 1212/1262/1672 1269/1231/1672
f 1254/1209/1673 1211/1248/1673 1275/1188/1673
f 1241/1234/1674 1220/1249/1674 1261/1198/1674
f 1240/1221/1675 1218/1251/1675 1272/1194/1675
f 1252/1201/1676 1227/1252/1676 1259/1216/1676
f 1257/1228/1677 1215/1285/1677 1256/1227/1677
f 1215/1285/1678 1214/1240/1678 1256/1227/1678
f 1253/1250/1679 1219/1279/1679 1240/1221/1679
f 1238/1237/1680 1227/1252/1680 1252/1201/1680
f 1250/1239/1681 1194/1258/1681 1249/1217/1681
f 1225/1245/1682 1216/1259/1682 1248/1218/1682
f 1207/1226/1683 1206/1253/1683 1258/1206/1683
f 1224/1246/1684 1205/1260/1684 1255/1207/1684
f 1223/1208/1685 1203/1261/1685 1246/1263/1685
f 1222/1219/1686 1202/1264/1686 1245/1210/1686
f 1202/1264/1687 1211/1248/1687 1254/1209/1687
f 1221/1220/1688 1201/1265/1688 1244/1233/1688
f 1234/1211/1689 1190/1274/1689 1233/1214/1689
f 1231/1244/1690 1199/1267/1690 1242/1243/1690
f 1242/1243/1691 1198/1266/1691 1241/1234/1691
f 1220/1249/1692 1219/1279/1692 1253/1250/1692
f 1219/1279/1693 1188/1268/1693 1240/1221/1693
f 1197/1269/1694 1239/1236/1694 1230/1235/1694
f 1228/1238/1695 1196/1270/1695 1238/1237/1695
f 1226/1215/1696 1195/1271/1696 1237/1225/1696
f 1206/1253/1697 1215/1285/1697 1257/1228/1697
f 1204/1254/1698 1213/1247/1698 1236/1230/1698
f 1212/1262/1699 1192/1272/1699 1269/1231/1699
f 1191/1273/1700 1235/1212/1700 1200/1241/1700
f 1208/1257/1701 1163/1290/1701 1172/1283/1701 1250/1239/1701
f 1218/1251/1702 1187/1275/1702 1230/1235/1702
f 1210/1282/1703 1196/1270/1703 1228/1238/1703
f 1195/1271/1704 1181/1276/1704 1251/1256/1704
f 1214/1240/1705 1180/1284/1705 1224/1246/1705
f 1180/1284/1706 1205/1260/1706 1224/1246/1706
f 1213/1247/1707 1203/1261/1707 1223/1208/1707
f 1211/1248/1708 1186/1277/1708 1221/1220/1708
f 1198/1266/1709 1189/1278/1709 1220/1249/1709
f 1188/1268/1710 1184/1280/1710 1218/1251/1710
f 1203/1261/1711 1192/1272/1711 1212/1262/1711
f 1183/1281/1712 1182/1288/1712 1210/1282/1712
f 1196/1270/1713 1174/1289/1713 1227/1252/1713
f 1163/1290/1714 1208/1257/1714 1209/1255/1714
f 1183/1281/1715 1109/1395/1715 1142/1313/1715 1182/1288/1715
f 1194/1258/1716 1162/1297/1716 1216/1259/1716
f 1216/1259/1717 1152/1316/1717 1207/1226/1717
f 1152/1316/1718 1206/1253/1718 1207/1226/1718
f 1152/1316/1719 1171/1291/1719 1206/1253/1719
f 1170/1348/1720 1204/1254/1720 1205/1260/1720
f 1192/1272/1721 1168/1293/1721 1202/1264/1721
f 1186/1277/1722 1185/1294/1722 1201/1265/1722
f 1189/1278/1723 1157/1296/1723 1219/1279/1723
f 1143/1362/1724 1197/1269/1724 1187/1275/1724
f 1174/1289/1725 1164/1342/1725 1195/1271/1725
f 1164/1342/1726 1181/1276/1726 1195/1271/1726
f 1172/1283/1727 1154/1298/1727 1194/1258/1727
f 1162/1297/1728 1152/1316/1728 1216/1259/1728
f 1171/1291/1729 1193/1286/1729 1215/1285/1729
f 1170/1348/1730 1205/1260/1730 1180/1284/1730
f 1170/1348/1731 1161/1292/1731 1204/1254/1731
f 1161/1292/1732 1176/1287/1732 1213/1247/1732
f 1179/1299/1733 1191/1273/1733 1185/1294/1733
f 1158/1300/1734 1178/1301/1734 1199/1267/1734
f 1177/1295/1735 1157/1296/1735 1189/1278/1735
f 1184/1280/1736 1143/1362/1736 1187/1275/1736
f 1050/1436/1737 1197/1269/1737 1143/1362/1737
f 1173/1314/1738 1163/1290/1738 1181/1276/1738
f 1169/1303/1739 1192/1272/1739 1203/1261/1739
f 1169/1303/1740 1150/1304/1740 1192/1272/1740
f 1167/1305/1741 1124/1306/1741 1186/1277/1741
f 1175/1308/1742 1188/1268/1742 1157/1296/1742
f 1165/1323/1743 1143/1362/1743 1184/1280/1743
f 1185/1294/1744 1159/1311/1744 1148/1320/1744 1179/1299/1744
f 1156/1326/1745 1164/1342/1745 1174/1289/1745
f 1119/1315/1746 1181/1276/1746 1164/1342/1746
f 1153/1353/1747 1162/1297/1747 1154/1298/1747
f 1140/1318/1748 1170/1348/1748 1180/1284/1748
f 1139/1347/1749 1161/1292/1749 1170/1348/1749
f 1158/1300/1750 1112/1382/1750 1111/1351/1750 1178/1301/1750
f 1146/1337/1751 1158/1300/1751 1179/1299/1751
f 1145/1322/1752 1177/1295/1752 1178/1301/1752
f 1144/1324/1753 1184/1280/1753 1166/1307/1753
f 1135/1361/1754 1050/1436/1754 1143/1362/1754
f 1128/1325/1755 1176/1287/1755 1138/1310/1755
f 1049/1437/1756 1050/1436/1756 1135/1361/1756
f 1134/1328/1757 1173/1314/1757 1119/1315/1757
f 1155/1329/1758 1172/1283/1758 1163/1290/1758
f 1106/1330/1759 1171/1291/1759 1116/1317/1759
f 1104/1333/1760 1169/1303/1760 1160/1302/1760
f 1149/1334/1761 1168/1293/1761 1150/1304/1761
f 1102/1338/1762 1179/1299/1762 1147/1319/1762
f 1121/1339/1763 1175/1308/1763 1157/1296/1763
f 1141/1341/1764 1174/1289/1764 1133/1312/1764
f 1132/1343/1765 1164/1342/1765 1156/1326/1765
f 1118/1366/1766 1163/1290/1766 1134/1328/1766
f 1118/1366/1767 1155/1329/1767 1163/1290/1767
f 1117/1369/1768 1154/1298/1768 1155/1329/1768
f 1131/1344/1769 1162/1297/1769 1153/1353/1769
f 1130/1345/1770 1193/1286/1770 1106/1330/1770
f 1115/1438/1771 1151/1309/1771 1129/1331/1771
f 1114/1346/1772 1170/1348/1772 1140/1318/1772
f 1105/1349/1773 1161/1292/1773 1139/1347/1773
f 1126/1350/1774 1167/1305/1774 1149/1334/1774
f 1123/1389/1775 1159/1311/1775 1113/1336/1775
f 1112/1382/1776 1158/1300/1776 1146/1337/1776
f 1133/1312/1777 1142/1313/1777 1077/1394/1777 1083/1372/1777
f 1137/1352/1778 1157/1296/1778 1122/1321/1778
f 1110/1360/1779 1144/1324/1779 1136/1340/1779
f 1120/1359/1780 1165/1323/1780 1144/1324/1780
f 1117/1369/1781 1098/1354/1781 1154/1298/1781
f 1131/1344/1782 1107/1356/1782 1152/1316/1782
f 1115/1438/1783 1092/1374/1783 1151/1309/1783
f 1092/1374/1784 1140/1318/1784 1151/1309/1784
f 1123/1389/1785 1096/1358/1785 1159/1311/1785
f 1111/1351/1786 1086/1391/1786 1145/1322/1786
f 1165/1323/1787 1084/1363/1787 1143/1362/1787
f 1093/1355/1788 1153/1353/1788 1098/1354/1788
f 1091/1375/1789 1114/1346/1789 1140/1318/1789
f 1127/1332/1790 1103/1357/1790 1150/1304/1790
f 1120/1359/1791 1100/1364/1791 1165/1323/1791
f 1099/1368/1792 1155/1329/1792 1118/1366/1792
f 1105/1349/1793 1097/1377/1793 1128/1325/1793
f 1096/1358/1794 1087/1380/1794 1148/1320/1794
f 1148/1320/1795 1087/1380/1795 1147/1319/1795
f 1102/1338/1796 1058/1381/1796 1146/1337/1796
f 1086/1391/1797 1085/1370/1797 1145/1322/1797
f 1095/1371/1798 1166/1307/1798 1121/1339/1798
f 1084/1363/1799 1049/1437/1799 1135/1361/1799
f 1109/1395/1800 1077/1394/1800 1142/1313/1800
f 1132/1343/1801 1156/1326/1801 1075/1397/1801 1082/1373/1801
f 1108/1327/1802 1075/1397/1802 1156/1326/1802
f 1110/1360/1803 1136/1340/1803 1059/1406/1803 1078/1392/1803
f 1119/1315/1804 1094/1365/1804 1134/1328/1804
f 1090/1376/1805 1139/1347/1805 1114/1346/1805
f 1104/1333/1806 1089/1401/1806 1127/1332/1806
f 1089/1401/1807 1103/1357/1807 1127/1332/1807
f 1103/1357/1808 1088/1378/1808 1149/1334/1808
f 1064/1379/1809 1124/1306/1809 1125/1335/1809
f 1095/1371/1810 1059/1406/1810 1136/1340/1810
f 1123/1389/1811 1113/1336/1811 1063/1420/1811 1056/1388/1811
f 1110/1360/1812 1101/1383/1812 1120/1359/1812
f 1094/1365/1813 1099/1368/1813 1118/1366/1813
f 1081/1367/1814 1098/1354/1814 1117/1369/1814
f 1093/1355/1815 1080/1384/1815 1131/1344/1815
f 1072/1385/1816 1116/1317/1816 1107/1356/1816
f 1106/1330/1817 1071/1386/1817 1130/1345/1817
f 1308/1416/1818 1092/1374/1818 1115/1438/1818
f 1091/1375/1819 1090/1376/1819 1114/1346/1819
f 1090/1376/1820 1068/1399/1820 1105/1349/1820
f 1088/1378/1821 1065/1387/1821 1126/1350/1821
f 1064/1379/1822 1063/1420/1822 1113/1336/1822
f 1121/1339/1823 1137/1352/1823 1061/1415/1823 1095/1371/1823
f 1058/1381/1824 1079/1390/1824 1112/1382/1824
f 1085/1370/1825 1061/1415/1825 1137/1352/1825
f 1115/1438/1826 1129/1331/1826 1071/1386/1826 1308/1416/1826
f 1083/1372/1827 1076/1396/1827 1108/1327/1827
f 1080/1384/1828 1072/1385/1828 1107/1356/1828
f 1072/1385/1829 1305/1398/1829 1106/1330/1829
f 1091/1375/1830 1092/1374/1830 1308/1416/1830 1070/1408/1830
f 1097/1377/1831 1067/1400/1831 1104/1333/1831
f 1089/1401/1832 1066/1418/1832 1103/1357/1832
f 1066/1418/1833 1055/1402/1833 1103/1357/1833
f 1065/1387/1834 1064/1379/1834 1125/1335/1834
f 1087/1380/1835 1058/1381/1835 1102/1338/1835
f 1052/1142/1836 1229/1144/1836 1197/1269/1836 1050/1436/1836
f 1081/1367/1837 1054/1404/1837 1098/1354/1837
f 1068/1399/1838 1069/1439/1838 1097/1377/1838
f 1069/1439/1839 1067/1400/1839 1097/1377/1839
f 1100/1364/1840 1060/1412/1840 1084/1363/1840
f 1084/1363/1841 1053/1413/1841 1049/1437/1841
f 1077/1394/1842 1306/1414/1842 1083/1372/1842
f 1082/1373/1843 1074/1407/1843 1094/1365/1843
f 1054/1404/1844 1080/1384/1844 1093/1355/1844
f 1067/1400/1845 1066/1418/1845 1089/1401/1845
f 1055/1402/1846 1065/1387/1846 1088/1378/1846
f 1056/1388/1847 1057/1409/1847 1087/1380/1847
f 1079/1390/1848 1062/1410/1848 1086/1391/1848
f 1062/1410/1849 1061/1415/1849 1085/1370/1849
f 1078/1392/1850 1303/1411/1850 1101/1383/1850
f 1073/1403/1851 1054/1404/1851 1081/1367/1851
f 1070/1408/1852 1069/1439/1852 1068/1399/1852
f 1058/1381/1853 1062/1410/1853 1079/1390/1853
f 1059/1406/1854 1303/1411/1854 1078/1392/1854
f 1072/1385/1855 1294/1440/1855 1305/1398/1855
f 1069/1439/1856 1066/1418/1856 1067/1400/1856
o Eyelet_04
v 0.000378 0.005000 -0.065177
v 0.008118 -0.005000 -0.062829
v 0.007333 0.005000 -0.063159
v 0.013159 -0.005000 -0.057333
v 0.012829 0.005000 -0.058118
v 0.015177 -0.005000 -0.050378
v 0.015177 0.005000 -0.049622
v 0.012829 -0.005000 -0.041882
v 0.013159 0.005000 -0.042667
v 0.007333 -0.005000 -0.036841
v 0.008118 0.005000 -0.037171
v 0.000378 -0.005000 -0.034823
v -0.000378 0.005000 -0.034823
v -0.008118 -0.005000 -0.037171
v -0.007333 0.005000 -0.036841
v -0.013159 -0.005000 -0.042667
v -0.012829 0.005000 -0.041882
v -0.015177 -0.005000 -0.049622
v -0.015177 0.005000 -0.050378
v -0.012829 -0.005000 -0.058118
v -0.013159 0.005000 -0.057333
v -0.007333 -0.005000 -0.063159
v -0.008118 0.005000 -0.062829
v -0.000378 -0.005000 -0.065177
v -0.050000 -0.002500 -0.100000
v 0.050000 0.002500 -0.100000
v -0.050000 -0.002500 0.000000
v 0.050000 -0.002500 0.000000
v -0.050000 0.002500 0.000000
v -0.050000 0.002500 -0.100000
v 0.050000 -0.002500 -0.100000
v 0.050000 0.002500 0.000000
v 0.032500 0.002500 -0.032500
v 0.011485 0.002500 -0.050000
v 0.018125 0.002500 -0.082500
v -0.000000 0.002500 -0.061485
v 0.000000 0.002500 -0.050000
v 0.000000 0.002500 -0.038515
v -0.007370 0.002500 -0.059033
v -0.011485 0.002500 -0.050000
v 0.002500 0.002500 -0.017500
v -0.032500 0.002500 -0.047500
v -0.034375 -0.002500 -0.062812
v -0.011485 -0.002500 -0.050000
v 0.000000 -0.002500 -0.061485
v 0.000000 -0.002500 -0.050000
v -0.000000 -0.002500 -0.038515
v 0.009707 -0.002500 -0.056371
v 0.011485 -0.002500 -0.050000
v 0.011875 -0.002500 -0.082500
v 0.032500 -0.002500 -0.052500
v 0.016250 -0.002500 -0.017500
v 0.009808 0.002500 -0.056079
v 0.011295 0.002500 -0.052358
v 0.011025 0.002500 -0.046359
v -0.011025 0.002500 -0.053641
v -0.011120 0.002500 -0.046659
v -0.008289 0.002500 -0.041926
v -0.002358 0.002500 -0.061295
v -0.003641 0.002500 -0.038975
v 0.002123 0.002500 -0.061316
v 0.006371 0.002500 -0.059707
v 0.003341 0.002500 -0.038880
v 0.008074 0.002500 -0.041711
v -0.011295 -0.002500 -0.052358
v -0.011316 -0.002500 -0.047877
v -0.010168 -0.002500 -0.044546
v 0.011316 -0.002500 -0.052123
v 0.011295 -0.002500 -0.047642
v 0.009307 -0.002500 -0.043057
v 0.006079 -0.002500 -0.059808
v 0.002358 -0.002500 -0.061295
v 0.004138 -0.002500 -0.039101
v -0.004138 -0.002500 -0.060899
v -0.009307 -0.002500 -0.056943
v -0.002358 -0.002500 -0.038705
v -0.006943 -0.002500 -0.040693
v 0.000922 -0.005000 -0.061412
v 0.001322 0.005000 -0.061373
v 0.006170 -0.005000 -0.059750
v 0.005573 0.005000 -0.060001
v 0.010547 -0.005000 -0.054679
v 0.008976 0.005000 -0.057107
v 0.011013 0.005000 -0.053131
v 0.011412 -0.005000 -0.049078
v 0.011373 0.005000 -0.048678
v 0.009750 -0.005000 -0.043830
v 0.010001 0.005000 -0.044427
v 0.004679 -0.005000 -0.039453
v 0.007107 0.005000 -0.041024
v 0.003131 0.005000 -0.038987
v -0.000922 -0.005000 -0.038588
v -0.001322 0.005000 -0.038627
v -0.006170 -0.005000 -0.040250
v -0.005573 0.005000 -0.039999
v -0.010547 -0.005000 -0.045321
v -0.008976 0.005000 -0.042893
v -0.011013 0.005000 -0.046869
v -0.011412 -0.005000 -0.050922
v -0.011373 0.005000 -0.051322
v -0.009750 -0.005000 -0.056170
v -0.010001 0.005000 -0.055573
v -0.004679 -0.005000 -0.060547
v -0.007107 0.005000 -0.058976
v -0.003131 0.005000 -0.061013
v -0.047922 -0.001807 -0.002078
v -0.047922 -0.001807 -0.097922
v -0.047922 0.001807 -0.097922
v 0.047922 0.001807 -0.002078
v 0.047922 -0.001807 -0.097922
v 0.047922 0.001807 -0.097922
v 0.040326 -0.001651 -0.097455
v -0.040000 -0.001651 -0.097454
v -0.040326 0.001651 -0.097455
v 0.040000 0.001651 -0.097454
v -0.040686 -0.001651 -0.002544
v 0.047890 -0.001789 -0.002193
v 0.040686 0.001651 -0.002544
v -0.047890 0.001789 -0.002193
v -0.047454 -0.001651 -0.090000
v -0.047457 -0.001651 -0.009432
v -0.047456 0.001651 -0.009314
v -0.047454 0.001651 -0.090000
v 0.047456 -0.001651 -0.009314
v 0.047454 -0.001651 -0.090000
v 0.047454 0.001651 -0.090000
v 0.047457 0.001651 -0.009432
v 0.040000 0.001300 -0.090000
v 0.011485 0.001300 -0.050000
v -0.000000 0.001300 -0.061485
v 0.000000 0.001300 -0.050000
v 0.000000 0.001300 -0.038515
v -0.007900 0.001300 -0.058410
v -0.011485 0.001300 -0.050000
v -0.006512 0.001300 -0.040435
v 0.039265 0.001300 -0.010037
v -0.040000 0.001300 -0.090000
v -0.039942 0.001300 -0.010438
v -0.040000 -0.001300 -0.090000
v -0.039271 -0.001299 -0.010083
v -0.011485 -0.001300 -0.050000
v 0.000000 -0.001300 -0.061485
v 0.000000 -0.001300 -0.050000
v -0.000000 -0.001300 -0.038515
v 0.009876 -0.001300 -0.056105
v 0.011485 -0.001300 -0.050000
v 0.006105 -0.001300 -0.040124
v 0.002500 -0.001300 -0.025000
v 0.039566 -0.001300 -0.010066
v 0.040000 -0.001300 -0.090000
v 0.009654 0.001300 -0.056320
v 0.011233 0.001300 -0.052637
v 0.011215 0.001300 -0.047152
v -0.010300 0.001300 -0.055201
v -0.011359 0.001300 -0.051875
v -0.011233 0.001300 -0.047363
v -0.009654 0.001300 -0.043680
v -0.003641 0.001300 -0.061025
v -0.002358 0.001300 -0.038705
v 0.002358 0.001300 -0.061295
v 0.006512 0.001300 -0.059565
v 0.003641 0.001300 -0.038975
v 0.008666 0.001300 -0.042272
v -0.009654 -0.001300 -0.056320
v -0.011233 -0.001300 -0.052637
v -0.011120 -0.001300 -0.046659
v 0.011359 -0.001300 -0.051875
v 0.011233 -0.001300 -0.047363
v 0.009654 -0.001300 -0.043680
v 0.006320 -0.001300 -0.059654
v 0.002637 -0.001300 -0.061233
v 0.001875 -0.001300 -0.038641
v -0.001875 -0.001300 -0.061359
v -0.006105 -0.001300 -0.059876
v -0.002637 -0.001300 -0.038767
v -0.007616 -0.001300 -0.041174
vn 0.7366 -0.0287 -0.6757
vn 0.6757 -0.0287 0.7366
vn -0.7366 -0.0287 0.6757
vn -0.6757 -0.0287 -0.7366
vn -0.0000 1.0000 -0.0000
vn -0.0000 -0.0000 1.0000
vn -0.0000 -0.0000 -1.0000
vn -0.0000 -1.0000 -0.0000
vn 1.0000 -0.0000 -0.0000
vn -1.0000 -0.0000 -0.0000
vn -0.7564 0.0397 0.6529
vn -0.6529 0.0397 -0.7564
vn 0.7564 0.0397 -0.6529
vn 0.6529 0.0397 0.7564
vn -0.0635 -0.0311 -0.9975
vn 0.0429 0.9989 0.0167
vn -0.0443 -0.9989 0.0166
vn -0.0000 0.9989 0.0466
vn 0.0038 -0.0937 -0.9956
vn -0.0000 0.0002 1.0000
vn -0.0000 0.9989 -0.0471
vn -0.0471 0.9989 -0.0000
vn -0.0000 -0.9989 -0.0471
vn 0.0471 -0.9989 -0.0000
vn -0.0468 -0.9989 -0.0000
vn 0.0445 0.9990 0.0002
vn -0.8328 -0.1636 -0.5289
vn 0.8068 -0.2232 0.5470
vn 0.8371 -0.2203 -0.5008
vn 0.4004 -0.2288 0.8873
vn 0.5195 -0.2471 -0.8180
vn -0.3536 -0.0531 0.9339
vn 0.9311 0.1737 -0.3208
vn 0.7555 0.1709 -0.6325
vn -0.5790 0.3045 -0.7564
vn 0.5790 0.3045 0.7564
vn 0.9622 0.0155 -0.2719
vn 0.6757 0.0287 -0.7366
vn 0.9622 -0.0155 0.2719
vn 0.2719 0.0155 0.9622
vn 0.7366 0.0287 0.6757
vn -0.2719 -0.0155 0.9622
vn -0.9622 0.0155 0.2719
vn -0.6757 0.0287 0.7366
vn -0.9622 -0.0155 -0.2719
vn -0.2719 0.0155 -0.9622
vn -0.7366 0.0287 -0.6757
vn 0.2719 -0.0155 -0.9622
vn -0.3042 0.0071 0.9526
vn -0.9926 0.0094 0.1209
vn -0.6477 -0.0195 0.7616
vn -0.8897 -0.0291 0.4557
vn -0.9526 0.0071 -0.3042
vn -0.1209 0.0094 -0.9926
vn -0.7616 -0.0195 -0.6477
vn -0.4557 -0.0291 -0.8897
vn 0.3042 0.0071 -0.9526
vn 0.9926 0.0094 -0.1209
vn 0.6477 -0.0195 -0.7616
vn 0.8897 -0.0291 -0.4557
vn 0.9526 0.0071 0.3042
vn 0.1209 0.0094 0.9926
vn 0.7616 -0.0195 0.6477
vn 0.4557 -0.0291 0.8897
vn 0.9983 -0.0000 -0.0589
vn 0.0601 0.0027 0.9982
vn -0.9981 0.0048 0.0619
vn 0.0307 -0.9991 0.0303
vn -0.0008 -0.9986 0.0530
vn -0.0307 0.9991 0.0302
vn -0.0601 -0.0027 0.9982
vn 0.0013 0.9982 0.0606
vn 0.0635 0.0311 -0.9975
vn -0.0038 0.0937 -0.9956
vn -0.0000 -0.0002 1.0000
vn -0.0000 0.9989 -0.0470
vn -0.0320 0.9990 -0.0320
vn -0.0429 0.9991 0.0004
vn -0.0000 -0.9989 -0.0470
vn 0.0320 -0.9990 -0.0320
vn -0.0327 -0.9990 -0.0312
vn 0.0428 -0.9991 0.0004
vn 0.0327 0.9990 -0.0312
vn -0.0471 -0.9989 -0.0000
vn -0.9983 -0.0000 -0.0589
vn 0.0471 0.9989 -0.0000
vn -1.0000 0.0002 -0.0000
vn 0.9981 -0.0048 0.0619
vn 1.0000 -0.0002 -0.0000
vn -0.9960 0.0154 0.0882
vn 0.9926 -0.0606 0.1054
vn 0.9960 -0.0154 0.0882
vn 0.7045 0.1957 -0.6821
vn -0.9972 0.0106 0.0737
vn -0.0882 -0.0154 0.9960
vn -0.6988 -0.1598 -0.6972
vn -0.1172 0.0794 -0.9899
vn 0.1076 0.0540 0.9927
vn 0.1076 -0.0540 -0.9927
vn -0.7222 -0.0247 0.6912
vn -0.9239 -0.0000 0.3827
vn -0.9929 -0.0417 -0.1117
vn 0.9946 -0.0168 -0.1027
vn -0.8744 0.1636 -0.4568
vn 0.8001 -0.0428 0.5983
vn 0.9375 0.1785 0.2987
vn -0.0800 0.0007 0.9968
vn 0.9096 0.1431 -0.3900
vn 0.5120 0.2068 0.8337
vn 0.3767 0.1996 -0.9046
vn -0.1173 0.0245 -0.9928
vn -0.3837 0.0641 0.9212
vn -0.5316 0.0336 -0.8463
vn 0.9169 0.0523 0.3956
vn 0.6988 -0.1598 0.6972
vn 0.9947 -0.0317 -0.0974
vn -0.9394 0.0100 0.3426
vn 0.8117 -0.2691 -0.5184
vn -0.9960 -0.0154 -0.0882
vn -0.9169 0.0523 -0.3956
vn -0.6971 -0.0061 0.7170
vn -0.3827 -0.0000 0.9239
vn 0.1172 0.0794 0.9899
vn -0.3201 -0.2533 -0.9129
vn 0.0882 -0.0154 -0.9960
vn 0.3201 -0.2533 0.9129
vn 0.4172 -0.0395 -0.9079
vt 0.839652 1.000000
vt 0.830933 0.500000
vt 0.910348 0.500000
vt 0.589652 1.000000
vt 0.580933 0.500000
vt 0.660348 0.500000
vt 0.339652 1.000000
vt 0.330933 0.500000
vt 0.410348 0.500000
vt 0.089652 1.000000
vt 0.080933 0.500000
vt 0.160348 0.500000
vt 0.743750 0.706250
vt 0.625000 0.750000
vt 0.668750 0.668750
vt 0.875000 0.750000
vt 0.375000 1.000000
vt 0.375000 0.750000
vt 0.625000 0.250000
vt 0.375000 0.500000
vt 0.375000 0.250000
vt 0.279687 0.543750
vt 0.331250 0.618750
vt 0.275000 0.606513
vt 0.274633 0.645019
vt 0.275000 0.631549
vt 0.290625 0.706250
vt 0.125000 0.500000
vt 0.164062 0.592969
vt 0.225367 0.604981
vt 0.225000 0.618451
vt 0.125000 0.750000
vt 0.875000 0.500000
vt 0.704687 0.543750
vt 0.625000 0.500000
vt 0.625000 -0.000000
vt 0.375000 -0.000000
vt 0.816403 0.500000
vt 0.856567 1.000000
vt 0.910153 0.500000
vt 0.566403 0.500000
vt 0.606567 1.000000
vt 0.660153 0.500000
vt 0.316403 0.500000
vt 0.356567 1.000000
vt 0.410153 0.500000
vt 0.066403 0.500000
vt 0.106567 1.000000
vt 0.160153 0.500000
vt 0.625000 0.999869
vt 0.375000 0.976716
vt 0.374869 0.750000
vt 0.375000 0.726715
vt 0.348909 0.725073
vt 0.874869 0.750000
vt 0.875000 0.726715
vt 0.850037 0.723913
vt 0.148285 0.750000
vt 0.151853 0.723575
vt 0.625000 0.773285
vt 0.375000 0.750131
vt 0.375000 0.475814
vt 0.625000 0.274186
vt 0.375000 0.275000
vt 0.275000 0.607379
vt 0.275000 0.619792
vt 0.256250 0.687500
vt 0.267621 0.650000
vt 0.242660 0.650000
vt 0.228705 0.648641
vt 0.150000 0.525000
vt 0.350814 0.500000
vt 0.150000 0.500000
vt 0.125000 0.726420
vt 0.125000 0.525000
vt 0.850000 0.525000
vt 0.775000 0.625000
vt 0.775000 0.632340
vt 0.775000 0.643451
vt 0.769031 0.650000
vt 0.651853 0.723579
vt 0.756553 0.650000
vt 0.650000 0.525000
vt 0.730969 0.600000
vt 0.743447 0.600000
vt 0.726260 0.646904
vt 0.850814 0.500000
vt 0.650000 0.500000
vt 0.625000 0.726420
vt 0.625000 0.525000
vt 0.350000 0.525000
vt 0.753903 0.500000
vt 0.794067 1.000000
vt 0.746097 1.000000
vt 0.737183 0.500000
vt 0.503903 0.500000
vt 0.544067 1.000000
vt 0.496097 1.000000
vt 0.487183 0.500000
vt 0.253903 0.500000
vt 0.294067 1.000000
vt 0.246097 1.000000
vt 0.237183 0.500000
vt 0.011857 0.500000
vt 0.044067 1.000000
vt 0.012817 1.000000
vt 0.000000 0.500000
vt 0.725000 0.635157
vt 0.726834 0.648581
vt 0.775000 0.614843
vt 0.775000 0.610117
vt 0.770748 0.601023
vt 0.773582 0.648166
vt 0.775000 0.634303
vt 0.760141 0.600000
vt 0.756549 0.600000
vt 0.760157 0.650000
vt 0.744094 0.600000
vt 0.731510 0.600000
vt 0.225000 0.630906
vt 0.225000 0.634289
vt 0.225000 0.640673
vt 0.229981 0.649633
vt 0.261564 0.650000
vt 0.238436 0.600000
vt 0.232379 0.600000
vt 0.919067 1.000000
vt 0.669067 1.000000
vt 0.419067 1.000000
vt 0.169067 1.000000
vt 0.625000 1.000000
vt 0.275000 0.625000
vt 0.275000 0.619094
vt 0.267660 0.600000
vt 0.256549 0.600000
vt 0.250000 0.600000
vt 0.250000 0.650000
vt 0.987183 0.500000
vt 0.988143 1.000000
vt 0.243451 0.650000
vt 0.225000 0.625000
vt 0.831250 0.631250
vt 0.750000 0.600000
vt 0.750000 0.650000
vt 0.740697 0.650000
vt 0.725000 0.607340
vt 0.725000 0.618451
vt 0.725000 0.625000
vt 0.981567 1.000000
vt 0.987183 0.500000
vt 0.731567 1.000000
vt 0.481567 1.000000
vt 0.231567 1.000000
vt 0.000000 1.000000
vt 0.625000 0.225000
vt 0.375000 0.225000
vt 0.375000 0.250000
vt 0.625000 0.475000
vt 0.625000 0.750000
vt 0.648285 0.750000
vt 0.275000 0.632340
vt 0.275000 0.643451
vt 0.257340 0.600000
vt 0.268451 0.600000
vt 0.255208 0.650000
vt 0.244792 0.600000
vt 0.225000 0.617660
vt 0.225000 0.606549
vt 0.775000 0.619792
vt 0.773145 0.600861
vt 0.739831 0.650000
vt 0.725000 0.617660
vt 0.725000 0.606549
vt 0.725000 0.632910
vt 0.875000 0.525000
vt 0.375000 0.525000
vt 0.625000 0.000000
vt 0.375000 0.000000
vt 0.375000 0.023580
vt 0.625000 0.023285
s 0
usemtl Brass
f 1313/1441/1857 1312/1442/1857 1310/1443/1857
f 1319/1444/1858 1318/1445/1858 1316/1446/1858
f 1325/1447/1859 1324/1448/1859 1322/1449/1859
f 1331/1450/1860 1330/1451/1860 1328/1452/1860
f 1390/1478/1867 1391/1479/1867 1388/1480/1867
f 1397/1481/1868 1398/1482/1868 1395/1483/1868
f 1404/1484/1869 1405/1485/1869 1402/1486/1869
f 1411/1487/1870 1412/1488/1870 1409/1489/1870
f 1314/1532/1864 1390/1478/1864 1312/1442/1864
f 1313/1441/1861 1392/1533/1861 1315/1534/1861
f 1314/1532/1864 1393/1535/1864 1390/1478/1864
f 1320/1536/1864 1397/1481/1864 1318/1445/1864
f 1319/1444/1861 1399/1537/1861 1321/1538/1861
f 1320/1536/1864 1400/1539/1864 1397/1481/1864
f 1326/1540/1864 1404/1484/1864 1324/1448/1864
f 1325/1447/1861 1406/1541/1861 1327/1542/1861
f 1326/1540/1864 1407/1543/1864 1404/1484/1864
f 1332/1544/1864 1411/1487/1864 1330/1451/1864
f 1331/1450/1861 1413/1545/1861 1309/1546/1861
f 1332/1544/1864 1386/1547/1864 1411/1487/1864
f 1314/1532/1893 1312/1442/1893 1313/1441/1893 1315/1534/1893
f 1311/1567/1894 1313/1441/1894 1310/1443/1894
f 1316/1446/1895 1314/1532/1895 1315/1534/1895 1317/1568/1895
f 1320/1536/1896 1318/1445/1896 1319/1444/1896 1321/1538/1896
f 1317/1568/1897 1319/1444/1897 1316/1446/1897
f 1322/1449/1898 1320/1536/1898 1321/1538/1898 1323/1569/1898
f 1326/1540/1899 1324/1448/1899 1325/1447/1899 1327/1542/1899
f 1323/1569/1900 1325/1447/1900 1322/1449/1900
f 1328/1452/1901 1326/1540/1901 1327/1542/1901 1329/1570/1901
f 1332/1544/1902 1330/1451/1902 1331/1450/1902 1309/1546/1902
f 1329/1570/1903 1331/1450/1903 1328/1452/1903
f 1310/1443/1904 1332/1578/1904 1309/1579/1904 1311/1567/1904
f 1387/1589/1905 1386/1590/1905 1388/1480/1905 1389/1567/1905
f 1392/1533/1906 1390/1478/1906 1393/1535/1906 1394/1591/1906
f 1388/1480/1907 1391/1479/1907 1389/1567/1907
f 1390/1478/1908 1392/1533/1908 1391/1479/1908
f 1394/1591/1909 1393/1535/1909 1395/1483/1909 1396/1568/1909
f 1399/1537/1910 1397/1481/1910 1400/1539/1910 1401/1592/1910
f 1395/1483/1911 1398/1482/1911 1396/1568/1911
f 1397/1481/1912 1399/1537/1912 1398/1482/1912
f 1401/1592/1913 1400/1539/1913 1402/1486/1913 1403/1569/1913
f 1406/1541/1914 1404/1484/1914 1407/1543/1914 1408/1593/1914
f 1402/1486/1915 1405/1485/1915 1403/1569/1915
f 1404/1484/1916 1406/1541/1916 1405/1485/1916
f 1408/1593/1917 1407/1543/1917 1409/1489/1917 1410/1570/1917
f 1413/1545/1918 1411/1487/1918 1386/1547/1918 1387/1594/1918
f 1409/1489/1919 1412/1488/1919 1410/1570/1919
f 1411/1487/1920 1413/1545/1920 1412/1488/1920
f 1386/1590/1864 1332/1578/1864 1310/1443/1864 1388/1480/1864
f 1389/1567/1861 1311/1567/1861 1309/1579/1861 1387/1589/1861
f 1391/1479/1861 1313/1441/1861 1311/1567/1861 1389/1567/1861
f 1388/1480/1864 1310/1443/1864 1312/1442/1864 1390/1478/1864
f 1393/1535/1864 1314/1532/1864 1316/1446/1864 1395/1483/1864
f 1313/1441/1861 1391/1479/1861 1392/1533/1861
f 1315/1534/1861 1392/1533/1861 1394/1591/1861
f 1396/1568/1861 1317/1568/1861 1315/1534/1861 1394/1591/1861
f 1398/1482/1861 1319/1444/1861 1317/1568/1861 1396/1568/1861
f 1395/1483/1864 1316/1446/1864 1318/1445/1864 1397/1481/1864
f 1400/1539/1864 1320/1536/1864 1322/1449/1864 1402/1486/1864
f 1319/1444/1861 1398/1482/1861 1399/1537/1861
f 1321/1538/1861 1399/1537/1861 1401/1592/1861
f 1403/1569/1861 1323/1569/1861 1321/1538/1861 1401/1592/1861
f 1405/1485/1861 1325/1447/1861 1323/1569/1861 1403/1569/1861
f 1402/1486/1864 1322/1449/1864 1324/1448/1864 1404/1484/1864
f 1407/1543/1864 1326/1540/1864 1328/1452/1864 1409/1489/1864
f 1325/1447/1861 1405/1485/1861 1406/1541/1861
f 1327/1542/1861 1406/1541/1861 1408/1593/1861
f 1410/1570/1861 1329/1570/1861 1327/1542/1861 1408/1593/1861
f 1412/1488/1861 1331/1450/1861 1329/1570/1861 1410/1570/1861
f 1409/1489/1864 1328/1452/1864 1330/1451/1864 1411/1487/1864
f 1331/1450/1861 1412/1488/1861 1413/1545/1861
f 1309/1546/1861 1413/1545/1861 1387/1594/1861
usemtl ThickCloth
f 1349/1453/1861 1340/1454/1861 1341/1455/1861
f 1337/1456/1861 1340/1454/1861 1349/1453/1861
f 1340/1454/1862 1335/1457/1862 1336/1458/1862
f 1338/1459/1863 1339/1460/1863 1333/1461/1863
f 1358/1462/1864 1359/1463/1864 1356/1464/1864
f 1359/1463/1864 1378/1465/1864 1377/1466/1864
f 1359/1463/1864 1360/1467/1864 1378/1465/1864
f 1339/1460/1864 1358/1462/1864 1333/1468/1864
f 1351/1469/1864 1383/1470/1864 1373/1471/1864
f 1351/1469/1864 1335/1472/1864 1333/1468/1864
f 1338/1473/1861 1343/1474/1861 1334/1475/1861
f 1341/1455/1861 1340/1454/1861 1334/1475/1861
f 1339/1460/1864 1359/1463/1864 1358/1462/1864
f 1336/1458/1864 1360/1467/1864 1359/1463/1864
f 1334/1475/1865 1336/1458/1865 1339/1460/1865
f 1337/1476/1866 1333/1461/1866 1335/1477/1866
f 1414/1457/1871 1427/1490/1871 1424/1491/1871
f 1425/1492/1872 1432/1493/1872 1457/1494/1872
f 1427/1495/1873 1430/1496/1873 1446/1497/1873
f 1424/1498/1874 1457/1494/1874 1448/1499/1874
f 1424/1491/1875 1426/1500/1875 1425/1501/1875
f 1420/1502/1876 1422/1503/1876 1421/1504/1876
f 1453/1505/1861 1475/1506/1861 1457/1494/1861
f 1456/1507/1861 1457/1494/1861 1455/1508/1861
f 1456/1507/1861 1483/1509/1861 1484/1510/1861
f 1447/1511/1877 1420/1512/1877 1421/1513/1877
f 1429/1514/1878 1447/1511/1878 1428/1515/1878
f 1446/1497/1864 1445/1516/1864 1442/1517/1864 1464/1518/1864 1465/1519/1864 1443/1520/1864
f 1444/1521/1864 1446/1497/1864 1443/1520/1864
f 1444/1521/1864 1443/1520/1864 1467/1522/1864
f 1436/1523/1864 1469/1524/1864 1468/1525/1864
f 1436/1523/1864 1444/1521/1864 1471/1526/1864
f 1436/1523/1879 1422/1527/1879 1423/1528/1879
f 1435/1529/1880 1436/1523/1880 1434/1530/1880
f 1446/1497/1881 1430/1496/1881 1445/1516/1881
f 1457/1494/1882 1432/1493/1882 1458/1531/1882
f 1363/1548/1883 1471/1526/1883 1372/1549/1883
f 1364/1550/1884 1462/1551/1884 1347/1552/1884
f 1366/1553/1885 1465/1519/1885 1365/1554/1885
f 1347/1552/1886 1466/1555/1886 1367/1556/1886
f 1368/1557/1887 1443/1520/1887 1366/1553/1887
f 1369/1558/1888 1468/1525/1888 1370/1559/1888
f 1374/1560/1889 1474/1561/1889 1375/1562/1889
f 1375/1562/1890 1484/1510/1890 1385/1563/1890
f 1381/1564/1891 1455/1508/1891 1378/1465/1891
f 1382/1565/1892 1482/1566/1892 1383/1470/1892
f 1360/1467/1864 1336/1458/1864 1335/1472/1864
f 1340/1454/1862 1337/1571/1862 1335/1457/1862
f 1338/1459/1863 1334/1475/1863 1339/1460/1863
f 1359/1463/1864 1357/1572/1864 1376/1573/1864
f 1359/1463/1864 1376/1573/1864 1356/1464/1864
f 1377/1466/1864 1357/1572/1864 1359/1463/1864
f 1379/1574/1864 1380/1575/1864 1353/1576/1864 1358/1462/1864 1356/1464/1864
f 1360/1467/1864 1355/1577/1864 1381/1564/1864
f 1378/1465/1864 1360/1467/1864 1381/1564/1864
f 1383/1470/1864 1358/1462/1864 1382/1565/1864
f 1358/1462/1864 1353/1576/1864 1382/1565/1864
f 1355/1577/1864 1360/1467/1864 1384/1580/1864
f 1360/1467/1864 1385/1563/1864 1384/1580/1864
f 1333/1468/1864 1358/1462/1864 1351/1469/1864
f 1358/1462/1864 1383/1470/1864 1351/1469/1864
f 1373/1471/1864 1352/1581/1864 1351/1469/1864
f 1374/1560/1864 1375/1562/1864 1385/1563/1864 1351/1469/1864 1352/1581/1864
f 1360/1467/1864 1335/1472/1864 1351/1469/1864 1385/1563/1864
f 1350/1582/1861 1347/1552/1861 1343/1474/1861 1338/1473/1861
f 1349/1453/1861 1366/1553/1861 1350/1582/1861 1337/1456/1861
f 1350/1582/1861 1348/1517/1861 1364/1550/1861
f 1364/1550/1861 1347/1552/1861 1350/1582/1861
f 1365/1554/1861 1348/1517/1861 1350/1582/1861
f 1350/1582/1861 1366/1553/1861 1365/1554/1861
f 1344/1583/1861 1343/1474/1861 1367/1556/1861
f 1343/1474/1861 1347/1552/1861 1367/1556/1861
f 1349/1453/1861 1346/1584/1861 1368/1557/1861
f 1366/1553/1861 1349/1453/1861 1368/1557/1861
f 1343/1474/1861 1344/1583/1861 1369/1558/1861
f 1369/1558/1861 1370/1559/1861 1343/1474/1861
f 1346/1584/1861 1349/1453/1861 1371/1585/1861
f 1349/1453/1861 1372/1549/1861 1371/1585/1861
f 1343/1474/1861 1370/1559/1861 1341/1455/1861
f 1361/1586/1861 1362/1587/1861 1342/1588/1861 1341/1455/1861 1370/1559/1861
f 1341/1455/1861 1342/1588/1861 1363/1548/1861
f 1363/1548/1861 1372/1549/1861 1341/1455/1861
f 1341/1455/1861 1372/1549/1861 1349/1453/1861
f 1343/1474/1861 1341/1455/1861 1334/1475/1861
f 1338/1473/1861 1337/1456/1861 1350/1582/1861
f 1339/1460/1864 1336/1458/1864 1359/1463/1864
f 1334/1475/1865 1340/1454/1865 1336/1458/1865
f 1337/1476/1866 1338/1459/1866 1333/1461/1866
f 1431/1595/1921 1428/1596/1921 1415/1597/1921 1416/1459/1921
f 1423/1598/1922 1420/1502/1922 1418/1460/1922 1419/1475/1922
f 1435/1529/1923 1432/1493/1923 1425/1492/1923 1417/1599/1923
f 1426/1600/1924 1444/1521/1924 1435/1529/1924 1417/1599/1924
f 1446/1497/1925 1444/1521/1925 1426/1600/1925 1427/1495/1925
f 1424/1498/1926 1448/1499/1926 1429/1514/1926 1414/1472/1926
f 1416/1459/1927 1415/1597/1927 1421/1504/1927 1422/1503/1927
f 1424/1498/1928 1425/1492/1928 1457/1494/1928
f 1425/1501/1929 1426/1500/1929 1417/1599/1929
f 1424/1491/1930 1427/1490/1930 1426/1500/1930
f 1420/1502/1931 1423/1598/1931 1422/1503/1931
f 1458/1531/1861 1453/1505/1861 1457/1494/1861
f 1454/1572/1861 1457/1494/1861 1475/1506/1861
f 1457/1494/1861 1454/1572/1861 1476/1601/1861 1477/1602/1861 1455/1508/1861
f 1479/1603/1861 1478/1604/1861 1453/1505/1861 1458/1531/1861 1447/1511/1861 1450/1576/1861
f 1480/1605/1861 1452/1577/1861 1456/1507/1861
f 1455/1508/1861 1480/1605/1861 1456/1507/1861
f 1481/1606/1861 1450/1576/1861 1447/1511/1861
f 1482/1566/1861 1481/1606/1861 1447/1511/1861
f 1456/1507/1861 1452/1577/1861 1483/1509/1861
f 1448/1499/1861 1457/1494/1861 1456/1507/1861
f 1447/1511/1932 1458/1531/1932 1420/1512/1932
f 1473/1607/1861 1472/1608/1861 1482/1566/1861 1447/1511/1861 1449/1581/1861
f 1456/1507/1861 1484/1510/1861 1447/1511/1861 1448/1499/1861
f 1449/1581/1861 1447/1511/1861 1474/1561/1861
f 1447/1511/1861 1484/1510/1861 1474/1561/1861
f 1421/1513/1933 1415/1468/1933 1428/1515/1933 1447/1511/1933
f 1429/1514/1934 1448/1499/1934 1447/1511/1934
f 1462/1551/1864 1463/1609/1864 1442/1517/1864 1445/1516/1864 1441/1610/1864
f 1436/1523/1864 1438/1583/1864 1466/1555/1864 1441/1610/1864 1445/1516/1864
f 1467/1522/1864 1440/1584/1864 1444/1521/1864
f 1468/1525/1864 1438/1583/1864 1436/1523/1864
f 1444/1521/1864 1440/1584/1864 1470/1611/1864
f 1470/1611/1864 1471/1526/1864 1444/1521/1864
f 1436/1523/1935 1445/1516/1935 1422/1527/1935
f 1460/1612/1864 1459/1613/1864 1469/1524/1864 1436/1523/1864 1437/1588/1864
f 1423/1528/1936 1419/1475/1936 1434/1530/1936 1436/1523/1936
f 1437/1588/1864 1436/1523/1864 1461/1614/1864
f 1436/1523/1864 1471/1526/1864 1461/1614/1864
f 1431/1615/1937 1416/1473/1937 1422/1527/1937 1445/1516/1937
f 1435/1529/1938 1444/1521/1938 1436/1523/1938
f 1433/1616/1939 1418/1460/1939 1420/1512/1939 1458/1531/1939
f 1445/1516/1940 1430/1496/1940 1431/1615/1940
f 1419/1475/1941 1418/1460/1941 1433/1616/1941 1434/1530/1941
f 1458/1531/1942 1432/1493/1942 1433/1616/1942
f 1434/1530/1943 1433/1616/1943 1432/1493/1943 1435/1529/1943
f 1427/1617/1944 1414/1618/1944 1429/1619/1944 1430/1620/1944
f 1430/1620/1945 1429/1619/1945 1428/1596/1945 1431/1595/1945
f 1437/1588/1946 1342/1588/1946 1362/1587/1946 1460/1612/1946
f 1463/1609/1947 1364/1550/1947 1348/1517/1947 1442/1517/1947
f 1449/1581/1948 1352/1581/1948 1373/1471/1948 1473/1607/1948
f 1366/1553/1949 1443/1520/1949 1465/1519/1949
f 1475/1506/1950 1376/1573/1950 1357/1572/1950 1454/1572/1950
f 1450/1576/1951 1353/1576/1951 1380/1575/1951 1479/1603/1951
f 1378/1465/1952 1455/1508/1952 1477/1602/1952
f 1480/1605/1953 1381/1564/1953 1355/1577/1953 1452/1577/1953
f 1438/1583/1954 1344/1583/1954 1367/1556/1954 1466/1555/1954
f 1467/1522/1955 1368/1557/1955 1346/1584/1955 1440/1584/1955
f 1459/1613/1956 1361/1586/1956 1370/1559/1956 1469/1524/1956
f 1460/1612/1957 1362/1587/1957 1361/1586/1957 1459/1613/1957
f 1461/1614/1958 1363/1548/1958 1342/1588/1958 1437/1588/1958
f 1442/1517/1959 1348/1517/1959 1365/1554/1959 1464/1518/1959
f 1363/1548/1960 1461/1614/1960 1471/1526/1960
f 1347/1552/1961 1462/1551/1961 1441/1610/1961
f 1364/1550/1962 1463/1609/1962 1462/1551/1962
f 1468/1525/1963 1369/1558/1963 1344/1583/1963 1438/1583/1963
f 1365/1554/1964 1465/1519/1964 1464/1518/1964
f 1347/1552/1965 1441/1610/1965 1466/1555/1965
f 1368/1557/1966 1467/1522/1966 1443/1520/1966
f 1440/1584/1967 1346/1584/1967 1371/1585/1967 1470/1611/1967
f 1370/1559/1968 1468/1525/1968 1469/1524/1968
f 1470/1611/1969 1371/1585/1969 1372/1549/1969 1471/1526/1969
f 1473/1607/1970 1373/1471/1970 1383/1470/1970 1472/1608/1970
f 1383/1470/1971 1482/1566/1971 1472/1608/1971
f 1474/1561/1972 1374/1560/1972 1352/1581/1972 1449/1581/1972
f 1453/1505/1973 1356/1464/1973 1376/1573/1973 1475/1506/1973
f 1375/1562/1974 1474/1561/1974 1484/1510/1974
f 1454/1572/1975 1357/1572/1975 1377/1466/1975 1476/1601/1975
f 1476/1601/1976 1377/1466/1976 1378/1465/1976 1477/1602/1976
f 1478/1604/1977 1379/1574/1977 1356/1464/1977 1453/1505/1977
f 1479/1603/1978 1380/1575/1978 1379/1574/1978 1478/1604/1978
f 1481/1606/1979 1382/1565/1979 1353/1576/1979 1450/1576/1979
f 1381/1564/1980 1480/1605/1980 1455/1508/1980
f 1452/1577/1981 1355/1577/1981 1384/1580/1981 1483/1509/1981
f 1382/1565/1982 1481/1606/1982 1482/1566/1982
f 1483/1509/1983 1384/1580/1983 1385/1563/1983 1484/1510/1983
l 1344 1345
l 1345 1346
l 1353 1354
l 1354 1355
l 1357 1354
l 1354 1352
l 1348 1345
l 1345 1342
l 1438 1439
l 1439 1440
l 1450 1451
l 1451 1452
l 1454 1451
l 1451 1449
l 1442 1439
l 1439 1437
o Rope04
v -0.000092 -0.061972 -0.040608
v 0.008059 -0.058967 -0.033313
v -0.005373 -0.148949 0.403399
v -0.001775 -0.055446 -0.025013
v -0.007924 -0.059118 -0.033790
v -0.007868 -0.082704 -0.021901
v -0.007431 0.141342 0.429592
v -0.006889 -0.031861 0.505793
v -0.007673 -0.087273 0.479865
v -0.007124 -0.137937 0.436533
v -0.006968 -0.188682 0.122163
v -0.007588 -0.097142 -0.013384
v -0.007506 -0.203313 0.236086
v -0.007732 -0.182908 0.348071
v -0.007512 0.000033 0.508252
v -0.006662 0.039341 0.504676
v -0.007605 0.083864 0.483405
v -0.007670 0.166848 0.387333
v -0.007127 0.192907 0.319178
v -0.006462 0.203600 0.200319
v -0.007935 0.200879 0.246071
v -0.007802 0.184559 0.116398
v -0.006648 0.088523 -0.022364
v -0.007481 0.013266 -0.047897
v -0.007571 -0.137888 0.026854
v -0.007775 -0.174507 0.089418
v -0.007505 -0.204079 0.226132
v -0.007640 -0.200907 0.265822
v -0.006399 -0.177016 0.371295
v -0.005789 -0.173986 0.080233
v -0.006065 -0.170649 0.386512
v -0.007631 -0.033940 -0.044237
v -0.005420 -0.118174 -0.000603
v -0.005489 -0.202977 0.182483
v -0.005629 -0.193807 0.325258
v -0.003757 -0.095963 -0.020301
v -0.004638 -0.201138 0.295393
v -0.003494 -0.190783 0.340924
v -0.004707 -0.087094 0.485709
v -0.005001 0.118725 0.460335
v -0.005038 0.178635 0.370041
v -0.005713 0.193413 0.133779
v -0.003713 0.180116 0.090292
v -0.003441 0.155457 0.042912
v -0.003648 -0.055182 -0.042143
v -0.004788 -0.186495 0.108657
v -0.005509 -0.202339 0.176352
v -0.002802 -0.054824 0.502497
v -0.003857 0.204029 0.279535
v -0.002795 -0.082414 -0.029449
v -0.005323 -0.154811 0.043450
v -0.004636 -0.127219 0.007749
v -0.004997 -0.146544 0.032345
v -0.000092 -0.127128 0.454207
v -0.002229 0.157287 0.414876
v -0.000092 0.192226 0.338866
v -0.000748 0.207014 0.200788
v -0.000092 0.055169 -0.043023
v -0.001794 -0.000009 -0.052666
v -0.000092 -0.206121 0.269681
v 0.001604 -0.160527 0.410498
v 0.000235 -0.175100 0.076990
v -0.000092 -0.179886 0.372074
v -0.000092 -0.164867 0.402365
v 0.000697 0.001004 0.512840
v -0.000092 0.191615 0.119780
v -0.000700 0.126419 0.005056
v 0.002824 0.027817 -0.050386
v -0.000092 -0.106883 -0.012837
v -0.000092 -0.165381 0.058410
v 0.002336 -0.200797 0.156019
v 0.000673 -0.147845 0.031211
v 0.000644 -0.206362 0.194398
v 0.003043 -0.205436 0.269758
v -0.000092 -0.027473 0.510335
v 0.004953 0.021627 0.510324
v 0.000420 0.058525 0.501904
v -0.000092 0.082664 0.489578
v 0.001316 0.180219 0.370826
v 0.002432 0.204548 0.281249
v -0.000092 0.102862 -0.016350
v -0.000092 0.080754 -0.030684
v -0.000092 -0.029419 -0.049964
v 0.000673 -0.205990 0.193659
v 0.003071 -0.191075 0.340261
v 0.001626 -0.189235 0.112498
v 0.003589 -0.080642 -0.030067
v 0.001436 -0.192094 0.122238
v -0.000092 -0.207803 0.232266
v 0.005011 0.206217 0.230491
v 0.003248 0.200194 0.155697
v 0.003933 0.169975 0.068677
v -0.000092 -0.200238 0.306176
v 0.003018 -0.179106 0.372897
v 0.007408 -0.100590 -0.012331
v 0.005115 -0.172290 0.075852
v 0.004278 -0.195779 0.320913
v 0.003460 -0.147717 0.428012
v 0.003462 -0.106025 0.472587
v 0.003461 -0.081449 0.489704
v 0.001387 0.120407 0.461103
v 0.005844 0.157638 0.410494
v 0.005467 0.136298 0.019285
v 0.006981 0.000611 -0.049248
v 0.004446 -0.056714 -0.040583
v 0.006323 -0.092713 -0.019852
v 0.002384 -0.135596 0.015683
v 0.003043 -0.207463 0.231906
v 0.007245 -0.203363 0.233516
v 0.007286 -0.158045 0.405153
v 0.005652 -0.038206 0.505789
v 0.006485 0.197285 0.302976
v 0.007407 0.200669 0.186354
v 0.007447 -0.033940 -0.044237
v 0.007577 -0.161420 0.061559
v 0.007212 -0.202347 0.200366
v 0.005241 -0.134980 0.016696
v 0.005760 -0.197100 0.147549
v 0.006547 0.067886 0.494235
v 0.007577 0.113979 0.459899
v 0.006842 0.183526 0.352027
v 0.007422 0.186449 0.118888
v 0.007588 0.053726 -0.037325
v 0.007570 -0.133195 0.020411
v 0.006745 -0.184645 0.111147
v 0.007332 -0.197046 0.299313
v 0.006868 -0.201083 0.185038
v 0.007765 0.200229 0.252881
v 0.007611 -0.196517 0.290522
v 0.007111 -0.177038 0.368060
v 0.007361 -0.103916 0.469879
v 0.007856 0.147703 0.044503
v 0.007670 -0.192574 0.153366
v 0.007645 -0.177721 0.359621
v 0.007804 -0.153620 0.406398
v 0.007894 -0.163325 0.071949
v 0.007677 -0.026514 0.504212
v 0.007427 0.038620 0.498675
v 0.006783 -0.126274 0.022122
v 0.007077 -0.186040 0.139874
v 0.007004 -0.197119 0.243229
v 0.006762 -0.130921 0.432519
v 0.006781 -0.085929 0.474759
v 0.007238 0.151227 0.405624
v 0.007263 0.088822 -0.021069
v 0.006779 -0.064588 -0.026927
v 0.006950 -0.194977 0.183667
v 0.006922 -0.187187 0.315082
v 0.006658 -0.087422 -0.013300
v 0.006435 -0.185706 0.317640
v 0.006705 -0.163312 0.380777
v 0.004492 -0.049734 0.489040
v 0.005903 -0.015570 0.499657
v 0.005814 0.106546 0.456409
v 0.007006 0.183808 0.326610
v 0.005874 0.191375 0.177049
v 0.006682 0.176720 0.111373
v 0.005473 0.064818 -0.024528
v 0.003821 0.025829 -0.035275
v 0.005582 -0.136288 0.037871
v 0.005924 -0.161300 0.077608
v 0.004040 -0.165297 0.367700
v 0.005114 0.058475 0.487174
v 0.004625 0.166381 0.367332
v 0.005622 0.194021 0.253214
v 0.003941 0.136613 0.040871
v 0.006088 0.111692 0.008186
v 0.006320 -0.012215 -0.040161
v 0.002856 -0.147302 0.402373
v 0.003545 -0.157639 0.074498
v 0.005431 -0.189393 0.167698
v 0.003245 -0.193026 0.242531
v 0.001515 0.027211 0.494431
v 0.001507 0.133893 0.420922
v 0.000962 0.184877 0.300658
v 0.003290 0.161987 0.083895
v 0.003546 -0.050432 -0.028751
v 0.001507 -0.190012 0.192707
v 0.005637 -0.194710 0.245287
v 0.002936 -0.177666 0.333331
v -0.000092 -0.074134 -0.015951
v 0.001620 -0.123315 0.024798
v 0.002174 -0.152332 0.393278
v -0.000092 -0.135648 0.418229
v -0.000273 -0.116635 0.441534
v -0.000092 -0.096910 0.459994
v -0.000092 -0.073633 0.476337
v 0.000763 0.192198 0.219706
v 0.001452 -0.185105 0.157871
v -0.000092 -0.184841 0.301092
v -0.000880 -0.096487 -0.000691
v -0.000591 -0.181704 0.141123
v 0.000673 -0.185287 0.301246
v 0.000407 -0.172650 0.347750
v -0.000092 -0.026245 0.494423
v 0.000674 -0.001251 0.497059
v -0.000880 0.115310 0.443167
v -0.000092 0.176389 0.335592
v -0.000092 -0.000561 -0.036872
v 0.000051 -0.024960 -0.034684
v -0.000092 -0.074279 -0.016226
v 0.004279 -0.104311 0.003932
v 0.001039 -0.168319 0.100913
v -0.000880 -0.190274 0.265193
v -0.000877 -0.190183 0.193898
v -0.000657 0.083640 0.470851
v -0.001310 0.183216 0.148192
v -0.002435 0.117087 0.018281
v 0.000585 0.087295 -0.008299
v -0.001303 0.052230 -0.026944
v -0.000857 -0.192137 0.228566
v -0.003119 -0.151670 0.065128
v -0.003241 -0.192904 0.242831
v -0.002358 0.190521 0.267982
v -0.003161 0.162274 0.085027
v -0.004956 0.134034 0.036525
v -0.003114 -0.050252 -0.028393
v -0.000986 -0.140775 0.048060
v -0.005693 -0.175605 0.345282
v -0.004482 -0.152998 0.393912
v 0.000554 0.155807 0.386319
v -0.005673 -0.170896 0.101300
v -0.005721 -0.124840 0.023529
v -0.003954 -0.170722 0.104253
v -0.006238 -0.187794 0.302053
v -0.006304 -0.000972 0.499728
v -0.004622 0.058967 0.486197
v -0.005834 0.158924 0.386186
v -0.005670 0.025619 -0.037119
v -0.006238 -0.187734 0.157707
v -0.004485 -0.174942 0.345633
v -0.006186 -0.037943 0.494822
v -0.007242 0.143321 0.415785
v -0.006121 0.179313 0.336167
v -0.005115 0.194172 0.221125
v -0.005406 0.089770 -0.009107
v -0.003575 -0.103727 0.003952
v -0.006105 -0.194553 0.206286
v -0.006962 -0.087324 -0.013648
v -0.006482 -0.190305 0.166689
v -0.006963 -0.131086 0.432366
v -0.006964 -0.085929 0.474759
v -0.006962 0.107411 0.457561
v -0.006343 0.191169 0.288304
v -0.006699 0.186699 0.147104
v -0.007383 0.051825 -0.032331
v -0.006459 -0.012475 -0.040064
v -0.006972 -0.194533 0.266134
v -0.007211 -0.161018 0.072485
v -0.007188 -0.197119 0.243229
v -0.007300 0.037361 0.497471
v -0.007210 0.166068 0.082993
v -0.006963 -0.064588 -0.026927
v -0.006589 -0.136872 0.035302
v -0.007843 -0.141677 0.033992
v -0.007869 -0.193648 0.153860
v -0.007545 0.065389 -0.033874
v -0.007889 -0.185906 0.329283
v -0.008131 -0.155249 0.407412
v -0.007794 0.136443 0.024070
vn -0.4217 0.3646 0.8302
vn -0.9878 0.0668 0.1408
vn -0.7325 0.6651 0.1453
vn -0.9638 0.1150 0.2407
vn -0.8334 -0.5484 0.0682
vn -0.9994 -0.0284 -0.0178
vn -0.9901 -0.0337 -0.1363
vn -0.9885 0.1034 -0.1101
vn -0.9997 0.0092 -0.0234
vn -0.9998 0.0211 -0.0039
vn -0.9670 0.2481 -0.0577
vn -0.9261 0.3708 -0.0694
vn -0.9984 0.0561 -0.0042
vn -0.9957 -0.0829 -0.0413
vn -0.9746 0.1931 0.1130
vn -0.9770 0.2108 0.0323
vn -0.9745 0.1938 0.1135
vn -0.9689 -0.1584 0.1901
vn -0.9424 -0.2950 0.1577
vn 0.2860 -0.9315 -0.2249
vn -0.1138 -0.9645 -0.2384
vn -0.9735 -0.2137 -0.0815
vn -0.9674 -0.2021 -0.1525
vn -0.8485 -0.1583 -0.5050
vn -0.5559 0.5973 0.5781
vn -0.9593 0.1190 0.2561
vn 0.1342 -0.7120 0.6893
vn -0.9568 -0.2891 -0.0304
vn -0.9676 0.2373 -0.0863
vn -0.6264 0.7252 0.2857
vn -0.8637 0.3400 0.3720
vn -0.4890 0.2177 0.8447
vn -0.7233 -0.6556 0.2167
vn -0.7264 0.6852 0.0543
vn -0.8000 0.5460 0.2488
vn -0.6364 0.6295 0.4458
vn -0.5739 0.8189 -0.0086
vn -0.7181 0.5116 0.4718
vn -0.3471 -0.0651 0.9356
vn -0.5936 -0.3974 0.6998
vn -0.5539 -0.8271 0.0954
vn -0.3974 -0.8911 -0.2189
vn -0.6749 -0.4883 -0.5532
vn -0.1256 -0.5093 -0.8514
vn -0.6433 0.4399 -0.6266
vn -0.6227 0.6039 -0.4976
vn -0.4479 0.7641 -0.4643
vn -0.4860 0.8737 0.0197
vn -0.3228 0.9372 0.1324
vn -0.6921 0.2549 0.6753
vn -0.5505 0.0714 0.8318
vn -0.3806 -0.6892 -0.6166
vn -0.3907 -0.0642 -0.9183
vn -0.1137 0.9493 0.2931
vn -0.2276 0.8867 -0.4025
vn -0.3167 0.9098 0.2684
vn -0.1732 -0.3268 0.9291
vn -0.3568 -0.6418 0.6788
vn -0.3296 -0.9426 -0.0540
vn -0.3744 -0.7880 -0.4887
vn -0.3513 0.1088 -0.9299
vn -0.3494 0.9318 -0.0981
vn -0.2586 0.6526 0.7122
vn -0.0015 0.9761 -0.2171
vn 0.0438 0.5612 0.8265
vn -0.1129 -0.7357 0.6678
vn 0.0332 0.4641 -0.8851
vn -0.1288 0.9074 -0.4000
vn -0.3391 0.9074 -0.2485
vn 0.0585 0.2341 0.9705
vn 0.0015 -0.8614 0.5080
vn 0.0128 -0.9492 0.3143
vn 0.0980 -0.9789 -0.1791
vn 0.0853 -0.2346 -0.9683
vn 0.0215 0.9982 0.0565
vn 0.1808 0.8827 0.4337
vn -0.0655 0.8199 0.5688
vn 0.2035 0.9765 0.0713
vn 0.5205 -0.4226 0.7420
vn 0.5792 -0.8107 0.0850
vn 0.6236 0.7028 0.3424
vn 0.2382 0.8229 0.5159
vn 0.4767 0.6489 0.5930
vn 0.6988 0.2462 0.6716
vn 0.5625 0.0771 0.8232
vn 0.2172 -0.9521 0.2151
vn 0.4514 -0.8296 -0.3287
vn 0.5363 -0.5533 -0.6373
vn 0.5855 0.0673 -0.8079
vn 0.3140 0.2699 -0.9102
vn 0.3416 0.8853 -0.3155
vn 0.3678 0.9239 -0.1057
vn 0.5053 0.8011 0.3207
vn 0.5976 0.4376 0.6719
vn 0.4929 0.8641 -0.1022
vn 0.3794 0.8882 0.2590
vn 0.3010 -0.1020 0.9481
vn 0.7188 -0.5783 -0.3860
vn 0.6433 0.4399 -0.6266
vn 0.4276 0.6186 -0.6591
vn 0.6121 0.6150 -0.4970
vn 0.6097 0.5351 0.5848
vn 0.6841 0.7293 0.0114
vn 0.4067 0.8477 0.3406
vn 0.4792 0.2190 0.8499
vn 0.4849 -0.6633 -0.5700
vn 0.6225 -0.0317 -0.7820
vn 0.7308 0.6805 0.0544
vn 0.8149 0.4736 0.3340
vn 0.8321 0.5034 -0.2328
vn 0.6903 0.4163 0.5918
vn 0.8712 -0.3691 0.3236
vn 0.8309 -0.4148 0.3709
vn 0.9423 -0.3287 -0.0635
vn 0.9407 0.3283 -0.0851
vn 0.6702 0.7421 0.0111
vn 0.9534 0.2859 0.0960
vn 0.8752 -0.2845 0.3913
vn 0.9851 -0.1717 0.0092
vn 0.9709 -0.1389 -0.1949
vn 0.4366 -0.4123 -0.7996
vn 0.9621 0.0439 -0.2692
vn 0.7591 0.2799 -0.5878
vn 0.9895 0.1441 -0.0145
vn 0.7210 0.6817 0.1248
vn 0.9941 0.1017 -0.0378
vn 0.9998 -0.0117 0.0178
vn 0.9978 0.0454 -0.0488
vn 0.9856 0.1291 -0.1091
vn 0.9978 0.0553 -0.0357
vn 0.9985 0.0499 -0.0220
vn 0.9686 0.2425 -0.0547
vn 0.9952 0.0927 0.0309
vn 0.9987 0.0509 0.0070
vn 0.9853 0.1438 0.0926
vn 0.9952 0.0432 0.0879
vn 0.9701 0.0242 0.2414
vn 0.9878 -0.1489 -0.0450
vn 0.9891 -0.1426 -0.0358
vn 0.9668 0.1858 -0.1756
vn 0.9116 0.4111 -0.0022
vn 0.7510 -0.0412 0.6590
vn 0.7866 -0.5793 0.2137
vn 0.8364 -0.5233 0.1633
vn 0.8136 -0.5679 -0.1245
vn 0.8462 0.1075 -0.5219
vn 0.8399 0.4602 -0.2877
vn 0.6603 -0.4292 0.6163
vn 0.7719 -0.6279 0.0999
vn 0.8214 -0.5669 0.0628
vn 0.8935 -0.3807 -0.2382
vn 0.7912 0.6090 0.0560
vn 0.6283 -0.7739 0.0796
vn 0.5771 -0.7432 -0.3384
vn 0.6997 -0.4929 -0.5172
vn 0.6006 0.3406 -0.7233
vn 0.6198 0.5217 -0.5862
vn 0.4872 0.8244 0.2883
vn 0.6588 0.6837 0.3140
vn 0.6083 0.4654 0.6429
vn 0.5863 0.2480 0.7712
vn 0.6711 -0.0482 0.7398
vn 0.6381 -0.5610 0.5274
vn 0.5474 -0.8304 -0.1044
vn 0.6536 -0.7134 -0.2527
vn 0.4963 -0.8571 0.1382
vn 0.5534 -0.8281 -0.0898
vn 0.5578 -0.1118 -0.8224
vn 0.4473 0.4866 -0.7505
vn 0.5298 0.8125 -0.2433
vn 0.5220 0.8494 -0.0784
vn 0.4535 0.8673 0.2054
vn 0.3754 0.4278 0.8222
vn 0.4895 -0.8200 0.2965
vn 0.5205 -0.8536 -0.0224
vn 0.3501 -0.4537 -0.8195
vn 0.1245 -0.3039 -0.9445
vn 0.3619 0.0163 -0.9321
vn 0.2841 0.7602 0.5843
vn 0.3332 -0.3435 0.8780
vn 0.3527 -0.8055 -0.4762
vn 0.2789 -0.6077 -0.7436
vn -0.0247 0.9992 0.0316
vn 0.1442 -0.6632 -0.7344
vn -0.1506 -0.9063 -0.3949
vn -0.3584 -0.7182 -0.5965
vn -0.1132 -0.7051 -0.7000
vn 0.0640 -0.9809 0.1836
vn -0.0277 -0.9815 -0.1894
vn -0.1688 -0.9478 0.2705
vn -0.2136 -0.9664 -0.1428
vn -0.1295 0.8793 -0.4584
vn -0.2986 0.9394 -0.1685
vn -0.1351 0.9701 0.2016
vn -0.2477 0.5897 0.7687
vn -0.2196 0.1627 0.9619
vn -0.2233 -0.6185 0.7533
vn -0.2715 -0.7823 0.5607
vn -0.2622 -0.9615 0.0826
vn -0.2909 -0.7502 -0.5937
vn -0.5133 -0.8472 0.1366
vn -0.4327 -0.8790 -0.2003
vn -0.5596 -0.1079 -0.8217
vn -0.4674 0.1830 -0.8649
vn -0.3873 0.5016 -0.7736
vn -0.5541 0.3692 0.7461
vn -0.4489 -0.2048 0.8698
vn -0.2976 -0.8553 0.4241
vn -0.4565 -0.8231 0.3378
vn -0.3952 -0.7942 -0.4616
vn -0.5318 -0.7363 0.4183
vn -0.5887 -0.8060 0.0624
vn -0.4178 0.4176 -0.8069
vn -0.5135 0.8580 0.0122
vn -0.5961 0.7663 0.2395
vn -0.5318 0.6615 0.5287
vn -0.7359 -0.5214 -0.4320
vn -0.7923 -0.2780 -0.5432
vn -0.8254 -0.2215 0.5194
vn -0.8603 -0.4993 -0.1027
vn -0.6441 -0.6901 -0.3300
vn -0.7552 0.6163 -0.2232
vn -0.9363 0.3454 -0.0634
vn -0.8217 -0.3756 0.4287
vn -0.8072 -0.5708 0.1501
vn -0.8606 -0.3942 -0.3224
vn -0.8200 -0.2763 -0.5013
vn -0.9494 -0.3066 0.0687
vn -0.9684 -0.2441 -0.0509
vn -0.9374 -0.2993 -0.1782
vn -0.9361 -0.3499 -0.0370
vn -0.9234 -0.2773 -0.2656
vn -0.9750 -0.2080 0.0786
vn -0.9860 0.1034 -0.1311
vn -0.9989 -0.0420 -0.0197
vn -0.9964 0.0186 0.0831
vn -0.9964 0.0288 0.0803
vn 0.0028 0.9226 -0.3858
vn -0.8357 0.2999 0.4600
vn 0.0001 0.5261 0.8504
vn -0.9925 0.0619 -0.1055
vn -0.9940 0.1055 -0.0288
vn -0.9521 0.2954 0.0786
vn -0.9816 0.1662 0.0941
vn -0.9907 0.0871 0.1046
vn -0.9824 0.0175 0.1858
vn -0.8521 -0.4641 0.2418
vn -0.9798 -0.1351 -0.1475
vn -0.9983 -0.0152 -0.0556
vn -0.8714 0.4503 -0.1949
vn -0.9992 0.0400 0.0098
vn -0.9638 0.2641 0.0353
vn -0.9714 0.2053 0.1191
vn -0.9963 0.0651 0.0558
vn -0.9944 0.1048 -0.0144
vn -0.9928 0.1191 -0.0129
vn -0.9944 0.0348 0.1000
vn -0.9877 0.0084 0.1564
vn -0.9495 -0.1154 0.2918
vn -0.9961 -0.0019 0.0879
vn -0.9930 -0.1102 0.0434
vn -0.9801 -0.1339 -0.1464
vn -0.9897 0.0157 -0.1421
vn -0.5601 0.8201 -0.1171
vn -0.7781 -0.6230 0.0796
vn -0.4623 0.7573 -0.4613
vn -0.9674 0.2502 0.0393
vn 0.1959 -0.7048 0.6818
vn -0.7276 -0.5808 0.3651
vn -0.7311 0.6755 -0.0953
vn -0.8082 0.5530 -0.2026
vn -0.4297 0.6184 -0.6580
vn -0.6459 -0.1778 0.7424
vn -0.3951 -0.9174 -0.0482
vn -0.4822 -0.6659 -0.5692
vn -0.4409 0.3523 -0.8255
vn -0.3505 0.8280 0.4376
vn -0.2298 0.9723 0.0430
vn -0.4342 0.6268 0.6470
vn -0.6474 0.4452 0.6186
vn -0.2365 0.9704 -0.0495
vn -0.4214 -0.8414 -0.3383
vn -0.3763 0.5536 0.7429
vn -0.2950 -0.4362 0.8501
vn -0.5604 -0.7811 0.2754
vn -0.2879 -0.9491 0.1276
vn -0.5644 -0.8212 -0.0845
vn -0.4425 -0.8683 -0.2243
vn 0.4816 0.7444 -0.4625
vn -0.5457 -0.7303 -0.4109
vn -0.6067 -0.3073 -0.7331
vn -0.3008 0.1245 -0.9455
vn -0.2627 0.8774 -0.4014
vn -0.6109 0.7822 0.1223
vn -0.3231 0.9370 0.1325
vn -0.2617 0.2637 0.9284
vn -0.1899 -0.0312 0.9813
vn -0.3588 -0.0753 -0.9304
vn -0.3558 0.9007 -0.2495
vn 0.1708 0.8769 -0.4493
vn -0.2012 0.9237 -0.3260
vn 0.0586 0.7661 0.6400
vn 0.0494 -0.8639 0.5012
vn -0.3414 0.1462 -0.9285
vn -0.1350 0.8180 -0.5592
vn -0.2595 0.8041 0.5349
vn -0.3317 0.9043 0.2689
vn 0.0600 0.4569 0.8875
vn 0.3913 -0.9202 -0.0067
vn 0.5238 -0.7870 -0.3260
vn 0.0577 -0.5339 -0.8436
vn 0.0127 0.9914 -0.1301
vn -0.3647 0.8827 0.2962
vn 0.4653 0.8840 -0.0447
vn 0.4549 -0.5667 0.6869
vn 0.2248 -0.7677 0.6001
vn 0.4801 0.8657 0.1417
vn 0.1983 0.9685 -0.1509
vn 0.3764 0.5535 0.7429
vn 0.2888 0.2546 0.9229
vn 0.1604 -0.2686 0.9498
vn 0.6995 -0.6622 0.2687
vn 0.5996 -0.7816 -0.1718
vn 0.2154 -0.7607 -0.6123
vn 0.0298 -0.5391 -0.8417
vn 0.2191 -0.0961 -0.9710
vn 0.4066 0.6223 -0.6689
vn 0.6954 0.6458 -0.3152
vn 0.6266 0.7529 -0.2010
vn 0.0867 0.9949 0.0508
vn 0.5042 0.8534 0.1327
vn 0.3203 0.6680 0.6717
vn 0.6748 0.7044 -0.2201
vn 0.7495 0.6557 0.0912
vn 0.0855 -0.5710 0.8165
vn 0.1314 -0.9907 0.0349
vn 0.4635 -0.8127 -0.3532
vn 0.4427 0.3532 -0.8242
vn 0.9681 0.2035 0.1462
vn 0.6067 0.6649 0.4357
vn 0.5168 0.8001 -0.3046
vn 0.9298 0.3645 0.0510
vn 0.8861 -0.3932 0.2453
vn 0.5520 -0.7613 0.3401
vn 0.4126 -0.9011 -0.1332
vn 0.8116 -0.2191 -0.5415
vn 0.7412 0.6644 -0.0962
vn 0.8191 0.5410 0.1908
vn 0.2289 -0.8997 -0.3717
vn 0.8958 0.3939 -0.2060
vn 0.9960 0.0854 -0.0275
vn 0.9801 0.1717 0.0996
vn 0.8191 -0.5068 0.2686
vn 0.9947 0.0333 0.0974
vn 0.9892 0.0472 0.1386
vn 0.8433 -0.1757 0.5079
vn 0.9755 -0.0588 0.2121
vn 0.9941 -0.1027 0.0351
vn 0.9769 -0.1731 -0.1249
vn 0.9018 -0.0332 -0.4308
vn 0.9980 0.0611 -0.0145
vn 0.9961 0.0615 0.0639
vn 0.9996 0.0292 -0.0028
vn 0.9936 0.1082 0.0322
vn 0.9975 -0.0321 -0.0631
vn 0.9930 0.0300 0.1146
vn 0.9986 -0.0147 0.0516
vn 0.9883 -0.1331 0.0751
vn 0.9779 -0.2047 0.0434
vn 0.9451 -0.3267 -0.0072
vn 0.9748 0.0872 -0.2055
vn 0.9972 0.0644 -0.0377
vn 0.9981 0.0596 -0.0136
vn -0.0372 0.8015 0.5968
vn 0.9838 0.0683 0.1659
vn 0.9895 -0.1364 -0.0473
vn 0.9997 0.0234 0.0067
vn 0.9850 0.1507 0.0835
vn 0.9472 0.0757 0.3117
vn 0.9990 -0.0433 -0.0098
vn 0.9743 -0.1779 -0.1381
vn 0.9276 -0.1603 0.3375
vn 0.8503 -0.5256 0.0271
vn 0.8174 -0.5656 -0.1096
vn 0.8991 -0.1823 -0.3980
vn 0.9161 0.3579 -0.1811
vn 0.8149 0.5671 -0.1194
vn 0.5332 -0.7558 0.3801
vn 0.8685 -0.3807 0.3173
vn 0.9048 -0.4115 0.1092
vn 0.9303 -0.3439 -0.1274
vn 0.8539 -0.2449 -0.4593
vn 0.8020 0.5943 0.0603
vn 0.6952 -0.2446 -0.6760
vn 0.6212 -0.7548 -0.2107
vn 0.6680 -0.6137 -0.4210
vn 0.6061 0.2664 -0.7495
vn 0.5768 0.7876 0.2167
vn 0.6770 0.5631 0.4739
vn 0.6557 -0.5557 0.5112
vn 0.6088 -0.7922 -0.0420
vn 0.5217 -0.8348 0.1760
vn 0.5361 -0.8416 -0.0656
vn 0.5398 -0.7637 -0.3540
vn 0.5490 -0.7002 -0.4563
vn 0.5638 -0.5571 -0.6098
vn 0.5131 -0.2015 -0.8344
vn 0.5740 0.3557 -0.7376
vn 0.5139 0.5841 -0.6283
vn 0.5163 0.8025 -0.2992
vn 0.5159 0.8526 -0.0832
vn 0.5897 0.4716 0.6556
vn 0.5100 -0.0894 0.8555
vn 0.5244 -0.7396 0.4219
vn -0.2688 -0.9056 0.3282
vn 0.5164 -0.8563 0.0109
vn 0.4120 -0.8493 -0.3299
vn 0.5692 -0.6960 -0.4377
vn 0.2648 -0.5214 -0.8112
vn 0.3661 -0.0641 -0.9284
vn 0.1140 0.7923 -0.5994
vn 0.2960 0.7935 -0.5318
vn 0.2021 -0.2883 0.9360
vn 0.1878 -0.9333 0.3060
vn 0.2590 -0.6325 -0.7300
vn 0.0950 -0.4181 -0.9034
vn 0.1520 0.9144 -0.3752
vn 0.2148 0.8591 0.4645
vn 0.0100 -0.7499 -0.6615
vn -0.0189 -0.8197 -0.5725
vn -0.0915 0.9952 0.0341
vn -0.1194 -0.4527 0.8837
vn -0.0064 -0.5715 0.8206
vn -0.2540 -0.7769 0.5762
vn -0.0524 -0.9735 0.2227
vn -0.0548 -0.9784 -0.1994
vn -0.0926 -0.5033 -0.8591
vn -0.2642 -0.8686 0.4193
vn -0.3323 -0.9428 -0.0282
vn -0.3095 -0.9509 0.0081
vn -0.3468 -0.8815 -0.3204
vn -0.2534 -0.9360 -0.2445
vn -0.2132 0.9546 -0.2082
vn -0.2670 0.8982 0.3492
vn -0.2680 0.8632 0.4278
vn -0.2692 0.7425 0.6134
vn -0.1643 0.2002 0.9659
vn -0.3654 -0.9049 -0.2182
vn -0.5003 -0.0696 0.8631
vn -0.2870 -0.8219 -0.4921
vn -0.5032 -0.7789 -0.3743
vn -0.4848 -0.5273 -0.6978
vn -0.5242 -0.1803 -0.8323
vn -0.4185 0.1429 -0.8969
vn -0.5320 0.3678 -0.7627
vn -0.5242 0.6570 -0.5419
vn -0.4282 0.8585 -0.2822
vn -0.4997 0.8553 -0.1366
vn -0.4989 0.5039 0.7051
vn -0.4940 0.0894 0.8649
vn -0.5043 -0.8628 -0.0355
vn -0.5223 -0.7187 0.4590
vn -0.4961 -0.8665 0.0558
vn -0.6751 0.4990 -0.5433
vn -0.6036 -0.7890 0.1147
vn -0.7104 -0.0522 -0.7019
vn -0.6390 0.1991 -0.7430
vn -0.8877 0.4076 -0.2141
vn -0.4782 0.8551 0.2005
vn -0.6444 0.6740 0.3613
vn -0.7518 0.5627 0.3439
vn -0.6129 0.3300 0.7179
vn -0.6328 -0.5226 0.5714
vn 0.6363 0.4077 0.6549
vn -0.7645 -0.3698 -0.5280
vn -0.7059 0.7081 0.0194
vn -0.8762 0.4779 0.0618
vn -0.7609 -0.4214 -0.4934
vn -0.6858 -0.3173 -0.6550
vn -0.9416 -0.3210 0.1013
vn -0.9206 -0.3792 -0.0934
vn -0.8625 -0.2072 -0.4616
vn -0.8897 0.4288 0.1569
vn -0.9409 0.2329 0.2458
vn -0.8716 -0.1976 0.4486
vn -0.7554 -0.6141 0.2286
vn -0.9434 -0.3265 0.0576
vn -0.8697 -0.4219 -0.2562
vn -0.9569 -0.1952 -0.2151
vn -0.9859 0.1659 -0.0219
vn -0.9768 -0.1881 0.1024
vn -0.9742 -0.2029 -0.0985
vn -0.9996 -0.0087 0.0280
vn -0.9974 0.0695 0.0186
vt 0.218915 1.000000
vt 0.078553 0.991293
vt 0.249142 0.994743
vt 0.027151 1.000000
vt 0.000000 0.989244
vt 0.110130 0.564614
vt 0.005791 0.581880
vt -0.004920 0.562608
vt 0.075956 0.623037
vt 0.000687 0.627951
vt 0.005678 0.618103
vt -0.000900 0.741539
vt 0.002736 0.705819
vt 0.089284 0.712650
vt 0.077492 0.797330
vt 0.000000 0.792926
vt 0.057288 0.783303
vt 0.113501 0.828049
vt 0.002577 0.830593
vt 0.068657 0.818165
vt 0.077678 0.866678
vt 0.000000 0.850961
vt 0.078791 0.850823
vt 0.000000 0.871529
vt 0.009295 0.892081
vt 0.110250 0.902956
vt 0.112961 0.891560
vt 0.000000 0.918919
vt 0.100165 0.937442
vt 0.057524 0.918041
vt 0.061004 0.962455
vt 0.000000 0.956963
vt 0.027418 0.944207
vt 0.133840 0.977859
vt 0.008443 0.970507
vt 0.108595 0.552216
vt 0.078669 0.598511
vt 0.103269 0.579492
vt 0.155381 0.681265
vt 0.003190 0.687322
vt 0.015145 0.663387
vt 0.059780 0.695634
vt 0.095378 0.748343
vt 0.001980 0.765443
vt 0.108904 0.761046
vt 0.110033 0.774941
vt 0.165461 0.811229
vt 0.000659 0.802183
vt 0.157646 0.610033
vt 0.132309 0.664728
vt 0.136613 0.731484
vt 0.155150 0.877842
vt 0.171404 0.953827
vt 0.097051 0.636507
vt 0.187407 0.626425
vt 0.175587 0.695832
vt 0.178185 0.918181
vt 0.187576 0.965102
vt 0.077617 0.537084
vt 0.233231 0.537054
vt 0.230344 0.595379
vt 0.251001 0.639850
vt 0.125162 0.646757
vt 0.059622 0.653638
vt 0.222354 0.653831
vt 0.218070 0.712815
vt 0.273466 0.752195
vt 0.266509 0.804153
vt 0.233420 0.793104
vt 0.247957 0.855245
vt 0.249086 0.847872
vt 0.247691 0.870038
vt 0.239454 0.862500
vt 0.283889 0.555500
vt 0.233912 0.546397
vt 0.249982 0.619412
vt 0.276759 0.633330
vt 0.280677 0.785577
vt 0.274396 0.820785
vt 0.255315 0.944231
vt 0.162825 0.516108
vt 0.114438 0.500044
vt 0.297361 0.500055
vt 0.281113 0.564604
vt 0.328301 0.646756
vt 0.197223 0.674491
vt 0.268493 0.664543
vt 0.202714 0.743329
vt 0.271658 0.731007
vt 0.259401 0.774957
vt 0.248471 0.834458
vt 0.266515 0.827780
vt 0.265616 0.902949
vt 0.286298 0.977889
vt 0.235385 0.987571
vt 0.248775 0.527672
vt 0.313471 0.519307
vt 0.335399 0.609607
vt 0.341246 0.682066
vt 0.344373 0.840796
vt 0.112067 0.837416
vt 0.272873 0.890738
vt 0.297520 0.877799
vt 0.327172 0.626433
vt 0.321047 0.695004
vt 0.374945 0.739647
vt 0.361533 0.811762
vt 0.322190 0.917888
vt 0.234539 0.930527
vt 0.328577 0.962338
vt 0.365242 0.542282
vt 0.382675 0.657380
vt 0.411637 0.720206
vt 0.392586 0.586069
vt 0.268150 0.579889
vt 0.372789 0.597532
vt 0.424043 0.623037
vt 0.405924 0.636669
vt 0.412109 0.703273
vt 0.434674 0.758382
vt 0.352411 0.769288
vt 0.250361 0.761030
vt 0.369599 0.797357
vt 0.391768 0.831564
vt 0.407200 0.898715
vt 0.416180 0.882079
vt 0.432704 0.944480
vt 0.406065 0.991255
vt 0.428261 0.524637
vt 0.430302 0.557904
vt 0.450727 0.780132
vt 0.421209 0.850823
vt 0.418459 0.866380
vt 0.423221 0.977857
vt 0.536736 0.565515
vt 0.459394 0.817774
vt 0.442475 0.918041
vt 0.358273 0.937188
vt 0.467981 0.962738
vt 0.512640 0.500005
vt 0.335914 0.510539
vt 0.574883 0.602043
vt 0.539042 0.685353
vt 0.382783 0.671995
vt 0.592601 0.662934
vt 0.517115 0.739365
vt 0.519410 0.513890
vt 0.599775 0.528868
vt 0.567575 0.589496
vt 0.578288 0.653486
vt 0.591012 0.722946
vt 0.568264 0.796414
vt 0.514662 0.834179
vt 0.534315 0.906895
vt 0.621102 0.920572
vt 0.586571 0.631450
vt 0.602319 0.615708
vt 0.552750 0.855020
vt 0.590301 0.875950
vt 0.600983 0.886278
vt 0.592457 0.751760
vt 0.576871 0.764338
vt 0.645740 0.780302
vt 0.593146 0.810465
vt 0.660799 0.822393
vt 0.656997 0.941717
vt 0.574429 0.932371
vt 0.623152 0.678116
vt 0.639812 0.733740
vt 0.621803 0.836748
vt 0.688963 0.518862
vt 0.687304 0.510292
vt 0.579089 0.575925
vt 0.704263 0.564545
vt 0.620731 0.640340
vt 0.693905 0.646763
vt 0.674070 0.692440
vt 0.680614 0.854875
vt 0.682483 0.847731
vt 0.686654 0.911668
vt 0.656637 0.898842
vt 0.629955 0.977446
vt 0.643899 0.960283
vt 0.706957 0.746384
vt 0.691093 0.545798
vt 0.747825 0.536815
vt 0.714766 0.575480
vt 0.703569 0.602424
vt 0.743127 0.653356
vt 0.748342 0.667213
vt 0.721047 0.769115
vt 0.751122 0.760860
vt 0.717455 0.795451
vt 0.748849 0.813944
vt 0.729858 0.827255
vt 0.680305 0.869638
vt 0.756714 0.861944
vt 0.744722 0.930509
vt 0.718091 0.948177
vt 0.750916 0.527547
vt 0.581507 0.553344
vt 0.734468 0.555135
vt 0.750335 0.633031
vt 0.750864 0.660295
vt 0.751920 0.706540
vt 0.682834 0.715373
vt 0.596159 0.705674
vt 0.761354 0.726791
vt 0.750866 0.807067
vt 0.750371 0.885656
vt 0.742655 0.921008
vt 0.652401 0.626178
vt 0.804070 0.619400
vt 0.818147 0.626307
vt 0.784828 0.639947
vt 0.791611 0.781164
vt 0.805281 0.840789
vt 0.734528 0.972791
vt 0.748200 0.959839
vt 0.676625 0.994657
vt 0.648624 0.987749
vt 0.821053 0.990630
vt 0.842351 0.980334
vt 0.853119 0.576409
vt 0.749629 0.589768
vt 0.862145 0.607999
vt 0.855077 0.594189
vt 0.752915 0.612469
vt 0.847110 0.905120
vt 0.863262 0.934459
vt 0.871713 0.522425
vt 0.857494 0.557828
vt 0.805618 0.685594
vt 0.819532 0.698097
vt 0.879476 0.709717
vt 0.832552 0.745874
vt 0.852526 0.795706
vt 0.888018 0.817998
vt 0.846672 0.849737
vt 0.890728 0.866892
vt 0.749774 0.877491
vt 0.858103 0.972756
vt 0.912874 0.631490
vt 0.927812 0.642916
vt 0.902781 0.662647
vt 0.906123 0.805722
vt 0.901247 0.835261
vt 0.751387 0.834217
vt 0.889745 0.881439
vt 0.821346 0.894032
vt 0.863958 0.959196
vt 0.913307 0.500069
vt 0.892805 0.510274
vt 0.707033 0.500274
vt 0.911245 0.537275
vt 0.869699 0.547161
vt 0.942898 0.656473
vt 0.897367 0.726319
vt 0.931043 0.755904
vt 0.859816 0.768979
vt 0.927937 0.786265
vt 0.946243 0.599920
vt 0.950601 0.618102
vt 0.947393 0.940342
vt 0.883714 0.948495
vt 0.967265 0.582000
vt 0.964026 0.705498
vt 0.964253 0.850252
vt 0.976550 0.892527
vt 0.969563 0.973018
vt 0.951259 0.989237
vt 0.962372 1.000000
vt 0.962686 0.521517
vt 0.923087 0.919889
vt 0.914900 0.679172
vt 1.000000 0.781339
vt 0.937362 0.774080
vt 1.000000 0.818195
vt 0.896416 0.827655
vt 0.278651 0.031716
vt 0.457090 0.250604
vt 0.289115 0.474928
vt 0.043179 0.290602
vt 0.768041 0.023953
vt 0.541519 0.186477
vt 0.596161 0.426728
vt 0.856003 0.444437
vt 0.965611 0.183415
vt 0.000000 0.840796
vt -0.005262 0.540393
vt -0.003960 0.518116
vt 0.000000 0.605139
vt 0.005735 0.642910
vt 0.005767 0.501855
vt 0.519105 0.999977
vt 0.750453 1.000000
vt 0.763176 0.674527
vt 0.942101 0.735941
vt 1.000000 0.653449
s 0
usemtl Hemp
f 1488/1621/1984 1723/1622/1984 1665/1623/1984
f 1489/1624/1985 1496/1625/1985 1723/1622/1985
f 1714/1626/1986 1510/1627/1986 1511/1628/1986
f 1737/1629/1987 1516/1630/1987 1490/1631/1987
f 1505/1632/1988 1506/1633/1988 1729/1634/1988
f 1727/1635/1989 1491/1636/1989 1717/1637/1989
f 1710/1638/1990 1499/1639/1990 1735/1640/1990
f 1725/1641/1991 1493/1642/1991 1726/1643/1991
f 1725/1641/1992 1494/1644/1992 1493/1642/1992
f 1498/1645/1993 1494/1644/1993 1725/1641/1993
f 1709/1646/1994 1498/1645/1994 1703/1647/1994
f 1709/1646/1995 1497/1648/1995 1498/1645/1995
f 1724/1649/1996 1497/1648/1996 1734/1650/1996
f 1733/1651/1997 1495/1652/1997 1740/1653/1997
f 1707/1654/1998 1739/1655/1998 1733/1651/1998
f 1714/1626/1999 1511/1628/1999 1722/1656/1999
f 1738/1657/2000 1510/1627/2000 1706/1658/2000
f 1700/1659/2001 1744/1660/2001 1741/1661/2001
f 1736/1662/2002 1744/1660/2002 1700/1659/2002
f 1728/1663/2003 1502/1664/2003 1505/1632/2003
f 1718/1665/2004 1502/1664/2004 1728/1663/2004
f 1712/1666/2005 1502/1664/2005 1718/1665/2005
f 1717/1637/2006 1502/1664/2006 1712/1666/2006
f 1711/1667/2007 1735/1640/2007 1501/1668/2007
f 1721/1669/2008 1490/1631/2008 1738/1657/2008
f 1721/1669/2009 1737/1629/2009 1490/1631/2009
f 1700/1659/2010 1741/1661/2010 1720/1670/2010
f 1728/1663/2011 1505/1632/2011 1719/1671/2011
f 1703/1647/2012 1498/1645/2012 1704/1672/2012
f 1733/1651/2013 1740/1653/2013 1708/1673/2013
f 1707/1654/2014 1723/1622/2014 1739/1655/2014
f 1731/1674/2015 1737/1629/2015 1701/1675/2015
f 1729/1634/2016 1736/1662/2016 1699/1676/2016
f 1724/1649/2017 1734/1650/2017 1697/1677/2017
f 1696/1678/2018 1733/1651/2018 1708/1673/2018
f 1707/1654/2019 1733/1651/2019 1696/1678/2019
f 1722/1656/2020 1732/1679/2020 1688/1680/2020
f 1721/1669/2021 1738/1657/2021 1702/1681/2021
f 1683/1682/2022 1713/1683/2022 1731/1674/2022
f 1720/1670/2023 1730/1684/2023 1694/1685/2023
f 1719/1671/2024 1729/1634/2024 1691/1686/2024
f 1718/1665/2025 1728/1663/2025 1659/1687/2025
f 1690/1688/2026 1727/1635/2026 1681/1689/2026
f 1711/1667/2027 1727/1635/2027 1690/1688/2027
f 1670/1690/2028 1726/1643/2028 1671/1691/2028
f 1668/1692/2029 1725/1641/2029 1669/1693/2029
f 1704/1672/2030 1725/1641/2030 1668/1692/2030
f 1662/1694/2031 1722/1656/2031 1695/1695/2031
f 1714/1626/2032 1722/1656/2032 1662/1694/2032
f 1685/1696/2033 1701/1675/2033 1737/1629/2033
f 1683/1682/2034 1731/1674/2034 1684/1697/2034
f 1681/1689/2035 1717/1637/2035 1658/1698/2035
f 1710/1638/2036 1735/1640/2036 1657/1699/2036
f 1708/1673/2037 1724/1649/2037 1676/1700/2037
f 1715/1701/2038 1487/1702/2038 1653/1703/2038
f 1706/1658/2039 1714/1626/2039 1673/1704/2039
f 1694/1685/2040 1713/1683/2040 1643/1705/2040
f 1692/1706/2041 1720/1670/2041 1693/1707/2041
f 1698/1708/2042 1719/1671/2042 1672/1709/2042
f 1658/1698/2043 1712/1666/2043 1705/1710/2043
f 1679/1711/2044 1710/1638/2044 1680/1712/2044
f 1697/1677/2045 1709/1646/2045 1677/1713/2045
f 1666/1714/2046 1675/1715/2046 1707/1654/2046
f 1674/1716/2047 1715/1701/2047 1664/1717/2047
f 1686/1718/2048 1685/1696/2048 1721/1669/2048
f 1650/1719/2049 1700/1659/2049 1692/1706/2049
f 1636/1720/2050 1671/1691/2050 1716/1721/2050
f 1678/1722/2051 1704/1672/2051 1667/1723/2051
f 1677/1713/2052 1703/1647/2052 1678/1722/2052
f 1661/1724/2053 1684/1697/2053 1701/1675/2053
f 1650/1719/2054 1660/1725/2054 1700/1659/2054
f 1660/1725/2055 1691/1686/2055 1699/1676/2055
f 1649/1726/2056 1659/1687/2056 1698/1708/2056
f 1657/1699/2057 1711/1667/2057 1647/1727/2057
f 1656/1728/2058 1689/1729/2058 1697/1677/2058
f 1654/1730/2059 1696/1678/2059 1708/1673/2059
f 1654/1730/2060 1666/1714/2060 1696/1678/2060
f 1663/1731/2061 1662/1694/2061 1695/1695/2061
f 1642/1732/2062 1693/1707/2062 1694/1685/2062
f 1640/1733/2063 1672/1709/2063 1691/1686/2063
f 1645/1734/2064 1702/1681/2064 1687/1735/2064
f 1644/1736/2065 1702/1681/2065 1645/1734/2065
f 1644/1736/2066 1686/1718/2066 1702/1681/2066
f 1661/1724/2067 1685/1696/2067 1630/1737/2067
f 1652/1738/2068 1683/1682/2068 1684/1697/2068
f 1640/1733/2069 1691/1686/2069 1641/1739/2069
f 1639/1740/2070 1648/1741/2070 1682/1742/2070
f 1638/1743/2071 1690/1688/2071 1681/1689/2071
f 1637/1744/2072 1679/1711/2072 1680/1712/2072
f 1637/1744/2073 1636/1720/2073 1679/1711/2073
f 1634/1745/2074 1678/1722/2074 1635/1746/2074
f 1634/1745/2075 1656/1728/2075 1677/1713/2075
f 1624/1747/2076 1654/1730/2076 1676/1700/2076
f 1665/1623/2077 1675/1715/2077 1633/1748/2077
f 1632/1749/2078 1663/1731/2078 1674/1716/2078
f 1631/1750/2079 1687/1735/2079 1673/1704/2079
f 1643/1705/2080 1683/1682/2080 1652/1738/2080
f 1628/1751/2081 1658/1698/2081 1705/1710/2081
f 1627/1752/2082 1670/1690/2082 1671/1691/2082
f 1627/1752/2083 1626/1753/2083 1670/1690/2083
f 1626/1753/2084 1668/1692/2084 1669/1693/2084
f 1633/1748/2085 1666/1714/2085 1623/1754/2085
f 1631/1750/2086 1662/1694/2086 1663/1731/2086
f 1617/1755/2087 1645/1734/2087 1687/1735/2087
f 1630/1737/2088 1652/1738/2088 1661/1724/2088
f 1628/1751/2089 1638/1743/2089 1658/1698/2089
f 1622/1756/2090 1637/1744/2090 1657/1699/2090
f 1625/1757/2091 1655/1758/2091 1656/1728/2091
f 1620/1759/2092 1623/1754/2092 1654/1730/2092
f 1619/1760/2093 1646/1761/2093 1653/1703/2093
f 1630/1737/2094 1686/1718/2094 1608/1762/2094
f 1616/1763/2095 1651/1764/2095 1629/1765/2095
f 1616/1763/2096 1650/1719/2096 1651/1764/2096
f 1612/1766/2097 1639/1740/2097 1649/1726/2097
f 1618/1767/2098 1632/1749/2098 1646/1761/2098
f 1610/1768/2099 1631/1750/2099 1663/1731/2099
f 1599/1769/2100 1645/1734/2100 1617/1755/2100
f 1651/1764/2101 1642/1732/2101 1607/1770/2101
f 1597/1771/2102 1649/1726/2102 1640/1733/2102
f 1604/1772/2103 1647/1727/2103 1638/1743/2103
f 1622/1756/2104 1647/1727/2104 1604/1772/2104
f 1621/1773/2105 1636/1720/2105 1637/1744/2105
f 1627/1752/2106 1636/1720/2106 1621/1773/2106
f 1625/1757/2107 1634/1745/2107 1613/1774/2107
f 1624/1747/2108 1655/1758/2108 1593/1775/2108
f 1610/1768/2109 1632/1749/2109 1618/1767/2109
f 1598/1776/2110 1630/1737/2110 1590/1777/2110
f 1615/1778/2111 1626/1753/2111 1627/1752/2111
f 1594/1779/2112 1626/1753/2112 1615/1778/2112
f 1594/1779/2113 1635/1746/2113 1626/1753/2113
f 1614/1780/2114 1634/1745/2114 1635/1746/2114
f 1614/1780/2115 1613/1774/2115 1634/1745/2115
f 1596/1781/2116 1639/1740/2116 1612/1766/2116
f 1605/1782/2117 1639/1740/2117 1596/1781/2117
f 1604/1772/2118 1628/1751/2118 1586/1783/2118
f 1603/1784/2119 1622/1756/2119 1604/1772/2119
f 1621/1773/2120 1622/1756/2120 1560/1785/2120
f 1602/1786/2121 1624/1747/2121 1611/1787/2121
f 1602/1786/2122 1620/1759/2122 1624/1747/2122
f 1616/1763/2123 1629/1765/2123 1587/1788/2123
f 1574/1789/2124 1612/1766/2124 1597/1771/2124
f 1595/1790/2125 1621/1773/2125 1560/1785/2125
f 1569/1791/2126 1618/1767/2126 1578/1792/2126
f 1610/1768/2127 1618/1767/2127 1569/1791/2127
f 1609/1793/2128 1617/1755/2128 1555/1794/2128
f 1607/1770/2129 1588/1795/2129 1552/1796/2129
f 1576/1797/2130 1616/1763/2130 1587/1788/2130
f 1583/1798/2131 1615/1778/2131 1584/1799/2131
f 1558/1800/2132 1613/1774/2132 1581/1801/2132
f 1593/1775/2133 1613/1774/2133 1558/1800/2133
f 1601/1802/2134 1620/1759/2134 1580/1803/2134
f 1596/1781/2135 1612/1766/2135 1564/1804/2135
f 1592/1805/2136 1610/1768/2136 1544/1806/2136
f 1599/1769/2137 1609/1793/2137 1570/1807/2137
f 1590/1777/2138 1608/1762/2138 1591/1808/2138
f 1629/1765/2139 1607/1770/2139 1542/1809/2139
f 1587/1788/2140 1629/1765/2140 1565/1810/2140
f 1563/1811/2141 1605/1782/2141 1540/1812/2141
f 1586/1783/2142 1605/1782/2142 1563/1811/2142
f 1603/1784/2143 1604/1772/2143 1585/1813/2143
f 1561/1814/2144 1560/1785/2144 1603/1784/2144
f 1595/1790/2145 1560/1785/2145 1549/1815/2145
f 1582/1816/2146 1615/1778/2146 1538/1817/2146
f 1602/1786/2147 1611/1787/2147 1557/1818/2147
f 1580/1803/2148 1602/1786/2148 1572/1819/2148
f 1544/1806/2149 1610/1768/2149 1577/1820/2149
f 1555/1794/2150 1600/1821/2150 1568/1822/2150
f 1588/1795/2151 1598/1776/2151 1567/1823/2151
f 1565/1810/2152 1629/1765/2152 1566/1824/2152
f 1550/1825/2153 1575/1826/2153 1606/1827/2153
f 1574/1789/2154 1597/1771/2154 1541/1828/2154
f 1540/1812/2155 1596/1781/2155 1564/1804/2155
f 1561/1814/2156 1603/1784/2156 1562/1829/2156
f 1547/1830/2157 1581/1801/2157 1614/1780/2157
f 1557/1818/2158 1593/1775/2158 1573/1831/2158
f 1589/1832/2159 1590/1777/2159 1534/1833/2159
f 1567/1823/2160 1589/1832/2160 1529/1834/2160
f 1543/1835/2161 1552/1796/2161 1588/1795/2161
f 1585/1813/2162 1586/1783/2162 1539/1836/2162
f 1584/1799/2163 1595/1790/2163 1532/1837/2163
f 1556/1838/2164 1580/1803/2164 1546/1839/2164
f 1571/1840/2165 1579/1841/2165 1520/1842/2165
f 1564/1804/2166 1574/1789/2166 1541/1828/2166
f 1536/1843/2167 1520/1842/2167 1601/1802/2167
f 1530/1844/2168 1554/1845/2168 1570/1807/2168
f 1517/1846/2169 1591/1808/2169 1535/1847/2169
f 1553/1848/2170 1591/1808/2170 1517/1846/2170
f 1521/1849/2171 1558/1800/2171 1581/1801/2171
f 1531/1850/2172 1572/1819/2172 1602/1786/2172
f 1519/1851/2173 1577/1820/2173 1569/1791/2173
f 1518/1852/2174 1555/1794/2174 1568/1822/2174
f 1528/1853/2175 1527/1854/2175 1576/1797/2175
f 1526/1855/2176 1541/1828/2176 1575/1826/2176
f 1533/1856/2177 1540/1812/2177 1564/1804/2177
f 1524/1857/2178 1562/1829/2178 1585/1813/2178
f 1500/1858/2179 1549/1815/2179 1560/1785/2179
f 1523/1859/2180 1538/1817/2180 1583/1798/2180
f 1494/1860/2181 1548/1861/2181 1582/1816/2181
f 1521/1849/2182 1573/1831/2182 1558/1800/2182
f 1536/1843/2183 1556/1838/2183 1537/1862/2183
f 1519/1851/2184 1544/1806/2184 1577/1820/2184
f 1518/1852/2185 1530/1844/2185 1555/1794/2185
f 1516/1863/2186 1543/1835/2186 1567/1823/2186
f 1508/1864/2187 1542/1809/2187 1552/1796/2187
f 1507/1865/2188 1565/1810/2188 1566/1824/2188
f 1501/1866/2189 1561/1814/2189 1562/1829/2189
f 1492/1867/2190 1532/1837/2190 1559/1868/2190
f 1515/1869/2191 1547/1830/2191 1548/1861/2191
f 1522/1870/2192 1547/1830/2192 1515/1869/2192
f 1514/1871/2193 1537/1862/2193 1546/1839/2193
f 1743/1872/2194 1513/1873/2194 1545/1874/2194
f 1512/1875/2195 1511/1876/2195 1544/1806/2195
f 1741/1877/2196 1507/1865/2196 1542/1809/2196
f 1504/1878/2197 1533/1856/2197 1541/1828/2197
f 1503/1879/2198 1525/1880/2198 1540/1812/2198
f 1491/1881/2199 1524/1857/2199 1539/1836/2199
f 1509/1882/2200 1517/1846/2200 1535/1847/2200
f 1490/1883/2201 1529/1834/2201 1534/1833/2201
f 1492/1867/2202 1523/1859/2202 1532/1837/2202
f 1740/1884/2203 1495/1885/2203 1531/1850/2203
f 1510/1886/2204 1535/1847/2204 1530/1844/2204
f 1506/1887/2205 1526/1855/2205 1527/1854/2205
f 1506/1887/2206 1504/1878/2206 1526/1855/2206
f 1493/1888/2207 1494/1860/2207 1523/1859/2207
f 1498/1889/2208 1521/1849/2208 1522/1870/2208
f 1739/1890/2209 1536/1843/2209 1537/1862/2209
f 1496/1891/2210 1489/1892/2210 1520/1842/2210
f 1742/1893/2211 1512/1875/2211 1519/1851/2211
f 1511/1876/2212 1510/1886/2212 1518/1852/2212
f 1510/1886/2213 1509/1882/2213 1535/1847/2213
f 1497/1894/2214 1740/1884/2214 1531/1850/2214
f 1739/1890/2215 1496/1891/2215 1536/1843/2215
f 1742/1893/2216 1513/1873/2216 1743/1872/2216
f 1741/1877/2217 1744/1895/2217 1507/1865/2217
f 1717/1896/2218 1491/1881/2218 1502/1897/2218
f 1735/1898/2219 1500/1858/2219 1501/1866/2219
f 1735/1898/2220 1499/1899/2220 1500/1858/2220
f 1486/1900/2221 1485/1901/2221 1489/1902/2221 1488/1903/2221
f 1488/1621/2222 1489/1624/2222 1723/1622/2222
f 1619/1904/2223 1653/1905/2223 1487/1906/2223 1743/1907/2223 1545/1908/2223
f 1493/1642/2224 1492/1909/2224 1716/1721/2224 1726/1643/2224
f 1732/1679/2225 1512/1910/2225 1742/1911/2225
f 1714/1626/2226 1706/1658/2226 1510/1627/2226
f 1510/1627/2227 1738/1657/2227 1509/1912/2227
f 1738/1657/2228 1490/1631/2228 1509/1912/2228
f 1731/1674/2229 1508/1913/2229 1516/1630/2229
f 1736/1662/2230 1506/1633/2230 1744/1660/2230
f 1727/1635/2231 1501/1668/2231 1491/1636/2231
f 1716/1721/2232 1492/1909/2232 1499/1639/2232
f 1743/1914/2233 1487/1702/2233 1715/1701/2233 1742/1911/2233
f 1709/1646/2234 1734/1650/2234 1497/1648/2234
f 1724/1649/2235 1740/1653/2235 1497/1648/2235
f 1733/1651/2236 1739/1655/2236 1495/1652/2236
f 1723/1622/2237 1496/1625/2237 1739/1655/2237
f 1722/1656/2238 1512/1910/2238 1732/1679/2238
f 1722/1656/2239 1511/1628/2239 1512/1910/2239
f 1731/1674/2240 1516/1630/2240 1737/1629/2240
f 1713/1683/2241 1508/1913/2241 1731/1674/2241
f 1713/1683/2242 1730/1684/2242 1508/1913/2242
f 1720/1670/2243 1741/1661/2243 1730/1684/2243
f 1729/1634/2244 1506/1633/2244 1736/1662/2244
f 1711/1667/2245 1501/1668/2245 1727/1635/2245
f 1716/1721/2246 1499/1639/2246 1710/1638/2246
f 1742/1911/2247 1674/1716/2247 1688/1680/2247 1732/1679/2247
f 1719/1671/2248 1505/1632/2248 1729/1634/2248
f 1704/1672/2249 1498/1645/2249 1725/1641/2249
f 1708/1673/2250 1740/1653/2250 1724/1649/2250
f 1692/1706/2251 1700/1659/2251 1720/1670/2251
f 1699/1676/2252 1736/1662/2252 1700/1659/2252
f 1697/1677/2253 1734/1650/2253 1709/1646/2253
f 1674/1716/2254 1742/1911/2254 1715/1701/2254
f 1726/1643/2255 1670/1690/2255 1669/1693/2255 1725/1641/2255
f 1694/1685/2256 1730/1684/2256 1713/1683/2256
f 1698/1708/2257 1728/1663/2257 1719/1671/2257
f 1681/1689/2258 1727/1635/2258 1717/1637/2258
f 1716/1721/2259 1671/1691/2259 1726/1643/2259
f 1706/1658/2260 1687/1735/2260 1702/1681/2260 1738/1657/2260
f 1689/1729/2261 1724/1649/2261 1697/1677/2261
f 1707/1654/2262 1675/1715/2262 1723/1622/2262
f 1675/1715/2263 1665/1623/2263 1723/1622/2263
f 1695/1695/2264 1722/1656/2264 1688/1680/2264
f 1718/1665/2265 1682/1742/2265 1705/1710/2265 1712/1666/2265
f 1685/1696/2266 1737/1629/2266 1721/1669/2266
f 1693/1707/2267 1720/1670/2267 1694/1685/2267
f 1691/1686/2268 1729/1634/2268 1699/1676/2268
f 1672/1709/2269 1719/1671/2269 1691/1686/2269
f 1659/1687/2270 1728/1663/2270 1698/1708/2270
f 1682/1742/2271 1718/1665/2271 1659/1687/2271
f 1667/1723/2272 1668/1692/2272 1626/1753/2272 1635/1746/2272
f 1658/1698/2273 1717/1637/2273 1712/1666/2273
f 1657/1699/2274 1735/1640/2274 1711/1667/2274
f 1679/1711/2275 1716/1721/2275 1710/1638/2275
f 1678/1722/2276 1703/1647/2276 1704/1672/2276
f 1676/1700/2277 1724/1649/2277 1689/1729/2277
f 1673/1704/2278 1714/1626/2278 1662/1694/2278
f 1684/1697/2279 1731/1674/2279 1701/1675/2279
f 1643/1705/2280 1713/1683/2280 1683/1682/2280
f 1680/1712/2281 1710/1638/2281 1657/1699/2281
f 1677/1713/2282 1709/1646/2282 1703/1647/2282
f 1646/1761/2283 1715/1701/2283 1653/1703/2283
f 1664/1717/2284 1715/1701/2284 1646/1761/2284
f 1686/1718/2285 1721/1669/2285 1702/1681/2285
f 1660/1725/2286 1699/1676/2286 1700/1659/2286
f 1636/1720/2287 1716/1721/2287 1679/1711/2287
f 1667/1723/2288 1704/1672/2288 1668/1692/2288
f 1666/1714/2289 1707/1654/2289 1696/1678/2289
f 1673/1704/2290 1687/1735/2290 1706/1658/2290
f 1661/1724/2291 1701/1675/2291 1685/1696/2291
f 1672/1709/2292 1649/1726/2292 1698/1708/2292
f 1682/1742/2293 1648/1741/2293 1705/1710/2293
f 1690/1688/2294 1647/1727/2294 1711/1667/2294
f 1677/1713/2295 1656/1728/2295 1697/1677/2295
f 1676/1700/2296 1654/1730/2296 1708/1673/2296
f 1688/1680/2297 1663/1731/2297 1695/1695/2297
f 1693/1707/2298 1651/1764/2298 1692/1706/2298
f 1651/1764/2299 1650/1719/2299 1692/1706/2299
f 1689/1729/2300 1655/1758/2300 1676/1700/2300
f 1674/1716/2301 1663/1731/2301 1688/1680/2301
f 1686/1718/2302 1630/1737/2302 1685/1696/2302
f 1661/1724/2303 1652/1738/2303 1684/1697/2303
f 1643/1705/2304 1642/1732/2304 1694/1685/2304
f 1660/1725/2305 1641/1739/2305 1691/1686/2305
f 1659/1687/2306 1639/1740/2306 1682/1742/2306
f 1658/1698/2307 1638/1743/2307 1681/1689/2307
f 1638/1743/2308 1647/1727/2308 1690/1688/2308
f 1657/1699/2309 1637/1744/2309 1680/1712/2309
f 1670/1690/2310 1626/1753/2310 1669/1693/2310
f 1667/1723/2311 1635/1746/2311 1678/1722/2311
f 1678/1722/2312 1634/1745/2312 1677/1713/2312
f 1656/1728/2313 1655/1758/2313 1689/1729/2313
f 1655/1758/2314 1624/1747/2314 1676/1700/2314
f 1633/1748/2315 1675/1715/2315 1666/1714/2315
f 1664/1717/2316 1632/1749/2316 1674/1716/2316
f 1662/1694/2317 1631/1750/2317 1673/1704/2317
f 1642/1732/2318 1651/1764/2318 1693/1707/2318
f 1640/1733/2319 1649/1726/2319 1672/1709/2319
f 1648/1741/2320 1628/1751/2320 1705/1710/2320
f 1627/1752/2321 1671/1691/2321 1636/1720/2321
f 1644/1736/2322 1599/1769/2322 1608/1762/2322 1686/1718/2322
f 1654/1730/2323 1623/1754/2323 1666/1714/2323
f 1646/1761/2324 1632/1749/2324 1664/1717/2324
f 1631/1750/2325 1617/1755/2325 1687/1735/2325
f 1650/1719/2326 1616/1763/2326 1660/1725/2326
f 1616/1763/2327 1641/1739/2327 1660/1725/2327
f 1649/1726/2328 1639/1740/2328 1659/1687/2328
f 1647/1727/2329 1622/1756/2329 1657/1699/2329
f 1634/1745/2330 1625/1757/2330 1656/1728/2330
f 1624/1747/2331 1620/1759/2331 1654/1730/2331
f 1639/1740/2332 1628/1751/2332 1648/1741/2332
f 1619/1760/2333 1618/1767/2333 1646/1761/2333
f 1632/1749/2334 1610/1768/2334 1663/1731/2334
f 1599/1769/2335 1644/1736/2335 1645/1734/2335
f 1619/1760/2336 1545/1874/2336 1578/1792/2336 1618/1767/2336
f 1630/1737/2337 1598/1776/2337 1652/1738/2337
f 1652/1738/2338 1588/1795/2338 1643/1705/2338
f 1588/1795/2339 1642/1732/2339 1643/1705/2339
f 1588/1795/2340 1607/1770/2340 1642/1732/2340
f 1606/1827/2341 1640/1733/2341 1641/1739/2341
f 1628/1751/2342 1604/1772/2342 1638/1743/2342
f 1622/1756/2343 1621/1773/2343 1637/1744/2343
f 1625/1757/2344 1593/1775/2344 1655/1758/2344
f 1579/1841/2345 1633/1748/2345 1623/1754/2345
f 1610/1768/2346 1600/1821/2346 1631/1750/2346
f 1600/1821/2347 1617/1755/2347 1631/1750/2347
f 1608/1762/2348 1590/1777/2348 1630/1737/2348
f 1598/1776/2349 1588/1795/2349 1652/1738/2349
f 1607/1770/2350 1629/1765/2350 1651/1764/2350
f 1606/1827/2351 1641/1739/2351 1616/1763/2351
f 1606/1827/2352 1597/1771/2352 1640/1733/2352
f 1597/1771/2353 1612/1766/2353 1649/1726/2353
f 1615/1778/2354 1627/1752/2354 1621/1773/2354
f 1594/1779/2355 1614/1780/2355 1635/1746/2355
f 1613/1774/2356 1593/1775/2356 1625/1757/2356
f 1620/1759/2357 1579/1841/2357 1623/1754/2357
f 1486/1915/2358 1633/1748/2358 1579/1841/2358
f 1609/1793/2359 1599/1769/2359 1617/1755/2359
f 1605/1782/2360 1628/1751/2360 1639/1740/2360
f 1605/1782/2361 1586/1783/2361 1628/1751/2361
f 1603/1784/2362 1560/1785/2362 1622/1756/2362
f 1611/1787/2363 1624/1747/2363 1593/1775/2363
f 1601/1802/2364 1579/1841/2364 1620/1759/2364
f 1621/1773/2365 1595/1790/2365 1584/1799/2365 1615/1778/2365
f 1592/1805/2366 1600/1821/2366 1610/1768/2366
f 1555/1794/2367 1617/1755/2367 1600/1821/2367
f 1589/1832/2368 1598/1776/2368 1590/1777/2368
f 1576/1797/2369 1606/1827/2369 1616/1763/2369
f 1575/1826/2370 1597/1771/2370 1606/1827/2370
f 1594/1779/2371 1548/1861/2371 1547/1830/2371 1614/1780/2371
f 1582/1816/2372 1594/1779/2372 1615/1778/2372
f 1581/1801/2373 1613/1774/2373 1614/1780/2373
f 1580/1803/2374 1620/1759/2374 1602/1786/2374
f 1571/1840/2375 1486/1915/2375 1579/1841/2375
f 1564/1804/2376 1612/1766/2376 1574/1789/2376
f 1485/1916/2377 1486/1915/2377 1571/1840/2377
f 1570/1807/2378 1609/1793/2378 1555/1794/2378
f 1591/1808/2379 1608/1762/2379 1599/1769/2379
f 1542/1809/2380 1607/1770/2380 1552/1796/2380
f 1540/1812/2381 1605/1782/2381 1596/1781/2381
f 1585/1813/2382 1604/1772/2382 1586/1783/2382
f 1538/1817/2383 1615/1778/2383 1583/1798/2383
f 1557/1818/2384 1611/1787/2384 1593/1775/2384
f 1577/1820/2385 1610/1768/2385 1569/1791/2385
f 1568/1822/2386 1600/1821/2386 1592/1805/2386
f 1554/1845/2387 1599/1769/2387 1570/1807/2387
f 1554/1845/2388 1591/1808/2388 1599/1769/2388
f 1553/1848/2389 1590/1777/2389 1591/1808/2389
f 1567/1823/2390 1598/1776/2390 1589/1832/2390
f 1566/1824/2391 1629/1765/2391 1542/1809/2391
f 1551/1917/2392 1587/1788/2392 1565/1810/2392
f 1550/1825/2393 1606/1827/2393 1576/1797/2393
f 1541/1828/2394 1597/1771/2394 1575/1826/2394
f 1562/1829/2395 1603/1784/2395 1585/1813/2395
f 1559/1868/2396 1595/1790/2396 1549/1815/2396
f 1548/1861/2397 1594/1779/2397 1582/1816/2397
f 1569/1791/2398 1578/1792/2398 1513/1873/2398 1519/1851/2398
f 1573/1831/2399 1593/1775/2399 1558/1800/2399
f 1546/1839/2400 1580/1803/2400 1572/1819/2400
f 1556/1838/2401 1601/1802/2401 1580/1803/2401
f 1553/1848/2402 1534/1833/2402 1590/1777/2402
f 1567/1823/2403 1543/1835/2403 1588/1795/2403
f 1551/1917/2404 1528/1853/2404 1587/1788/2404
f 1528/1853/2405 1576/1797/2405 1587/1788/2405
f 1559/1868/2406 1532/1837/2406 1595/1790/2406
f 1547/1830/2407 1522/1870/2407 1581/1801/2407
f 1601/1802/2408 1520/1842/2408 1579/1841/2408
f 1529/1834/2409 1589/1832/2409 1534/1833/2409
f 1527/1854/2410 1550/1825/2410 1576/1797/2410
f 1563/1811/2411 1539/1836/2411 1586/1783/2411
f 1556/1838/2412 1536/1843/2412 1601/1802/2412
f 1535/1847/2413 1591/1808/2413 1554/1845/2413
f 1541/1828/2414 1533/1856/2414 1564/1804/2414
f 1532/1837/2415 1523/1859/2415 1584/1799/2415
f 1584/1799/2416 1523/1859/2416 1583/1798/2416
f 1538/1817/2417 1494/1860/2417 1582/1816/2417
f 1522/1870/2418 1521/1849/2418 1581/1801/2418
f 1531/1850/2419 1602/1786/2419 1557/1818/2419
f 1520/1842/2420 1485/1916/2420 1571/1840/2420
f 1545/1874/2421 1513/1873/2421 1578/1792/2421
f 1568/1822/2422 1592/1805/2422 1511/1876/2422 1518/1852/2422
f 1544/1806/2423 1511/1876/2423 1592/1805/2423
f 1546/1839/2424 1572/1819/2424 1495/1885/2424 1514/1871/2424
f 1555/1794/2425 1530/1844/2425 1570/1807/2425
f 1526/1855/2426 1575/1826/2426 1550/1825/2426
f 1540/1812/2427 1525/1880/2427 1563/1811/2427
f 1525/1880/2428 1539/1836/2428 1563/1811/2428
f 1539/1836/2429 1524/1857/2429 1585/1813/2429
f 1500/1858/2430 1560/1785/2430 1561/1814/2430
f 1531/1850/2431 1495/1885/2431 1572/1819/2431
f 1559/1868/2432 1549/1815/2432 1499/1899/2432 1492/1867/2432
f 1546/1839/2433 1537/1862/2433 1556/1838/2433
f 1530/1844/2434 1535/1847/2434 1554/1845/2434
f 1517/1846/2435 1534/1833/2435 1553/1848/2435
f 1529/1834/2436 1516/1863/2436 1567/1823/2436
f 1508/1864/2437 1552/1796/2437 1543/1835/2437
f 1542/1809/2438 1507/1865/2438 1566/1824/2438
f 1744/1895/2439 1528/1853/2439 1551/1917/2439
f 1527/1854/2440 1526/1855/2440 1550/1825/2440
f 1526/1855/2441 1504/1878/2441 1541/1828/2441
f 1524/1857/2442 1501/1866/2442 1562/1829/2442
f 1500/1858/2443 1499/1899/2443 1549/1815/2443
f 1557/1818/2444 1573/1831/2444 1497/1894/2444 1531/1850/2444
f 1494/1860/2445 1515/1869/2445 1548/1861/2445
f 1521/1849/2446 1497/1894/2446 1573/1831/2446
f 1551/1917/2447 1565/1810/2447 1507/1865/2447 1744/1895/2447
f 1519/1851/2448 1512/1875/2448 1544/1806/2448
f 1516/1863/2449 1508/1864/2449 1543/1835/2449
f 1508/1864/2450 1741/1877/2450 1542/1809/2450
f 1527/1854/2451 1528/1853/2451 1744/1895/2451 1506/1887/2451
f 1533/1856/2452 1503/1879/2452 1540/1812/2452
f 1525/1880/2453 1502/1897/2453 1539/1836/2453
f 1502/1897/2454 1491/1881/2454 1539/1836/2454
f 1501/1866/2455 1500/1858/2455 1561/1814/2455
f 1523/1859/2456 1494/1860/2456 1538/1817/2456
f 1488/1621/2457 1665/1623/2457 1633/1748/2457 1486/1915/2457
f 1517/1846/2458 1490/1883/2458 1534/1833/2458
f 1504/1878/2459 1505/1918/2459 1533/1856/2459
f 1505/1918/2460 1503/1879/2460 1533/1856/2460
f 1536/1843/2461 1496/1891/2461 1520/1842/2461
f 1520/1842/2462 1489/1892/2462 1485/1916/2462
f 1513/1873/2463 1742/1893/2463 1519/1851/2463
f 1518/1852/2464 1510/1886/2464 1530/1844/2464
f 1490/1883/2465 1516/1863/2465 1529/1834/2465
f 1503/1879/2466 1502/1897/2466 1525/1880/2466
f 1491/1881/2467 1501/1866/2467 1524/1857/2467
f 1492/1867/2468 1493/1888/2468 1523/1859/2468
f 1515/1869/2469 1498/1889/2469 1522/1870/2469
f 1498/1889/2470 1497/1894/2470 1521/1849/2470
f 1514/1871/2471 1739/1890/2471 1537/1862/2471
f 1509/1882/2472 1490/1883/2472 1517/1846/2472
f 1506/1887/2473 1505/1918/2473 1504/1878/2473
f 1494/1860/2474 1498/1889/2474 1515/1869/2474
f 1495/1885/2475 1739/1890/2475 1514/1871/2475
f 1508/1864/2476 1730/1919/2476 1741/1877/2476
f 1505/1918/2477 1502/1897/2477 1503/1879/2477
o Eyelet_05
v 1.000378 0.005000 -0.065177
v 1.008118 -0.005000 -0.062829
v 1.007333 0.005000 -0.063159
v 1.013160 -0.005000 -0.057333
v 1.012829 0.005000 -0.058118
v 1.015177 -0.005000 -0.050378
v 1.015177 0.005000 -0.049622
v 1.012829 -0.005000 -0.041882
v 1.013160 0.005000 -0.042667
v 1.007333 -0.005000 -0.036841
v 1.008118 0.005000 -0.037171
v 1.000378 -0.005000 -0.034823
v 0.999622 0.005000 -0.034823
v 0.991882 -0.005000 -0.037171
v 0.992667 0.005000 -0.036841
v 0.986841 -0.005000 -0.042667
v 0.987171 0.005000 -0.041882
v 0.984823 -0.005000 -0.049622
v 0.984823 0.005000 -0.050378
v 0.987171 -0.005000 -0.058118
v 0.986841 0.005000 -0.057333
v 0.992667 -0.005000 -0.063159
v 0.991882 0.005000 -0.062829
v 0.999622 -0.005000 -0.065177
v 0.950000 -0.002500 -0.100000
v 1.050000 0.002500 -0.100000
v 0.950000 -0.002500 0.000000
v 1.050000 -0.002500 0.000000
v 0.950000 0.002500 0.000000
v 0.950000 0.002500 -0.100000
v 1.050000 -0.002500 -0.100000
v 1.050000 0.002500 0.000000
v 1.032500 0.002500 -0.032500
v 1.011485 0.002500 -0.050000
v 1.018125 0.002500 -0.082500
v 1.000000 0.002500 -0.061485
v 1.000000 0.002500 -0.050000
v 1.000000 0.002500 -0.038515
v 0.992630 0.002500 -0.059033
v 0.988515 0.002500 -0.050000
v 1.002500 0.002500 -0.017500
v 0.967500 0.002500 -0.047500
v 0.965625 -0.002500 -0.062812
v 0.988515 -0.002500 -0.050000
v 1.000000 -0.002500 -0.061485
v 1.000000 -0.002500 -0.050000
v 1.000000 -0.002500 -0.038515
v 1.009707 -0.002500 -0.056371
v 1.011485 -0.002500 -0.050000
v 1.011875 -0.002500 -0.082500
v 1.032500 -0.002500 -0.052500
v 1.016250 -0.002500 -0.017500
v 1.009807 0.002500 -0.056079
v 1.011295 0.002500 -0.052358
v 1.011025 0.002500 -0.046359
v 0.988975 0.002500 -0.053641
v 0.988880 0.002500 -0.046659
v 0.991711 0.002500 -0.041926
v 0.997642 0.002500 -0.061295
v 0.996359 0.002500 -0.038975
v 1.002123 0.002500 -0.061316
v 1.006371 0.002500 -0.059707
v 1.003341 0.002500 -0.038880
v 1.008074 0.002500 -0.041711
v 0.988705 -0.002500 -0.052358
v 0.988684 -0.002500 -0.047877
v 0.989832 -0.002500 -0.044546
v 1.011316 -0.002500 -0.052123
v 1.011295 -0.002500 -0.047642
v 1.009307 -0.002500 -0.043057
v 1.006079 -0.002500 -0.059808
v 1.002358 -0.002500 -0.061295
v 1.004138 -0.002500 -0.039101
v 0.995862 -0.002500 -0.060899
v 0.990693 -0.002500 -0.056943
v 0.997642 -0.002500 -0.038705
v 0.993057 -0.002500 -0.040693
v 1.000922 -0.005000 -0.061412
v 1.001322 0.005000 -0.061373
v 1.006170 -0.005000 -0.059750
v 1.005573 0.005000 -0.060001
v 1.010547 -0.005000 -0.054679
v 1.008976 0.005000 -0.057107
v 1.011013 0.005000 -0.053131
v 1.011412 -0.005000 -0.049078
v 1.011373 0.005000 -0.048678
v 1.009750 -0.005000 -0.043830
v 1.010001 0.005000 -0.044427
v 1.004679 -0.005000 -0.039453
v 1.007107 0.005000 -0.041024
v 1.003131 0.005000 -0.038987
v 0.999078 -0.005000 -0.038588
v 0.998678 0.005000 -0.038627
v 0.993830 -0.005000 -0.040250
v 0.994427 0.005000 -0.039999
v 0.989453 -0.005000 -0.045321
v 0.991024 0.005000 -0.042893
v 0.988987 0.005000 -0.046869
v 0.988588 -0.005000 -0.050922
v 0.988627 0.005000 -0.051322
v 0.990250 -0.005000 -0.056170
v 0.989999 0.005000 -0.055573
v 0.995321 -0.005000 -0.060547
v 0.992893 0.005000 -0.058976
v 0.996869 0.005000 -0.061013
v 0.952078 -0.001807 -0.002078
v 0.952078 -0.001807 -0.097922
v 0.952078 0.001807 -0.097922
v 1.047922 0.001807 -0.002078
v 1.047922 -0.001807 -0.097922
v 1.047922 0.001807 -0.097922
v 1.040326 -0.001651 -0.097455
v 0.960000 -0.001651 -0.097454
v 0.959674 0.001651 -0.097455
v 1.040000 0.001651 -0.097454
v 0.959314 -0.001651 -0.002544
v 1.047890 -0.001789 -0.002193
v 1.040686 0.001651 -0.002544
v 0.952110 0.001789 -0.002193
v 0.952546 -0.001651 -0.090000
v 0.952543 -0.001651 -0.009432
v 0.952544 0.001651 -0.009314
v 0.952546 0.001651 -0.090000
v 1.047456 -0.001651 -0.009314
v 1.047454 -0.001651 -0.090000
v 1.047454 0.001651 -0.090000
v 1.047457 0.001651 -0.009432
v 1.040000 0.001300 -0.090000
v 1.011485 0.001300 -0.050000
v 1.000000 0.001300 -0.061485
v 1.000000 0.001300 -0.050000
v 1.000000 0.001300 -0.038515
v 0.992100 0.001300 -0.058410
v 0.988515 0.001300 -0.050000
v 0.993488 0.001300 -0.040435
v 1.039265 0.001300 -0.010037
v 0.960000 0.001300 -0.090000
v 0.960058 0.001300 -0.010438
v 0.960000 -0.001300 -0.090000
v 0.960729 -0.001299 -0.010083
v 0.988515 -0.001300 -0.050000
v 1.000000 -0.001300 -0.061485
v 1.000000 -0.001300 -0.050000
v 1.000000 -0.001300 -0.038515
v 1.009876 -0.001300 -0.056105
v 1.011485 -0.001300 -0.050000
v 1.006105 -0.001300 -0.040124
v 1.002500 -0.001300 -0.025000
v 1.039566 -0.001300 -0.010066
v 1.040000 -0.001300 -0.090000
v 1.009654 0.001300 -0.056320
v 1.011233 0.001300 -0.052637
v 1.011215 0.001300 -0.047152
v 0.989700 0.001300 -0.055201
v 0.988641 0.001300 -0.051875
v 0.988767 0.001300 -0.047363
v 0.990346 0.001300 -0.043680
v 0.996359 0.001300 -0.061025
v 0.997642 0.001300 -0.038705
v 1.002358 0.001300 -0.061295
v 1.006512 0.001300 -0.059565
v 1.003641 0.001300 -0.038975
v 1.008666 0.001300 -0.042272
v 0.990346 -0.001300 -0.056320
v 0.988767 -0.001300 -0.052637
v 0.988880 -0.001300 -0.046659
v 1.011359 -0.001300 -0.051875
v 1.011233 -0.001300 -0.047363
v 1.009654 -0.001300 -0.043680
v 1.006320 -0.001300 -0.059654
v 1.002637 -0.001300 -0.061233
v 1.001875 -0.001300 -0.038641
v 0.998125 -0.001300 -0.061359
v 0.993895 -0.001300 -0.059876
v 0.997363 -0.001300 -0.038767
v 0.992384 -0.001300 -0.041174
vn 0.7366 -0.0287 -0.6757
vn 0.6757 -0.0287 0.7366
vn -0.7366 -0.0287 0.6757
vn -0.6757 -0.0287 -0.7366
vn -0.0000 1.0000 -0.0000
vn -0.0000 -0.0000 1.0000
vn -0.0000 -0.0000 -1.0000
vn -0.0000 -1.0000 -0.0000
vn 1.0000 -0.0000 -0.0000
vn -1.0000 -0.0000 -0.0000
vn -0.7564 0.0397 0.6529
vn -0.6529 0.0397 -0.7564
vn 0.7564 0.0397 -0.6529
vn 0.6529 0.0397 0.7564
vn -0.0635 -0.0311 -0.9975
vn 0.0429 0.9989 0.0167
vn -0.0443 -0.9989 0.0166
vn -0.0000 0.9989 0.0466
vn 0.0038 -0.0937 -0.9956
vn -0.0000 0.0002 1.0000
vn -0.0000 0.9989 -0.0471
vn -0.0471 0.9989 -0.0000
vn -0.0000 -0.9989 -0.0471
vn 0.0471 -0.9989 -0.0000
vn -0.0468 -0.9989 -0.0000
vn 0.0445 0.9990 0.0002
vn -0.8328 -0.1636 -0.5289
vn 0.8068 -0.2232 0.5470
vn 0.8371 -0.2203 -0.5008
vn 0.4004 -0.2288 0.8873
vn 0.5195 -0.2471 -0.8180
vn -0.3536 -0.0531 0.9339
vn 0.9311 0.1737 -0.3208
vn 0.7555 0.1709 -0.6325
vn -0.5790 0.3045 -0.7564
vn 0.5790 0.3045 0.7564
vn 0.9622 0.0155 -0.2719
vn 0.6757 0.0287 -0.7366
vn 0.9622 -0.0155 0.2719
vn 0.2719 0.0155 0.9622
vn 0.7366 0.0287 0.6757
vn -0.2719 -0.0155 0.9622
vn -0.9622 0.0155 0.2719
vn -0.6757 0.0287 0.7366
vn -0.9622 -0.0155 -0.2719
vn -0.2719 0.0155 -0.9622
vn -0.7366 0.0287 -0.6757
vn 0.2719 -0.0155 -0.9622
vn -0.3042 0.0071 0.9526
vn -0.9926 0.0094 0.1209
vn -0.6477 -0.0195 0.7616
vn -0.8897 -0.0291 0.4557
vn -0.9526 0.0071 -0.3042
vn -0.1209 0.0094 -0.9926
vn -0.7616 -0.0195 -0.6477
vn -0.4557 -0.0291 -0.8897
vn 0.3042 0.0071 -0.9526
vn 0.9926 0.0094 -0.1209
vn 0.6477 -0.0195 -0.7616
vn 0.8897 -0.0291 -0.4557
vn 0.9526 0.0071 0.3042
vn 0.1209 0.0094 0.9926
vn 0.7616 -0.0195 0.6477
vn 0.4557 -0.0291 0.8897
vn 0.9983 -0.0000 -0.0589
vn 0.0601 0.0027 0.9982
vn -0.9981 0.0048 0.0619
vn 0.0307 -0.9991 0.0303
vn -0.0008 -0.9986 0.0530
vn -0.0307 0.9991 0.0302
vn -0.0601 -0.0027 0.9982
vn 0.0013 0.9982 0.0606
vn 0.0635 0.0311 -0.9975
vn -0.0038 0.0937 -0.9956
vn -0.0000 -0.0002 1.0000
vn -0.0000 0.9989 -0.0470
vn -0.0320 0.9990 -0.0320
vn -0.0429 0.9991 0.0004
vn -0.0000 -0.9989 -0.0470
vn 0.0320 -0.9990 -0.0320
vn -0.0327 -0.9990 -0.0312
vn 0.0428 -0.9991 0.0004
vn 0.0327 0.9990 -0.0312
vn -0.0471 -0.9989 -0.0000
vn -0.9983 -0.0000 -0.0589
vn 0.0471 0.9989 -0.0000
vn -1.0000 0.0002 -0.0000
vn 0.9981 -0.0048 0.0619
vn 1.0000 -0.0002 -0.0000
vn -0.9960 0.0154 0.0882
vn 0.9926 -0.0606 0.1054
vn 0.9960 -0.0154 0.0882
vn 0.7045 0.1957 -0.6821
vn -0.9972 0.0106 0.0737
vn -0.0882 -0.0154 0.9960
vn -0.6988 -0.1598 -0.6972
vn -0.1172 0.0794 -0.9899
vn 0.1076 0.0540 0.9927
vn 0.1076 -0.0540 -0.9927
vn -0.7222 -0.0247 0.6912
vn -0.9239 -0.0000 0.3827
vn -0.9929 -0.0417 -0.1117
vn 0.9946 -0.0168 -0.1027
vn -0.8744 0.1636 -0.4568
vn 0.8001 -0.0428 0.5983
vn 0.9375 0.1785 0.2987
vn -0.0800 0.0007 0.9968
vn 0.9096 0.1431 -0.3900
vn 0.5120 0.2068 0.8337
vn 0.3767 0.1996 -0.9046
vn -0.1173 0.0245 -0.9928
vn -0.3837 0.0641 0.9212
vn -0.5316 0.0336 -0.8463
vn 0.9169 0.0523 0.3956
vn 0.6988 -0.1598 0.6972
vn 0.9947 -0.0317 -0.0974
vn -0.9394 0.0100 0.3426
vn 0.8117 -0.2691 -0.5184
vn -0.9960 -0.0154 -0.0882
vn -0.9169 0.0523 -0.3956
vn -0.6971 -0.0061 0.7170
vn -0.3827 -0.0000 0.9239
vn 0.1172 0.0794 0.9899
vn -0.3201 -0.2533 -0.9129
vn 0.0882 -0.0154 -0.9960
vn 0.3201 -0.2533 0.9129
vn 0.4172 -0.0395 -0.9079
vt 0.839652 1.000000
vt 0.830933 0.500000
vt 0.910348 0.500000
vt 0.589652 1.000000
vt 0.580933 0.500000
vt 0.660348 0.500000
vt 0.339652 1.000000
vt 0.330933 0.500000
vt 0.410348 0.500000
vt 0.089652 1.000000
vt 0.080933 0.500000
vt 0.160348 0.500000
vt 0.743750 0.706250
vt 0.625000 0.750000
vt 0.668750 0.668750
vt 0.875000 0.750000
vt 0.375000 1.000000
vt 0.375000 0.750000
vt 0.625000 0.250000
vt 0.375000 0.500000
vt 0.375000 0.250000
vt 0.279687 0.543750
vt 0.331250 0.618750
vt 0.275000 0.606513
vt 0.274633 0.645019
vt 0.275000 0.631549
vt 0.290625 0.706250
vt 0.125000 0.500000
vt 0.164062 0.592969
vt 0.225367 0.604981
vt 0.225000 0.618451
vt 0.125000 0.750000
vt 0.875000 0.500000
vt 0.704687 0.543750
vt 0.625000 0.500000
vt 0.625000 -0.000000
vt 0.375000 -0.000000
vt 0.816403 0.500000
vt 0.856567 1.000000
vt 0.910153 0.500000
vt 0.566403 0.500000
vt 0.606567 1.000000
vt 0.660153 0.500000
vt 0.316403 0.500000
vt 0.356567 1.000000
vt 0.410153 0.500000
vt 0.066403 0.500000
vt 0.106567 1.000000
vt 0.160153 0.500000
vt 0.625000 0.999869
vt 0.375000 0.976716
vt 0.374869 0.750000
vt 0.375000 0.726715
vt 0.348909 0.725073
vt 0.874869 0.750000
vt 0.875000 0.726715
vt 0.850037 0.723913
vt 0.148285 0.750000
vt 0.151853 0.723575
vt 0.625000 0.773285
vt 0.375000 0.750131
vt 0.375000 0.475814
vt 0.625000 0.274186
vt 0.375000 0.275000
vt 0.275000 0.607379
vt 0.275000 0.619792
vt 0.256250 0.687500
vt 0.267621 0.650000
vt 0.242660 0.650000
vt 0.228705 0.648641
vt 0.150000 0.525000
vt 0.350814 0.500000
vt 0.150000 0.500000
vt 0.125000 0.726420
vt 0.125000 0.525000
vt 0.850000 0.525000
vt 0.775000 0.625000
vt 0.775000 0.632340
vt 0.775000 0.643451
vt 0.769031 0.650000
vt 0.651853 0.723579
vt 0.756553 0.650000
vt 0.650000 0.525000
vt 0.730969 0.600000
vt 0.743447 0.600000
vt 0.726260 0.646904
vt 0.850814 0.500000
vt 0.650000 0.500000
vt 0.625000 0.726420
vt 0.625000 0.525000
vt 0.350000 0.525000
vt 0.753903 0.500000
vt 0.794067 1.000000
vt 0.746097 1.000000
vt 0.737183 0.500000
vt 0.503903 0.500000
vt 0.544067 1.000000
vt 0.496097 1.000000
vt 0.487183 0.500000
vt 0.253903 0.500000
vt 0.294067 1.000000
vt 0.246097 1.000000
vt 0.237183 0.500000
vt 0.011857 0.500000
vt 0.044067 1.000000
vt 0.012817 1.000000
vt 0.000000 0.500000
vt 0.725000 0.635157
vt 0.726834 0.648581
vt 0.775000 0.614843
vt 0.775000 0.610117
vt 0.770748 0.601023
vt 0.773582 0.648166
vt 0.775000 0.634303
vt 0.760141 0.600000
vt 0.756549 0.600000
vt 0.760157 0.650000
vt 0.744094 0.600000
vt 0.731510 0.600000
vt 0.225000 0.630906
vt 0.225000 0.634289
vt 0.225000 0.640673
vt 0.229981 0.649633
vt 0.261564 0.650000
vt 0.238436 0.600000
vt 0.232379 0.600000
vt 0.919067 1.000000
vt 0.669067 1.000000
vt 0.419067 1.000000
vt 0.169067 1.000000
vt 0.625000 1.000000
vt 0.275000 0.625000
vt 0.275000 0.619094
vt 0.267660 0.600000
vt 0.256549 0.600000
vt 0.250000 0.600000
vt 0.250000 0.650000
vt 0.987183 0.500000
vt 0.988143 1.000000
vt 0.243451 0.650000
vt 0.225000 0.625000
vt 0.831250 0.631250
vt 0.750000 0.600000
vt 0.750000 0.650000
vt 0.740697 0.650000
vt 0.725000 0.607340
vt 0.725000 0.618451
vt 0.725000 0.625000
vt 0.981567 1.000000
vt 0.987183 0.500000
vt 0.731567 1.000000
vt 0.481567 1.000000
vt 0.231567 1.000000
vt 0.000000 1.000000
vt 0.625000 0.225000
vt 0.375000 0.225000
vt 0.375000 0.250000
vt 0.625000 0.475000
vt 0.625000 0.750000
vt 0.648285 0.750000
vt 0.275000 0.632340
vt 0.275000 0.643451
vt 0.257340 0.600000
vt 0.268451 0.600000
vt 0.255208 0.650000
vt 0.244792 0.600000
vt 0.225000 0.617660
vt 0.225000 0.606549
vt 0.775000 0.619792
vt 0.773145 0.600861
vt 0.739831 0.650000
vt 0.725000 0.617660
vt 0.725000 0.606549
vt 0.725000 0.632910
vt 0.875000 0.525000
vt 0.375000 0.525000
vt 0.625000 0.000000
vt 0.375000 0.000000
vt 0.375000 0.023580
vt 0.625000 0.023285
s 0
usemtl Brass
f 1749/1920/2478 1748/1921/2478 1746/1922/2478
f 1755/1923/2479 1754/1924/2479 1752/1925/2479
f 1761/1926/2480 1760/1927/2480 1758/1928/2480
f 1767/1929/2481 1766/1930/2481 1764/1931/2481
f 1826/1957/2488 1827/1958/2488 1824/1959/2488
f 1833/1960/2489 1834/1961/2489 1831/1962/2489
f 1840/1963/2490 1841/1964/2490 1838/1965/2490
f 1847/1966/2491 1848/1967/2491 1845/1968/2491
f 1750/2011/2485 1826/1957/2485 1748/1921/2485
f 1749/1920/2482 1828/2012/2482 1751/2013/2482
f 1750/2011/2485 1829/2014/2485 1826/1957/2485
f 1756/2015/2485 1833/1960/2485 1754/1924/2485
f 1755/1923/2482 1835/2016/2482 1757/2017/2482
f 1756/2015/2485 1836/2018/2485 1833/1960/2485
f 1762/2019/2485 1840/1963/2485 1760/1927/2485
f 1761/1926/2482 1842/2020/2482 1763/2021/2482
f 1762/2019/2485 1843/2022/2485 1840/1963/2485
f 1768/2023/2485 1847/1966/2485 1766/1930/2485
f 1767/1929/2482 1849/2024/2482 1745/2025/2482
f 1768/2023/2485 1822/2026/2485 1847/1966/2485
f 1750/2011/2514 1748/1921/2514 1749/1920/2514 1751/2013/2514
f 1747/2046/2515 1749/1920/2515 1746/1922/2515
f 1752/1925/2516 1750/2011/2516 1751/2013/2516 1753/2047/2516
f 1756/2015/2517 1754/1924/2517 1755/1923/2517 1757/2017/2517
f 1753/2047/2518 1755/1923/2518 1752/1925/2518
f 1758/1928/2519 1756/2015/2519 1757/2017/2519 1759/2048/2519
f 1762/2019/2520 1760/1927/2520 1761/1926/2520 1763/2021/2520
f 1759/2048/2521 1761/1926/2521 1758/1928/2521
f 1764/1931/2522 1762/2019/2522 1763/2021/2522 1765/2049/2522
f 1768/2023/2523 1766/1930/2523 1767/1929/2523 1745/2025/2523
f 1765/2049/2524 1767/1929/2524 1764/1931/2524
f 1746/1922/2525 1768/2057/2525 1745/2058/2525 1747/2046/2525
f 1823/2068/2526 1822/2069/2526 1824/1959/2526 1825/2046/2526
f 1828/2012/2527 1826/1957/2527 1829/2014/2527 1830/2070/2527
f 1824/1959/2528 1827/1958/2528 1825/2046/2528
f 1826/1957/2529 1828/2012/2529 1827/1958/2529
f 1830/2070/2530 1829/2014/2530 1831/1962/2530 1832/2047/2530
f 1835/2016/2531 1833/1960/2531 1836/2018/2531 1837/2071/2531
f 1831/1962/2532 1834/1961/2532 1832/2047/2532
f 1833/1960/2533 1835/2016/2533 1834/1961/2533
f 1837/2071/2534 1836/2018/2534 1838/1965/2534 1839/2048/2534
f 1842/2020/2535 1840/1963/2535 1843/2022/2535 1844/2072/2535
f 1838/1965/2536 1841/1964/2536 1839/2048/2536
f 1840/1963/2537 1842/2020/2537 1841/1964/2537
f 1844/2072/2538 1843/2022/2538 1845/1968/2538 1846/2049/2538
f 1849/2024/2539 1847/1966/2539 1822/2026/2539 1823/2073/2539
f 1845/1968/2540 1848/1967/2540 1846/2049/2540
f 1847/1966/2541 1849/2024/2541 1848/1967/2541
f 1822/2069/2485 1768/2057/2485 1746/1922/2485 1824/1959/2485
f 1825/2046/2482 1747/2046/2482 1745/2058/2482 1823/2068/2482
f 1827/1958/2482 1749/1920/2482 1747/2046/2482 1825/2046/2482
f 1824/1959/2485 1746/1922/2485 1748/1921/2485 1826/1957/2485
f 1829/2014/2485 1750/2011/2485 1752/1925/2485 1831/1962/2485
f 1749/1920/2482 1827/1958/2482 1828/2012/2482
f 1751/2013/2482 1828/2012/2482 1830/2070/2482
f 1832/2047/2482 1753/2047/2482 1751/2013/2482 1830/2070/2482
f 1834/1961/2482 1755/1923/2482 1753/2047/2482 1832/2047/2482
f 1831/1962/2485 1752/1925/2485 1754/1924/2485 1833/1960/2485
f 1836/2018/2485 1756/2015/2485 1758/1928/2485 1838/1965/2485
f 1755/1923/2482 1834/1961/2482 1835/2016/2482
f 1757/2017/2482 1835/2016/2482 1837/2071/2482
f 1839/2048/2482 1759/2048/2482 1757/2017/2482 1837/2071/2482
f 1841/1964/2482 1761/1926/2482 1759/2048/2482 1839/2048/2482
f 1838/1965/2485 1758/1928/2485 1760/1927/2485 1840/1963/2485
f 1843/2022/2485 1762/2019/2485 1764/1931/2485 1845/1968/2485
f 1761/1926/2482 1841/1964/2482 1842/2020/2482
f 1763/2021/2482 1842/2020/2482 1844/2072/2482
f 1846/2049/2482 1765/2049/2482 1763/2021/2482 1844/2072/2482
f 1848/1967/2482 1767/1929/2482 1765/2049/2482 1846/2049/2482
f 1845/1968/2485 1764/1931/2485 1766/1930/2485 1847/1966/2485
f 1767/1929/2482 1848/1967/2482 1849/2024/2482
f 1745/2025/2482 1849/2024/2482 1823/2073/2482
usemtl ThickCloth
f 1785/1932/2482 1776/1933/2482 1777/1934/2482
f 1773/1935/2482 1776/1933/2482 1785/1932/2482
f 1776/1933/2483 1771/1936/2483 1772/1937/2483
f 1774/1938/2484 1775/1939/2484 1769/1940/2484
f 1794/1941/2485 1795/1942/2485 1792/1943/2485
f 1795/1942/2485 1814/1944/2485 1813/1945/2485
f 1795/1942/2485 1796/1946/2485 1814/1944/2485
f 1775/1939/2485 1794/1941/2485 1769/1947/2485
f 1787/1948/2485 1819/1949/2485 1809/1950/2485
f 1787/1948/2485 1771/1951/2485 1769/1947/2485
f 1774/1952/2482 1779/1953/2482 1770/1954/2482
f 1777/1934/2482 1776/1933/2482 1770/1954/2482
f 1775/1939/2485 1795/1942/2485 1794/1941/2485
f 1772/1937/2485 1796/1946/2485 1795/1942/2485
f 1770/1954/2486 1772/1937/2486 1775/1939/2486
f 1773/1955/2487 1769/1940/2487 1771/1956/2487
f 1850/1936/2492 1863/1969/2492 1860/1970/2492
f 1861/1971/2493 1868/1972/2493 1893/1973/2493
f 1863/1974/2494 1866/1975/2494 1882/1976/2494
f 1860/1977/2495 1893/1973/2495 1884/1978/2495
f 1860/1970/2496 1862/1979/2496 1861/1980/2496
f 1856/1981/2497 1858/1982/2497 1857/1983/2497
f 1889/1984/2482 1911/1985/2482 1893/1973/2482
f 1892/1986/2482 1893/1973/2482 1891/1987/2482
f 1892/1986/2482 1919/1988/2482 1920/1989/2482
f 1883/1990/2498 1856/1991/2498 1857/1992/2498
f 1865/1993/2499 1883/1990/2499 1864/1994/2499
f 1882/1976/2485 1881/1995/2485 1878/1996/2485 1900/1997/2485 1901/1998/2485 1879/1999/2485
f 1880/2000/2485 1882/1976/2485 1879/1999/2485
f 1880/2000/2485 1879/1999/2485 1903/2001/2485
f 1872/2002/2485 1905/2003/2485 1904/2004/2485
f 1872/2002/2485 1880/2000/2485 1907/2005/2485
f 1872/2002/2500 1858/2006/2500 1859/2007/2500
f 1871/2008/2501 1872/2002/2501 1870/2009/2501
f 1882/1976/2502 1866/1975/2502 1881/1995/2502
f 1893/1973/2503 1868/1972/2503 1894/2010/2503
f 1799/2027/2504 1907/2005/2504 1808/2028/2504
f 1800/2029/2505 1898/2030/2505 1783/2031/2505
f 1802/2032/2506 1901/1998/2506 1801/2033/2506
f 1783/2031/2507 1902/2034/2507 1803/2035/2507
f 1804/2036/2508 1879/1999/2508 1802/2032/2508
f 1805/2037/2509 1904/2004/2509 1806/2038/2509
f 1810/2039/2510 1910/2040/2510 1811/2041/2510
f 1811/2041/2511 1920/1989/2511 1821/2042/2511
f 1817/2043/2512 1891/1987/2512 1814/1944/2512
f 1818/2044/2513 1918/2045/2513 1819/1949/2513
f 1796/1946/2485 1772/1937/2485 1771/1951/2485
f 1776/1933/2483 1773/2050/2483 1771/1936/2483
f 1774/1938/2484 1770/1954/2484 1775/1939/2484
f 1795/1942/2485 1793/2051/2485 1812/2052/2485
f 1795/1942/2485 1812/2052/2485 1792/1943/2485
f 1813/1945/2485 1793/2051/2485 1795/1942/2485
f 1815/2053/2485 1816/2054/2485 1789/2055/2485 1794/1941/2485 1792/1943/2485
f 1796/1946/2485 1791/2056/2485 1817/2043/2485
f 1814/1944/2485 1796/1946/2485 1817/2043/2485
f 1819/1949/2485 1794/1941/2485 1818/2044/2485
f 1794/1941/2485 1789/2055/2485 1818/2044/2485
f 1791/2056/2485 1796/1946/2485 1820/2059/2485
f 1796/1946/2485 1821/2042/2485 1820/2059/2485
f 1769/1947/2485 1794/1941/2485 1787/1948/2485
f 1794/1941/2485 1819/1949/2485 1787/1948/2485
f 1809/1950/2485 1788/2060/2485 1787/1948/2485
f 1810/2039/2485 1811/2041/2485 1821/2042/2485 1787/1948/2485 1788/2060/2485
f 1796/1946/2485 1771/1951/2485 1787/1948/2485 1821/2042/2485
f 1786/2061/2482 1783/2031/2482 1779/1953/2482 1774/1952/2482
f 1785/1932/2482 1802/2032/2482 1786/2061/2482 1773/1935/2482
f 1786/2061/2482 1784/1996/2482 1800/2029/2482
f 1800/2029/2482 1783/2031/2482 1786/2061/2482
f 1801/2033/2482 1784/1996/2482 1786/2061/2482
f 1786/2061/2482 1802/2032/2482 1801/2033/2482
f 1780/2062/2482 1779/1953/2482 1803/2035/2482
f 1779/1953/2482 1783/2031/2482 1803/2035/2482
f 1785/1932/2482 1782/2063/2482 1804/2036/2482
f 1802/2032/2482 1785/1932/2482 1804/2036/2482
f 1779/1953/2482 1780/2062/2482 1805/2037/2482
f 1805/2037/2482 1806/2038/2482 1779/1953/2482
f 1782/2063/2482 1785/1932/2482 1807/2064/2482
f 1785/1932/2482 1808/2028/2482 1807/2064/2482
f 1779/1953/2482 1806/2038/2482 1777/1934/2482
f 1797/2065/2482 1798/2066/2482 1778/2067/2482 1777/1934/2482 1806/2038/2482
f 1777/1934/2482 1778/2067/2482 1799/2027/2482
f 1799/2027/2482 1808/2028/2482 1777/1934/2482
f 1777/1934/2482 1808/2028/2482 1785/1932/2482
f 1779/1953/2482 1777/1934/2482 1770/1954/2482
f 1774/1952/2482 1773/1935/2482 1786/2061/2482
f 1775/1939/2485 1772/1937/2485 1795/1942/2485
f 1770/1954/2486 1776/1933/2486 1772/1937/2486
f 1773/1955/2487 1774/1938/2487 1769/1940/2487
f 1867/2074/2542 1864/2075/2542 1851/2076/2542 1852/1938/2542
f 1859/2077/2543 1856/1981/2543 1854/1939/2543 1855/1954/2543
f 1871/2008/2544 1868/1972/2544 1861/1971/2544 1853/2078/2544
f 1862/2079/2545 1880/2000/2545 1871/2008/2545 1853/2078/2545
f 1882/1976/2546 1880/2000/2546 1862/2079/2546 1863/1974/2546
f 1860/1977/2547 1884/1978/2547 1865/1993/2547 1850/1951/2547
f 1852/1938/2548 1851/2076/2548 1857/1983/2548 1858/1982/2548
f 1860/1977/2549 1861/1971/2549 1893/1973/2549
f 1861/1980/2550 1862/1979/2550 1853/2078/2550
f 1860/1970/2551 1863/1969/2551 1862/1979/2551
f 1856/1981/2552 1859/2077/2552 1858/1982/2552
f 1894/2010/2482 1889/1984/2482 1893/1973/2482
f 1890/2051/2482 1893/1973/2482 1911/1985/2482
f 1893/1973/2482 1890/2051/2482 1912/2080/2482 1913/2081/2482 1891/1987/2482
f 1915/2082/2482 1914/2083/2482 1889/1984/2482 1894/2010/2482 1883/1990/2482 1886/2055/2482
f 1916/2084/2482 1888/2056/2482 1892/1986/2482
f 1891/1987/2482 1916/2084/2482 1892/1986/2482
f 1917/2085/2482 1886/2055/2482 1883/1990/2482
f 1918/2045/2482 1917/2085/2482 1883/1990/2482
f 1892/1986/2482 1888/2056/2482 1919/1988/2482
f 1884/1978/2482 1893/1973/2482 1892/1986/2482
f 1883/1990/2553 1894/2010/2553 1856/1991/2553
f 1909/2086/2482 1908/2087/2482 1918/2045/2482 1883/1990/2482 1885/2060/2482
f 1892/1986/2482 1920/1989/2482 1883/1990/2482 1884/1978/2482
f 1885/2060/2482 1883/1990/2482 1910/2040/2482
f 1883/1990/2482 1920/1989/2482 1910/2040/2482
f 1857/1992/2554 1851/1947/2554 1864/1994/2554 1883/1990/2554
f 1865/1993/2555 1884/1978/2555 1883/1990/2555
f 1898/2030/2485 1899/2088/2485 1878/1996/2485 1881/1995/2485 1877/2089/2485
f 1872/2002/2485 1874/2062/2485 1902/2034/2485 1877/2089/2485 1881/1995/2485
f 1903/2001/2485 1876/2063/2485 1880/2000/2485
f 1904/2004/2485 1874/2062/2485 1872/2002/2485
f 1880/2000/2485 1876/2063/2485 1906/2090/2485
f 1906/2090/2485 1907/2005/2485 1880/2000/2485
f 1872/2002/2556 1881/1995/2556 1858/2006/2556
f 1896/2091/2485 1895/2092/2485 1905/2003/2485 1872/2002/2485 1873/2067/2485
f 1859/2007/2557 1855/1954/2557 1870/2009/2557 1872/2002/2557
f 1873/2067/2485 1872/2002/2485 1897/2093/2485
f 1872/2002/2485 1907/2005/2485 1897/2093/2485
f 1867/2094/2558 1852/1952/2558 1858/2006/2558 1881/1995/2558
f 1871/2008/2559 1880/2000/2559 1872/2002/2559
f 1869/2095/2560 1854/1939/2560 1856/1991/2560 1894/2010/2560
f 1881/1995/2561 1866/1975/2561 1867/2094/2561
f 1855/1954/2562 1854/1939/2562 1869/2095/2562 1870/2009/2562
f 1894/2010/2563 1868/1972/2563 1869/2095/2563
f 1870/2009/2564 1869/2095/2564 1868/1972/2564 1871/2008/2564
f 1863/2096/2565 1850/2097/2565 1865/2098/2565 1866/2099/2565
f 1866/2099/2566 1865/2098/2566 1864/2075/2566 1867/2074/2566
f 1873/2067/2567 1778/2067/2567 1798/2066/2567 1896/2091/2567
f 1899/2088/2568 1800/2029/2568 1784/1996/2568 1878/1996/2568
f 1885/2060/2569 1788/2060/2569 1809/1950/2569 1909/2086/2569
f 1802/2032/2570 1879/1999/2570 1901/1998/2570
f 1911/1985/2571 1812/2052/2571 1793/2051/2571 1890/2051/2571
f 1886/2055/2572 1789/2055/2572 1816/2054/2572 1915/2082/2572
f 1814/1944/2573 1891/1987/2573 1913/2081/2573
f 1916/2084/2574 1817/2043/2574 1791/2056/2574 1888/2056/2574
f 1874/2062/2575 1780/2062/2575 1803/2035/2575 1902/2034/2575
f 1903/2001/2576 1804/2036/2576 1782/2063/2576 1876/2063/2576
f 1895/2092/2577 1797/2065/2577 1806/2038/2577 1905/2003/2577
f 1896/2091/2578 1798/2066/2578 1797/2065/2578 1895/2092/2578
f 1897/2093/2579 1799/2027/2579 1778/2067/2579 1873/2067/2579
f 1878/1996/2580 1784/1996/2580 1801/2033/2580 1900/1997/2580
f 1799/2027/2581 1897/2093/2581 1907/2005/2581
f 1783/2031/2582 1898/2030/2582 1877/2089/2582
f 1800/2029/2583 1899/2088/2583 1898/2030/2583
f 1904/2004/2584 1805/2037/2584 1780/2062/2584 1874/2062/2584
f 1801/2033/2585 1901/1998/2585 1900/1997/2585
f 1783/2031/2586 1877/2089/2586 1902/2034/2586
f 1804/2036/2587 1903/2001/2587 1879/1999/2587
f 1876/2063/2588 1782/2063/2588 1807/2064/2588 1906/2090/2588
f 1806/2038/2589 1904/2004/2589 1905/2003/2589
f 1906/2090/2590 1807/2064/2590 1808/2028/2590 1907/2005/2590
f 1909/2086/2591 1809/1950/2591 1819/1949/2591 1908/2087/2591
f 1819/1949/2592 1918/2045/2592 1908/2087/2592
f 1910/2040/2593 1810/2039/2593 1788/2060/2593 1885/2060/2593
f 1889/1984/2594 1792/1943/2594 1812/2052/2594 1911/1985/2594
f 1811/2041/2595 1910/2040/2595 1920/1989/2595
f 1890/2051/2596 1793/2051/2596 1813/1945/2596 1912/2080/2596
f 1912/2080/2597 1813/1945/2597 1814/1944/2597 1913/2081/2597
f 1914/2083/2598 1815/2053/2598 1792/1943/2598 1889/1984/2598
f 1915/2082/2599 1816/2054/2599 1815/2053/2599 1914/2083/2599
f 1917/2085/2600 1818/2044/2600 1789/2055/2600 1886/2055/2600
f 1817/2043/2601 1916/2084/2601 1891/1987/2601
f 1888/2056/2602 1791/2056/2602 1820/2059/2602 1919/1988/2602
f 1818/2044/2603 1917/2085/2603 1918/2045/2603
f 1919/1988/2604 1820/2059/2604 1821/2042/2604 1920/1989/2604
l 1780 1781
l 1781 1782
l 1789 1790
l 1790 1791
l 1793 1790
l 1790 1788
l 1784 1781
l 1781 1778
l 1874 1875
l 1875 1876
l 1886 1887
l 1887 1888
l 1890 1887
l 1887 1885
l 1878 1875
l 1875 1873
o Rope05
v 0.995908 -0.061972 -0.040608
v 1.004059 -0.058967 -0.033313
v 0.990627 -0.148949 0.403399
v 0.994225 -0.055446 -0.025013
v 0.988076 -0.059118 -0.033790
v 0.988132 -0.082704 -0.021901
v 0.988569 0.141342 0.429592
v 0.989111 -0.031861 0.505793
v 0.988327 -0.087273 0.479865
v 0.988876 -0.137937 0.436533
v 0.989033 -0.188682 0.122163
v 0.988412 -0.097142 -0.013384
v 0.988494 -0.203313 0.236086
v 0.988268 -0.182908 0.348071
v 0.988488 0.000033 0.508252
v 0.989338 0.039341 0.504676
v 0.988395 0.083864 0.483405
v 0.988330 0.166848 0.387333
v 0.988873 0.192907 0.319178
v 0.989538 0.203600 0.200319
v 0.988065 0.200879 0.246071
v 0.988198 0.184559 0.116398
v 0.989352 0.088523 -0.022364
v 0.988519 0.013266 -0.047897
v 0.988429 -0.137888 0.026854
v 0.988226 -0.174507 0.089418
v 0.988495 -0.204079 0.226132
v 0.988360 -0.200907 0.265822
v 0.989601 -0.177016 0.371295
v 0.990211 -0.173986 0.080233
v 0.989935 -0.170649 0.386512
v 0.988369 -0.033940 -0.044237
v 0.990580 -0.118174 -0.000603
v 0.990511 -0.202977 0.182483
v 0.990371 -0.193807 0.325258
v 0.992243 -0.095963 -0.020301
v 0.991362 -0.201138 0.295393
v 0.992507 -0.190783 0.340924
v 0.991293 -0.087094 0.485709
v 0.990999 0.118725 0.460335
v 0.990962 0.178635 0.370041
v 0.990287 0.193413 0.133779
v 0.992287 0.180116 0.090292
v 0.992559 0.155457 0.042912
v 0.992352 -0.055182 -0.042143
v 0.991212 -0.186495 0.108657
v 0.990491 -0.202339 0.176352
v 0.993198 -0.054824 0.502497
v 0.992143 0.204029 0.279535
v 0.993205 -0.082414 -0.029449
v 0.990677 -0.154811 0.043450
v 0.991364 -0.127219 0.007749
v 0.991004 -0.146544 0.032345
v 0.995908 -0.127128 0.454207
v 0.993771 0.157287 0.414876
v 0.995908 0.192226 0.338866
v 0.995252 0.207014 0.200788
v 0.995908 0.055169 -0.043023
v 0.994206 -0.000009 -0.052666
v 0.995908 -0.206121 0.269681
v 0.997604 -0.160527 0.410498
v 0.996235 -0.175100 0.076990
v 0.995908 -0.179886 0.372074
v 0.995908 -0.164867 0.402365
v 0.996697 0.001004 0.512840
v 0.995908 0.191615 0.119780
v 0.995301 0.126419 0.005056
v 0.998824 0.027817 -0.050386
v 0.995908 -0.106883 -0.012837
v 0.995908 -0.165381 0.058410
v 0.998336 -0.200797 0.156019
v 0.996673 -0.147845 0.031211
v 0.996644 -0.206362 0.194398
v 0.999043 -0.205436 0.269758
v 0.995908 -0.027473 0.510335
v 1.000953 0.021627 0.510324
v 0.996420 0.058525 0.501904
v 0.995908 0.082664 0.489578
v 0.997316 0.180219 0.370826
v 0.998432 0.204548 0.281249
v 0.995908 0.102862 -0.016350
v 0.995908 0.080754 -0.030684
v 0.995908 -0.029419 -0.049964
v 0.996673 -0.205990 0.193659
v 0.999071 -0.191075 0.340261
v 0.997626 -0.189235 0.112498
v 0.999589 -0.080642 -0.030067
v 0.997437 -0.192094 0.122238
v 0.995908 -0.207803 0.232266
v 1.001011 0.206217 0.230491
v 0.999248 0.200194 0.155697
v 0.999933 0.169975 0.068677
v 0.995908 -0.200238 0.306176
v 0.999018 -0.179106 0.372897
v 1.003408 -0.100590 -0.012331
v 1.001115 -0.172290 0.075852
v 1.000278 -0.195779 0.320913
v 0.999460 -0.147717 0.428012
v 0.999462 -0.106025 0.472587
v 0.999461 -0.081449 0.489704
v 0.997387 0.120407 0.461103
v 1.001844 0.157638 0.410494
v 1.001467 0.136298 0.019285
v 1.002981 0.000611 -0.049248
v 1.000446 -0.056714 -0.040583
v 1.002323 -0.092713 -0.019852
v 0.998384 -0.135596 0.015683
v 0.999043 -0.207463 0.231906
v 1.003245 -0.203363 0.233516
v 1.003286 -0.158045 0.405153
v 1.001652 -0.038206 0.505789
v 1.002485 0.197285 0.302976
v 1.003407 0.200669 0.186354
v 1.003447 -0.033940 -0.044237
v 1.003577 -0.161420 0.061559
v 1.003212 -0.202347 0.200366
v 1.001241 -0.134980 0.016696
v 1.001760 -0.197100 0.147549
v 1.002547 0.067886 0.494235
v 1.003577 0.113979 0.459899
v 1.002842 0.183526 0.352027
v 1.003422 0.186449 0.118888
v 1.003588 0.053726 -0.037325
v 1.003570 -0.133195 0.020411
v 1.002746 -0.184645 0.111147
v 1.003332 -0.197046 0.299313
v 1.002868 -0.201083 0.185038
v 1.003765 0.200229 0.252881
v 1.003611 -0.196517 0.290522
v 1.003111 -0.177038 0.368060
v 1.003361 -0.103916 0.469879
v 1.003856 0.147703 0.044503
v 1.003670 -0.192574 0.153366
v 1.003645 -0.177721 0.359621
v 1.003804 -0.153620 0.406398
v 1.003895 -0.163325 0.071949
v 1.003677 -0.026514 0.504212
v 1.003427 0.038620 0.498675
v 1.002783 -0.126274 0.022122
v 1.003077 -0.186040 0.139874
v 1.003004 -0.197119 0.243229
v 1.002763 -0.130921 0.432519
v 1.002781 -0.085929 0.474759
v 1.003238 0.151227 0.405624
v 1.003263 0.088822 -0.021069
v 1.002779 -0.064588 -0.026927
v 1.002951 -0.194977 0.183667
v 1.002922 -0.187187 0.315082
v 1.002658 -0.087422 -0.013300
v 1.002435 -0.185706 0.317640
v 1.002705 -0.163312 0.380777
v 1.000492 -0.049734 0.489040
v 1.001904 -0.015570 0.499657
v 1.001814 0.106546 0.456409
v 1.003006 0.183808 0.326610
v 1.001874 0.191375 0.177049
v 1.002682 0.176720 0.111373
v 1.001473 0.064818 -0.024528
v 0.999821 0.025829 -0.035275
v 1.001582 -0.136288 0.037871
v 1.001924 -0.161300 0.077608
v 1.000040 -0.165297 0.367700
v 1.001114 0.058475 0.487174
v 1.000625 0.166381 0.367332
v 1.001622 0.194021 0.253214
v 0.999941 0.136613 0.040871
v 1.002088 0.111692 0.008186
v 1.002320 -0.012215 -0.040161
v 0.998856 -0.147302 0.402373
v 0.999545 -0.157639 0.074498
v 1.001431 -0.189393 0.167698
v 0.999245 -0.193026 0.242531
v 0.997515 0.027211 0.494431
v 0.997507 0.133893 0.420922
v 0.996962 0.184877 0.300658
v 0.999290 0.161987 0.083895
v 0.999546 -0.050432 -0.028751
v 0.997507 -0.190012 0.192707
v 1.001637 -0.194710 0.245287
v 0.998936 -0.177666 0.333331
v 0.995908 -0.074134 -0.015951
v 0.997620 -0.123315 0.024798
v 0.998174 -0.152332 0.393278
v 0.995908 -0.135648 0.418229
v 0.995727 -0.116635 0.441534
v 0.995908 -0.096910 0.459994
v 0.995908 -0.073633 0.476337
v 0.996763 0.192198 0.219706
v 0.997452 -0.185105 0.157871
v 0.995908 -0.184841 0.301092
v 0.995120 -0.096487 -0.000691
v 0.995409 -0.181704 0.141123
v 0.996673 -0.185287 0.301246
v 0.996407 -0.172650 0.347750
v 0.995908 -0.026245 0.494423
v 0.996674 -0.001251 0.497059
v 0.995120 0.115310 0.443167
v 0.995908 0.176389 0.335592
v 0.995908 -0.000561 -0.036872
v 0.996051 -0.024960 -0.034684
v 0.995908 -0.074279 -0.016226
v 1.000279 -0.104311 0.003932
v 0.997039 -0.168319 0.100913
v 0.995120 -0.190274 0.265193
v 0.995123 -0.190183 0.193898
v 0.995343 0.083640 0.470851
v 0.994690 0.183216 0.148192
v 0.993565 0.117087 0.018281
v 0.996585 0.087295 -0.008299
v 0.994697 0.052230 -0.026944
v 0.995143 -0.192137 0.228566
v 0.992881 -0.151670 0.065128
v 0.992759 -0.192904 0.242831
v 0.993643 0.190521 0.267982
v 0.992839 0.162274 0.085027
v 0.991044 0.134034 0.036525
v 0.992886 -0.050252 -0.028393
v 0.995014 -0.140775 0.048060
v 0.990307 -0.175605 0.345282
v 0.991518 -0.152998 0.393912
v 0.996554 0.155807 0.386319
v 0.990327 -0.170896 0.101300
v 0.990280 -0.124840 0.023529
v 0.992046 -0.170722 0.104253
v 0.989762 -0.187794 0.302053
v 0.989696 -0.000972 0.499728
v 0.991378 0.058967 0.486197
v 0.990166 0.158924 0.386186
v 0.990330 0.025619 -0.037119
v 0.989762 -0.187734 0.157707
v 0.991515 -0.174942 0.345633
v 0.989814 -0.037943 0.494822
v 0.988758 0.143321 0.415785
v 0.989879 0.179313 0.336167
v 0.990885 0.194172 0.221125
v 0.990594 0.089770 -0.009107
v 0.992425 -0.103727 0.003952
v 0.989895 -0.194553 0.206286
v 0.989038 -0.087324 -0.013648
v 0.989518 -0.190305 0.166689
v 0.989037 -0.131086 0.432366
v 0.989036 -0.085929 0.474759
v 0.989038 0.107411 0.457561
v 0.989657 0.191169 0.288304
v 0.989301 0.186699 0.147104
v 0.988617 0.051825 -0.032331
v 0.989541 -0.012475 -0.040064
v 0.989028 -0.194533 0.266134
v 0.988789 -0.161018 0.072485
v 0.988812 -0.197119 0.243229
v 0.988700 0.037361 0.497471
v 0.988790 0.166068 0.082993
v 0.989037 -0.064588 -0.026927
v 0.989411 -0.136872 0.035302
v 0.988157 -0.141677 0.033992
v 0.988132 -0.193648 0.153860
v 0.988455 0.065389 -0.033874
v 0.988111 -0.185906 0.329283
v 0.987869 -0.155249 0.407412
v 0.988206 0.136443 0.024070
vn -0.4217 0.3646 0.8302
vn -0.9878 0.0668 0.1408
vn -0.7325 0.6651 0.1453
vn -0.9638 0.1150 0.2407
vn -0.8334 -0.5484 0.0682
vn -0.9994 -0.0284 -0.0178
vn -0.9901 -0.0337 -0.1363
vn -0.9885 0.1034 -0.1101
vn -0.9997 0.0092 -0.0234
vn -0.9998 0.0211 -0.0039
vn -0.9670 0.2481 -0.0577
vn -0.9261 0.3708 -0.0694
vn -0.9984 0.0561 -0.0042
vn -0.9957 -0.0829 -0.0413
vn -0.9746 0.1931 0.1130
vn -0.9770 0.2108 0.0323
vn -0.9745 0.1938 0.1135
vn -0.9689 -0.1584 0.1901
vn -0.9424 -0.2950 0.1577
vn 0.2860 -0.9315 -0.2249
vn -0.1138 -0.9645 -0.2384
vn -0.9735 -0.2137 -0.0815
vn -0.9674 -0.2021 -0.1525
vn -0.8485 -0.1583 -0.5050
vn -0.5559 0.5973 0.5781
vn -0.9593 0.1190 0.2561
vn 0.1342 -0.7120 0.6893
vn -0.9568 -0.2891 -0.0304
vn -0.9676 0.2373 -0.0863
vn -0.6264 0.7252 0.2857
vn -0.8637 0.3400 0.3720
vn -0.4890 0.2177 0.8447
vn -0.7233 -0.6556 0.2167
vn -0.7264 0.6852 0.0543
vn -0.8000 0.5460 0.2488
vn -0.6364 0.6295 0.4458
vn -0.5739 0.8189 -0.0086
vn -0.7181 0.5116 0.4718
vn -0.3471 -0.0651 0.9356
vn -0.5936 -0.3974 0.6998
vn -0.5539 -0.8271 0.0954
vn -0.3974 -0.8911 -0.2189
vn -0.6749 -0.4883 -0.5532
vn -0.1256 -0.5093 -0.8514
vn -0.6433 0.4399 -0.6266
vn -0.6227 0.6039 -0.4976
vn -0.4479 0.7641 -0.4643
vn -0.4860 0.8737 0.0197
vn -0.3228 0.9372 0.1324
vn -0.6921 0.2549 0.6753
vn -0.5505 0.0714 0.8318
vn -0.3806 -0.6892 -0.6166
vn -0.3907 -0.0642 -0.9183
vn -0.1137 0.9493 0.2931
vn -0.2276 0.8867 -0.4025
vn -0.3167 0.9098 0.2684
vn -0.1732 -0.3268 0.9291
vn -0.3568 -0.6418 0.6788
vn -0.3296 -0.9426 -0.0540
vn -0.3744 -0.7880 -0.4887
vn -0.3513 0.1088 -0.9299
vn -0.3494 0.9318 -0.0981
vn -0.2586 0.6526 0.7122
vn -0.0015 0.9761 -0.2171
vn 0.0438 0.5612 0.8265
vn -0.1129 -0.7357 0.6678
vn 0.0332 0.4641 -0.8851
vn -0.1288 0.9074 -0.4000
vn -0.3391 0.9074 -0.2485
vn 0.0585 0.2341 0.9705
vn 0.0015 -0.8614 0.5080
vn 0.0128 -0.9492 0.3143
vn 0.0980 -0.9789 -0.1791
vn 0.0853 -0.2346 -0.9683
vn 0.0215 0.9982 0.0565
vn 0.1808 0.8827 0.4337
vn -0.0655 0.8199 0.5688
vn 0.2035 0.9765 0.0713
vn 0.5205 -0.4226 0.7420
vn 0.5792 -0.8107 0.0850
vn 0.6236 0.7028 0.3424
vn 0.2382 0.8229 0.5159
vn 0.4767 0.6489 0.5930
vn 0.6988 0.2462 0.6716
vn 0.5625 0.0771 0.8232
vn 0.2172 -0.9521 0.2151
vn 0.4514 -0.8296 -0.3287
vn 0.5363 -0.5533 -0.6373
vn 0.5855 0.0673 -0.8079
vn 0.3140 0.2699 -0.9102
vn 0.3416 0.8853 -0.3155
vn 0.3678 0.9239 -0.1057
vn 0.5053 0.8011 0.3207
vn 0.5976 0.4376 0.6719
vn 0.4929 0.8641 -0.1022
vn 0.3794 0.8882 0.2590
vn 0.3010 -0.1020 0.9481
vn 0.7188 -0.5783 -0.3860
vn 0.6433 0.4399 -0.6266
vn 0.4276 0.6186 -0.6591
vn 0.6121 0.6150 -0.4970
vn 0.6097 0.5351 0.5848
vn 0.6841 0.7293 0.0114
vn 0.4067 0.8477 0.3406
vn 0.4792 0.2190 0.8499
vn 0.4849 -0.6633 -0.5700
vn 0.6225 -0.0317 -0.7820
vn 0.7308 0.6805 0.0544
vn 0.8149 0.4736 0.3340
vn 0.8321 0.5034 -0.2328
vn 0.6903 0.4163 0.5918
vn 0.8712 -0.3691 0.3236
vn 0.8309 -0.4148 0.3709
vn 0.9423 -0.3287 -0.0635
vn 0.9407 0.3283 -0.0851
vn 0.6702 0.7421 0.0111
vn 0.9534 0.2859 0.0960
vn 0.8752 -0.2845 0.3913
vn 0.9851 -0.1717 0.0092
vn 0.9709 -0.1389 -0.1949
vn 0.4366 -0.4123 -0.7996
vn 0.9621 0.0439 -0.2692
vn 0.7591 0.2799 -0.5878
vn 0.9895 0.1441 -0.0145
vn 0.7210 0.6817 0.1248
vn 0.9941 0.1017 -0.0378
vn 0.9998 -0.0117 0.0178
vn 0.9978 0.0454 -0.0488
vn 0.9856 0.1291 -0.1091
vn 0.9978 0.0553 -0.0357
vn 0.9985 0.0499 -0.0220
vn 0.9686 0.2425 -0.0547
vn 0.9952 0.0927 0.0309
vn 0.9987 0.0509 0.0070
vn 0.9853 0.1438 0.0926
vn 0.9952 0.0432 0.0879
vn 0.9701 0.0242 0.2414
vn 0.9878 -0.1489 -0.0450
vn 0.9891 -0.1426 -0.0358
vn 0.9668 0.1858 -0.1756
vn 0.9116 0.4111 -0.0022
vn 0.7510 -0.0412 0.6590
vn 0.7866 -0.5793 0.2137
vn 0.8364 -0.5233 0.1633
vn 0.8136 -0.5679 -0.1245
vn 0.8462 0.1075 -0.5219
vn 0.8399 0.4602 -0.2877
vn 0.6603 -0.4292 0.6163
vn 0.7719 -0.6279 0.0999
vn 0.8214 -0.5669 0.0628
vn 0.8935 -0.3807 -0.2382
vn 0.7912 0.6090 0.0560
vn 0.6283 -0.7739 0.0796
vn 0.5771 -0.7432 -0.3384
vn 0.6997 -0.4929 -0.5172
vn 0.6006 0.3406 -0.7233
vn 0.6198 0.5217 -0.5862
vn 0.4872 0.8244 0.2883
vn 0.6588 0.6837 0.3140
vn 0.6083 0.4654 0.6429
vn 0.5863 0.2480 0.7712
vn 0.6711 -0.0482 0.7398
vn 0.6381 -0.5610 0.5274
vn 0.5474 -0.8304 -0.1044
vn 0.6536 -0.7134 -0.2527
vn 0.4963 -0.8571 0.1382
vn 0.5534 -0.8281 -0.0898
vn 0.5578 -0.1118 -0.8224
vn 0.4473 0.4866 -0.7505
vn 0.5298 0.8125 -0.2433
vn 0.5220 0.8494 -0.0784
vn 0.4535 0.8673 0.2054
vn 0.3754 0.4278 0.8222
vn 0.4895 -0.8200 0.2965
vn 0.5205 -0.8536 -0.0224
vn 0.3501 -0.4537 -0.8195
vn 0.1245 -0.3039 -0.9445
vn 0.3619 0.0163 -0.9321
vn 0.2841 0.7602 0.5843
vn 0.3332 -0.3435 0.8780
vn 0.3527 -0.8055 -0.4762
vn 0.2789 -0.6077 -0.7436
vn -0.0247 0.9992 0.0316
vn 0.1442 -0.6632 -0.7344
vn -0.1506 -0.9063 -0.3949
vn -0.3584 -0.7182 -0.5965
vn -0.1132 -0.7051 -0.7000
vn 0.0640 -0.9809 0.1836
vn -0.0277 -0.9815 -0.1894
vn -0.1688 -0.9478 0.2705
vn -0.2136 -0.9664 -0.1428
vn -0.1295 0.8793 -0.4584
vn -0.2986 0.9394 -0.1685
vn -0.1351 0.9701 0.2016
vn -0.2477 0.5897 0.7687
vn -0.2196 0.1627 0.9619
vn -0.2233 -0.6185 0.7533
vn -0.2715 -0.7823 0.5607
vn -0.2622 -0.9615 0.0826
vn -0.2909 -0.7502 -0.5937
vn -0.5133 -0.8472 0.1366
vn -0.4327 -0.8790 -0.2003
vn -0.5596 -0.1079 -0.8217
vn -0.4674 0.1830 -0.8649
vn -0.3873 0.5016 -0.7736
vn -0.5541 0.3692 0.7461
vn -0.4489 -0.2048 0.8698
vn -0.2976 -0.8553 0.4241
vn -0.4565 -0.8231 0.3378
vn -0.3952 -0.7942 -0.4616
vn -0.5318 -0.7363 0.4183
vn -0.5887 -0.8060 0.0624
vn -0.4178 0.4176 -0.8069
vn -0.5135 0.8580 0.0122
vn -0.5961 0.7663 0.2395
vn -0.5318 0.6615 0.5287
vn -0.7359 -0.5214 -0.4320
vn -0.7923 -0.2780 -0.5432
vn -0.8254 -0.2215 0.5194
vn -0.8603 -0.4993 -0.1027
vn -0.6441 -0.6901 -0.3300
vn -0.7552 0.6163 -0.2232
vn -0.9363 0.3454 -0.0634
vn -0.8217 -0.3756 0.4287
vn -0.8072 -0.5708 0.1501
vn -0.8606 -0.3942 -0.3224
vn -0.8200 -0.2763 -0.5013
vn -0.9494 -0.3066 0.0687
vn -0.9684 -0.2441 -0.0509
vn -0.9374 -0.2993 -0.1782
vn -0.9361 -0.3499 -0.0370
vn -0.9234 -0.2773 -0.2656
vn -0.9750 -0.2080 0.0786
vn -0.9860 0.1034 -0.1311
vn -0.9989 -0.0420 -0.0197
vn -0.9964 0.0186 0.0831
vn -0.9964 0.0288 0.0803
vn 0.0028 0.9226 -0.3858
vn -0.8357 0.2999 0.4600
vn 0.0001 0.5261 0.8504
vn -0.9925 0.0619 -0.1055
vn -0.9940 0.1055 -0.0288
vn -0.9521 0.2954 0.0786
vn -0.9816 0.1662 0.0941
vn -0.9907 0.0871 0.1046
vn -0.9824 0.0175 0.1858
vn -0.8521 -0.4641 0.2418
vn -0.9798 -0.1351 -0.1475
vn -0.9983 -0.0152 -0.0556
vn -0.8714 0.4503 -0.1949
vn -0.9992 0.0400 0.0098
vn -0.9638 0.2641 0.0353
vn -0.9714 0.2053 0.1191
vn -0.9963 0.0651 0.0558
vn -0.9944 0.1048 -0.0144
vn -0.9928 0.1191 -0.0129
vn -0.9944 0.0348 0.1000
vn -0.9877 0.0084 0.1564
vn -0.9495 -0.1154 0.2918
vn -0.9961 -0.0019 0.0879
vn -0.9930 -0.1102 0.0434
vn -0.9801 -0.1339 -0.1464
vn -0.9897 0.0157 -0.1421
vn -0.5601 0.8201 -0.1171
vn -0.7781 -0.6230 0.0796
vn -0.4623 0.7573 -0.4613
vn -0.9674 0.2502 0.0393
vn 0.1959 -0.7048 0.6818
vn -0.7276 -0.5808 0.3651
vn -0.7311 0.6755 -0.0953
vn -0.8082 0.5530 -0.2026
vn -0.4297 0.6184 -0.6580
vn -0.6459 -0.1778 0.7424
vn -0.3951 -0.9174 -0.0482
vn -0.4822 -0.6659 -0.5692
vn -0.4409 0.3523 -0.8255
vn -0.3505 0.8280 0.4376
vn -0.2298 0.9723 0.0430
vn -0.4342 0.6268 0.6470
vn -0.6474 0.4452 0.6186
vn -0.2365 0.9704 -0.0495
vn -0.4214 -0.8414 -0.3383
vn -0.3763 0.5536 0.7429
vn -0.2950 -0.4362 0.8501
vn -0.5604 -0.7811 0.2754
vn -0.2879 -0.9491 0.1276
vn -0.5644 -0.8212 -0.0845
vn -0.4425 -0.8683 -0.2243
vn 0.4816 0.7444 -0.4625
vn -0.5457 -0.7303 -0.4109
vn -0.6067 -0.3073 -0.7331
vn -0.3008 0.1245 -0.9455
vn -0.2627 0.8774 -0.4014
vn -0.6109 0.7822 0.1223
vn -0.3231 0.9370 0.1325
vn -0.2617 0.2637 0.9284
vn -0.1899 -0.0312 0.9813
vn -0.3588 -0.0753 -0.9304
vn -0.3558 0.9007 -0.2495
vn 0.1708 0.8769 -0.4493
vn -0.2012 0.9237 -0.3260
vn 0.0586 0.7661 0.6400
vn 0.0494 -0.8639 0.5012
vn -0.3414 0.1462 -0.9285
vn -0.1350 0.8180 -0.5592
vn -0.2595 0.8041 0.5349
vn -0.3317 0.9043 0.2689
vn 0.0600 0.4569 0.8875
vn 0.3913 -0.9202 -0.0067
vn 0.5238 -0.7870 -0.3260
vn 0.0577 -0.5339 -0.8436
vn 0.0127 0.9914 -0.1301
vn -0.3647 0.8827 0.2962
vn 0.4653 0.8840 -0.0447
vn 0.4549 -0.5667 0.6869
vn 0.2248 -0.7677 0.6001
vn 0.4801 0.8657 0.1417
vn 0.1983 0.9685 -0.1509
vn 0.3764 0.5535 0.7429
vn 0.2888 0.2546 0.9229
vn 0.1604 -0.2686 0.9498
vn 0.6995 -0.6622 0.2687
vn 0.5996 -0.7816 -0.1718
vn 0.2154 -0.7607 -0.6123
vn 0.0298 -0.5391 -0.8417
vn 0.2191 -0.0961 -0.9710
vn 0.4066 0.6223 -0.6689
vn 0.6954 0.6458 -0.3152
vn 0.6266 0.7529 -0.2010
vn 0.0867 0.9949 0.0508
vn 0.5042 0.8534 0.1327
vn 0.3203 0.6680 0.6717
vn 0.6748 0.7044 -0.2201
vn 0.7495 0.6557 0.0912
vn 0.0855 -0.5710 0.8165
vn 0.1314 -0.9907 0.0349
vn 0.4635 -0.8127 -0.3532
vn 0.4427 0.3532 -0.8242
vn 0.9681 0.2035 0.1462
vn 0.6067 0.6649 0.4357
vn 0.5168 0.8001 -0.3046
vn 0.9298 0.3645 0.0510
vn 0.8861 -0.3932 0.2453
vn 0.5520 -0.7613 0.3401
vn 0.4126 -0.9011 -0.1332
vn 0.8116 -0.2191 -0.5415
vn 0.7412 0.6644 -0.0962
vn 0.8191 0.5410 0.1908
vn 0.2289 -0.8997 -0.3717
vn 0.8958 0.3939 -0.2060
vn 0.9960 0.0854 -0.0275
vn 0.9801 0.1717 0.0996
vn 0.8191 -0.5068 0.2686
vn 0.9947 0.0333 0.0974
vn 0.9892 0.0472 0.1386
vn 0.8433 -0.1757 0.5079
vn 0.9755 -0.0588 0.2121
vn 0.9941 -0.1027 0.0351
vn 0.9769 -0.1731 -0.1249
vn 0.9018 -0.0332 -0.4308
vn 0.9980 0.0611 -0.0145
vn 0.9961 0.0615 0.0639
vn 0.9996 0.0292 -0.0028
vn 0.9936 0.1082 0.0322
vn 0.9975 -0.0321 -0.0631
vn 0.9930 0.0300 0.1146
vn 0.9986 -0.0147 0.0516
vn 0.9883 -0.1331 0.0751
vn 0.9779 -0.2047 0.0434
vn 0.9451 -0.3267 -0.0072
vn 0.9748 0.0872 -0.2055
vn 0.9972 0.0644 -0.0377
vn 0.9981 0.0596 -0.0136
vn -0.0372 0.8015 0.5968
vn 0.9838 0.0683 0.1659
vn 0.9895 -0.1364 -0.0473
vn 0.9997 0.0234 0.0067
vn 0.9850 0.1507 0.0835
vn 0.9472 0.0757 0.3117
vn 0.9990 -0.0433 -0.0098
vn 0.9743 -0.1779 -0.1381
vn 0.9276 -0.1603 0.3375
vn 0.8503 -0.5256 0.0271
vn 0.8174 -0.5656 -0.1096
vn 0.8991 -0.1823 -0.3980
vn 0.9161 0.3579 -0.1811
vn 0.8149 0.5671 -0.1194
vn 0.5332 -0.7558 0.3801
vn 0.8685 -0.3807 0.3173
vn 0.9048 -0.4115 0.1092
vn 0.9303 -0.3439 -0.1274
vn 0.8539 -0.2449 -0.4593
vn 0.8020 0.5943 0.0603
vn 0.6952 -0.2446 -0.6760
vn 0.6212 -0.7548 -0.2107
vn 0.6680 -0.6137 -0.4210
vn 0.6061 0.2664 -0.7495
vn 0.5768 0.7876 0.2167
vn 0.6770 0.5631 0.4739
vn 0.6557 -0.5557 0.5112
vn 0.6088 -0.7922 -0.0420
vn 0.5217 -0.8348 0.1760
vn 0.5361 -0.8416 -0.0656
vn 0.5398 -0.7637 -0.3540
vn 0.5490 -0.7002 -0.4563
vn 0.5638 -0.5571 -0.6098
vn 0.5131 -0.2015 -0.8344
vn 0.5740 0.3557 -0.7376
vn 0.5139 0.5841 -0.6283
vn 0.5163 0.8025 -0.2992
vn 0.5159 0.8526 -0.0832
vn 0.5897 0.4716 0.6556
vn 0.5100 -0.0894 0.8555
vn 0.5244 -0.7396 0.4219
vn -0.2688 -0.9056 0.3282
vn 0.5164 -0.8563 0.0109
vn 0.4120 -0.8493 -0.3299
vn 0.5692 -0.6960 -0.4377
vn 0.2648 -0.5214 -0.8112
vn 0.3661 -0.0641 -0.9284
vn 0.1140 0.7923 -0.5994
vn 0.2960 0.7935 -0.5318
vn 0.2021 -0.2883 0.9360
vn 0.1878 -0.9333 0.3060
vn 0.2590 -0.6325 -0.7300
vn 0.0950 -0.4181 -0.9034
vn 0.1520 0.9144 -0.3752
vn 0.2148 0.8591 0.4645
vn 0.0100 -0.7499 -0.6615
vn -0.0189 -0.8197 -0.5725
vn -0.0915 0.9952 0.0341
vn -0.1194 -0.4527 0.8837
vn -0.0064 -0.5715 0.8206
vn -0.2540 -0.7769 0.5762
vn -0.0524 -0.9735 0.2227
vn -0.0548 -0.9784 -0.1994
vn -0.0926 -0.5033 -0.8591
vn -0.2642 -0.8686 0.4193
vn -0.3323 -0.9428 -0.0282
vn -0.3095 -0.9509 0.0081
vn -0.3468 -0.8815 -0.3204
vn -0.2534 -0.9360 -0.2445
vn -0.2132 0.9546 -0.2082
vn -0.2670 0.8982 0.3492
vn -0.2680 0.8632 0.4278
vn -0.2692 0.7425 0.6134
vn -0.1643 0.2002 0.9659
vn -0.3654 -0.9049 -0.2182
vn -0.5003 -0.0696 0.8631
vn -0.2870 -0.8219 -0.4921
vn -0.5032 -0.7789 -0.3743
vn -0.4848 -0.5273 -0.6978
vn -0.5242 -0.1803 -0.8323
vn -0.4185 0.1429 -0.8969
vn -0.5320 0.3678 -0.7627
vn -0.5242 0.6570 -0.5419
vn -0.4282 0.8585 -0.2822
vn -0.4997 0.8553 -0.1366
vn -0.4989 0.5039 0.7051
vn -0.4940 0.0894 0.8649
vn -0.5043 -0.8628 -0.0355
vn -0.5223 -0.7187 0.4590
vn -0.4961 -0.8665 0.0558
vn -0.6751 0.4990 -0.5433
vn -0.6036 -0.7890 0.1147
vn -0.7104 -0.0522 -0.7019
vn -0.6390 0.1991 -0.7430
vn -0.8877 0.4076 -0.2141
vn -0.4782 0.8551 0.2005
vn -0.6444 0.6740 0.3613
vn -0.7518 0.5627 0.3439
vn -0.6129 0.3300 0.7179
vn -0.6328 -0.5226 0.5714
vn 0.6363 0.4077 0.6549
vn -0.7645 -0.3698 -0.5280
vn -0.7059 0.7081 0.0194
vn -0.8762 0.4779 0.0618
vn -0.7609 -0.4214 -0.4934
vn -0.6858 -0.3173 -0.6550
vn -0.9416 -0.3210 0.1013
vn -0.9206 -0.3792 -0.0934
vn -0.8625 -0.2072 -0.4616
vn -0.8897 0.4288 0.1569
vn -0.9409 0.2329 0.2458
vn -0.8716 -0.1976 0.4486
vn -0.7554 -0.6141 0.2286
vn -0.9434 -0.3265 0.0576
vn -0.8697 -0.4219 -0.2562
vn -0.9569 -0.1952 -0.2151
vn -0.9859 0.1659 -0.0219
vn -0.9768 -0.1881 0.1024
vn -0.9742 -0.2029 -0.0985
vn -0.9996 -0.0087 0.0280
vn -0.9974 0.0695 0.0186
vt 0.218915 1.000000
vt 0.078553 0.991293
vt 0.249142 0.994743
vt 0.027151 1.000000
vt 0.000000 0.989244
vt 0.110130 0.564614
vt 0.005791 0.581880
vt -0.004920 0.562608
vt 0.075956 0.623037
vt 0.000687 0.627951
vt 0.005678 0.618103
vt -0.000900 0.741539
vt 0.002736 0.705819
vt 0.089284 0.712650
vt 0.077492 0.797330
vt 0.000000 0.792926
vt 0.057288 0.783303
vt 0.113501 0.828049
vt 0.002577 0.830593
vt 0.068657 0.818165
vt 0.077678 0.866678
vt 0.000000 0.850961
vt 0.078791 0.850823
vt 0.000000 0.871529
vt 0.009295 0.892081
vt 0.110250 0.902956
vt 0.112961 0.891560
vt 0.000000 0.918919
vt 0.100165 0.937442
vt 0.057524 0.918041
vt 0.061004 0.962455
vt 0.000000 0.956963
vt 0.027418 0.944207
vt 0.133840 0.977859
vt 0.008443 0.970507
vt 0.108595 0.552216
vt 0.078669 0.598511
vt 0.103269 0.579492
vt 0.155381 0.681265
vt 0.003190 0.687322
vt 0.015145 0.663387
vt 0.059780 0.695634
vt 0.095378 0.748343
vt 0.001980 0.765443
vt 0.108904 0.761046
vt 0.110033 0.774941
vt 0.165461 0.811229
vt 0.000659 0.802183
vt 0.157646 0.610033
vt 0.132309 0.664728
vt 0.136613 0.731484
vt 0.155150 0.877842
vt 0.171404 0.953827
vt 0.097051 0.636507
vt 0.187407 0.626425
vt 0.175587 0.695832
vt 0.178185 0.918181
vt 0.187576 0.965102
vt 0.077617 0.537084
vt 0.233231 0.537054
vt 0.230344 0.595379
vt 0.251001 0.639850
vt 0.125162 0.646757
vt 0.059622 0.653638
vt 0.222354 0.653831
vt 0.218070 0.712815
vt 0.273466 0.752195
vt 0.266509 0.804153
vt 0.233420 0.793104
vt 0.247957 0.855245
vt 0.249086 0.847872
vt 0.247691 0.870038
vt 0.239454 0.862500
vt 0.283889 0.555500
vt 0.233912 0.546397
vt 0.249982 0.619412
vt 0.276759 0.633330
vt 0.280677 0.785577
vt 0.274396 0.820785
vt 0.255315 0.944231
vt 0.162825 0.516108
vt 0.114438 0.500044
vt 0.297361 0.500055
vt 0.281113 0.564604
vt 0.328301 0.646756
vt 0.197223 0.674491
vt 0.268493 0.664543
vt 0.202714 0.743329
vt 0.271658 0.731007
vt 0.259401 0.774957
vt 0.248471 0.834458
vt 0.266515 0.827780
vt 0.265616 0.902949
vt 0.286298 0.977889
vt 0.235385 0.987571
vt 0.248775 0.527672
vt 0.313471 0.519307
vt 0.335399 0.609607
vt 0.341246 0.682066
vt 0.344373 0.840796
vt 0.112067 0.837416
vt 0.272873 0.890738
vt 0.297520 0.877799
vt 0.327172 0.626433
vt 0.321047 0.695004
vt 0.374945 0.739647
vt 0.361533 0.811762
vt 0.322190 0.917888
vt 0.234539 0.930527
vt 0.328577 0.962338
vt 0.365242 0.542282
vt 0.382675 0.657380
vt 0.411637 0.720206
vt 0.392586 0.586069
vt 0.268150 0.579889
vt 0.372789 0.597532
vt 0.424043 0.623037
vt 0.405924 0.636669
vt 0.412109 0.703273
vt 0.434674 0.758382
vt 0.352411 0.769288
vt 0.250361 0.761030
vt 0.369599 0.797357
vt 0.391768 0.831564
vt 0.407200 0.898715
vt 0.416180 0.882079
vt 0.432704 0.944480
vt 0.406065 0.991255
vt 0.428261 0.524637
vt 0.430302 0.557904
vt 0.450727 0.780132
vt 0.421209 0.850823
vt 0.418459 0.866380
vt 0.423221 0.977857
vt 0.536736 0.565515
vt 0.459394 0.817774
vt 0.442475 0.918041
vt 0.358273 0.937188
vt 0.467981 0.962738
vt 0.512640 0.500005
vt 0.335914 0.510539
vt 0.574883 0.602043
vt 0.539042 0.685353
vt 0.382783 0.671995
vt 0.592601 0.662934
vt 0.517115 0.739365
vt 0.519410 0.513890
vt 0.599775 0.528868
vt 0.567575 0.589496
vt 0.578288 0.653486
vt 0.591012 0.722946
vt 0.568264 0.796414
vt 0.514662 0.834179
vt 0.534315 0.906895
vt 0.621102 0.920572
vt 0.586571 0.631450
vt 0.602319 0.615708
vt 0.552750 0.855020
vt 0.590301 0.875950
vt 0.600983 0.886278
vt 0.592457 0.751760
vt 0.576871 0.764338
vt 0.645740 0.780302
vt 0.593146 0.810465
vt 0.660799 0.822393
vt 0.656997 0.941717
vt 0.574429 0.932371
vt 0.623152 0.678116
vt 0.639812 0.733740
vt 0.621803 0.836748
vt 0.688963 0.518862
vt 0.687304 0.510292
vt 0.579089 0.575925
vt 0.704263 0.564545
vt 0.620731 0.640340
vt 0.693905 0.646763
vt 0.674070 0.692440
vt 0.680614 0.854875
vt 0.682483 0.847731
vt 0.686654 0.911668
vt 0.656637 0.898842
vt 0.629955 0.977446
vt 0.643899 0.960283
vt 0.706957 0.746384
vt 0.691093 0.545798
vt 0.747825 0.536815
vt 0.714766 0.575480
vt 0.703569 0.602424
vt 0.743127 0.653356
vt 0.748342 0.667213
vt 0.721047 0.769115
vt 0.751122 0.760860
vt 0.717455 0.795451
vt 0.748849 0.813944
vt 0.729858 0.827255
vt 0.680305 0.869638
vt 0.756714 0.861944
vt 0.744722 0.930509
vt 0.718091 0.948177
vt 0.750916 0.527547
vt 0.581507 0.553344
vt 0.734468 0.555135
vt 0.750335 0.633031
vt 0.750864 0.660295
vt 0.751920 0.706540
vt 0.682834 0.715373
vt 0.596159 0.705674
vt 0.761354 0.726791
vt 0.750866 0.807067
vt 0.750371 0.885656
vt 0.742655 0.921008
vt 0.652401 0.626178
vt 0.804070 0.619400
vt 0.818147 0.626307
vt 0.784828 0.639947
vt 0.791611 0.781164
vt 0.805281 0.840789
vt 0.734528 0.972791
vt 0.748200 0.959839
vt 0.676625 0.994657
vt 0.648624 0.987749
vt 0.821053 0.990630
vt 0.842351 0.980334
vt 0.853119 0.576409
vt 0.749629 0.589768
vt 0.862145 0.607999
vt 0.855077 0.594189
vt 0.752915 0.612469
vt 0.847110 0.905120
vt 0.863262 0.934459
vt 0.871713 0.522425
vt 0.857494 0.557828
vt 0.805618 0.685594
vt 0.819532 0.698097
vt 0.879476 0.709717
vt 0.832552 0.745874
vt 0.852526 0.795706
vt 0.888018 0.817998
vt 0.846672 0.849737
vt 0.890728 0.866892
vt 0.749774 0.877491
vt 0.858103 0.972756
vt 0.912874 0.631490
vt 0.927812 0.642916
vt 0.902781 0.662647
vt 0.906123 0.805722
vt 0.901247 0.835261
vt 0.751387 0.834217
vt 0.889745 0.881439
vt 0.821346 0.894032
vt 0.863958 0.959196
vt 0.913307 0.500069
vt 0.892805 0.510274
vt 0.707033 0.500274
vt 0.911245 0.537275
vt 0.869699 0.547161
vt 0.942898 0.656473
vt 0.897367 0.726319
vt 0.931043 0.755904
vt 0.859816 0.768979
vt 0.927937 0.786265
vt 0.946243 0.599920
vt 0.950601 0.618102
vt 0.947393 0.940342
vt 0.883714 0.948495
vt 0.967265 0.582000
vt 0.964026 0.705498
vt 0.964253 0.850252
vt 0.976550 0.892527
vt 0.969563 0.973018
vt 0.951259 0.989237
vt 0.962372 1.000000
vt 0.962686 0.521517
vt 0.923087 0.919889
vt 0.914900 0.679172
vt 1.000000 0.781339
vt 0.937362 0.774080
vt 1.000000 0.818195
vt 0.896416 0.827655
vt 0.278651 0.031716
vt 0.457090 0.250604
vt 0.289115 0.474928
vt 0.043179 0.290602
vt 0.768041 0.023953
vt 0.541519 0.186477
vt 0.596161 0.426728
vt 0.856003 0.444437
vt 0.965611 0.183415
vt 0.000000 0.840796
vt -0.005262 0.540393
vt -0.003960 0.518116
vt 0.000000 0.605139
vt 0.005735 0.642910
vt 0.005767 0.501855
vt 0.519105 0.999977
vt 0.750453 1.000000
vt 0.763176 0.674527
vt 0.942101 0.735941
vt 1.000000 0.653449
s 0
usemtl Hemp
f 1924/2100/2605 2159/2101/2605 2101/2102/2605
f 1925/2103/2606 1932/2104/2606 2159/2101/2606
f 2150/2105/2607 1946/2106/2607 1947/2107/2607
f 2173/2108/2608 1952/2109/2608 1926/2110/2608
f 1941/2111/2609 1942/2112/2609 2165/2113/2609
f 2163/2114/2610 1927/2115/2610 2153/2116/2610
f 2146/2117/2611 1935/2118/2611 2171/2119/2611
f 2161/2120/2612 1929/2121/2612 2162/2122/2612
f 2161/2120/2613 1930/2123/2613 1929/2121/2613
f 1934/2124/2614 1930/2123/2614 2161/2120/2614
f 2145/2125/2615 1934/2124/2615 2139/2126/2615
f 2145/2125/2616 1933/2127/2616 1934/2124/2616
f 2160/2128/2617 1933/2127/2617 2170/2129/2617
f 2169/2130/2618 1931/2131/2618 2176/2132/2618
f 2143/2133/2619 2175/2134/2619 2169/2130/2619
f 2150/2105/2620 1947/2107/2620 2158/2135/2620
f 2174/2136/2621 1946/2106/2621 2142/2137/2621
f 2136/2138/2622 2180/2139/2622 2177/2140/2622
f 2172/2141/2623 2180/2139/2623 2136/2138/2623
f 2164/2142/2624 1938/2143/2624 1941/2111/2624
f 2154/2144/2625 1938/2143/2625 2164/2142/2625
f 2148/2145/2626 1938/2143/2626 2154/2144/2626
f 2153/2116/2627 1938/2143/2627 2148/2145/2627
f 2147/2146/2628 2171/2119/2628 1937/2147/2628
f 2157/2148/2629 1926/2110/2629 2174/2136/2629
f 2157/2148/2630 2173/2108/2630 1926/2110/2630
f 2136/2138/2631 2177/2140/2631 2156/2149/2631
f 2164/2142/2632 1941/2111/2632 2155/2150/2632
f 2139/2126/2633 1934/2124/2633 2140/2151/2633
f 2169/2130/2634 2176/2132/2634 2144/2152/2634
f 2143/2133/2635 2159/2101/2635 2175/2134/2635
f 2167/2153/2636 2173/2108/2636 2137/2154/2636
f 2165/2113/2637 2172/2141/2637 2135/2155/2637
f 2160/2128/2638 2170/2129/2638 2133/2156/2638
f 2132/2157/2639 2169/2130/2639 2144/2152/2639
f 2143/2133/2640 2169/2130/2640 2132/2157/2640
f 2158/2135/2641 2168/2158/2641 2124/2159/2641
f 2157/2148/2642 2174/2136/2642 2138/2160/2642
f 2119/2161/2643 2149/2162/2643 2167/2153/2643
f 2156/2149/2644 2166/2163/2644 2130/2164/2644
f 2155/2150/2645 2165/2113/2645 2127/2165/2645
f 2154/2144/2646 2164/2142/2646 2095/2166/2646
f 2126/2167/2647 2163/2114/2647 2117/2168/2647
f 2147/2146/2648 2163/2114/2648 2126/2167/2648
f 2106/2169/2649 2162/2122/2649 2107/2170/2649
f 2104/2171/2650 2161/2120/2650 2105/2172/2650
f 2140/2151/2651 2161/2120/2651 2104/2171/2651
f 2098/2173/2652 2158/2135/2652 2131/2174/2652
f 2150/2105/2653 2158/2135/2653 2098/2173/2653
f 2121/2175/2654 2137/2154/2654 2173/2108/2654
f 2119/2161/2655 2167/2153/2655 2120/2176/2655
f 2117/2168/2656 2153/2116/2656 2094/2177/2656
f 2146/2117/2657 2171/2119/2657 2093/2178/2657
f 2144/2152/2658 2160/2128/2658 2112/2179/2658
f 2151/2180/2659 1923/2181/2659 2089/2182/2659
f 2142/2137/2660 2150/2105/2660 2109/2183/2660
f 2130/2164/2661 2149/2162/2661 2079/2184/2661
f 2128/2185/2662 2156/2149/2662 2129/2186/2662
f 2134/2187/2663 2155/2150/2663 2108/2188/2663
f 2094/2177/2664 2148/2145/2664 2141/2189/2664
f 2115/2190/2665 2146/2117/2665 2116/2191/2665
f 2133/2156/2666 2145/2125/2666 2113/2192/2666
f 2102/2193/2667 2111/2194/2667 2143/2133/2667
f 2110/2195/2668 2151/2180/2668 2100/2196/2668
f 2122/2197/2669 2121/2175/2669 2157/2148/2669
f 2086/2198/2670 2136/2138/2670 2128/2185/2670
f 2072/2199/2671 2107/2170/2671 2152/2200/2671
f 2114/2201/2672 2140/2151/2672 2103/2202/2672
f 2113/2192/2673 2139/2126/2673 2114/2201/2673
f 2097/2203/2674 2120/2176/2674 2137/2154/2674
f 2086/2198/2675 2096/2204/2675 2136/2138/2675
f 2096/2204/2676 2127/2165/2676 2135/2155/2676
f 2085/2205/2677 2095/2166/2677 2134/2187/2677
f 2093/2178/2678 2147/2146/2678 2083/2206/2678
f 2092/2207/2679 2125/2208/2679 2133/2156/2679
f 2090/2209/2680 2132/2157/2680 2144/2152/2680
f 2090/2209/2681 2102/2193/2681 2132/2157/2681
f 2099/2210/2682 2098/2173/2682 2131/2174/2682
f 2078/2211/2683 2129/2186/2683 2130/2164/2683
f 2076/2212/2684 2108/2188/2684 2127/2165/2684
f 2081/2213/2685 2138/2160/2685 2123/2214/2685
f 2080/2215/2686 2138/2160/2686 2081/2213/2686
f 2080/2215/2687 2122/2197/2687 2138/2160/2687
f 2097/2203/2688 2121/2175/2688 2066/2216/2688
f 2088/2217/2689 2119/2161/2689 2120/2176/2689
f 2076/2212/2690 2127/2165/2690 2077/2218/2690
f 2075/2219/2691 2084/2220/2691 2118/2221/2691
f 2074/2222/2692 2126/2167/2692 2117/2168/2692
f 2073/2223/2693 2115/2190/2693 2116/2191/2693
f 2073/2223/2694 2072/2199/2694 2115/2190/2694
f 2070/2224/2695 2114/2201/2695 2071/2225/2695
f 2070/2224/2696 2092/2207/2696 2113/2192/2696
f 2060/2226/2697 2090/2209/2697 2112/2179/2697
f 2101/2102/2698 2111/2194/2698 2069/2227/2698
f 2068/2228/2699 2099/2210/2699 2110/2195/2699
f 2067/2229/2700 2123/2214/2700 2109/2183/2700
f 2079/2184/2701 2119/2161/2701 2088/2217/2701
f 2064/2230/2702 2094/2177/2702 2141/2189/2702
f 2063/2231/2703 2106/2169/2703 2107/2170/2703
f 2063/2231/2704 2062/2232/2704 2106/2169/2704
f 2062/2232/2705 2104/2171/2705 2105/2172/2705
f 2069/2227/2706 2102/2193/2706 2059/2233/2706
f 2067/2229/2707 2098/2173/2707 2099/2210/2707
f 2053/2234/2708 2081/2213/2708 2123/2214/2708
f 2066/2216/2709 2088/2217/2709 2097/2203/2709
f 2064/2230/2710 2074/2222/2710 2094/2177/2710
f 2058/2235/2711 2073/2223/2711 2093/2178/2711
f 2061/2236/2712 2091/2237/2712 2092/2207/2712
f 2056/2238/2713 2059/2233/2713 2090/2209/2713
f 2055/2239/2714 2082/2240/2714 2089/2182/2714
f 2066/2216/2715 2122/2197/2715 2044/2241/2715
f 2052/2242/2716 2087/2243/2716 2065/2244/2716
f 2052/2242/2717 2086/2198/2717 2087/2243/2717
f 2048/2245/2718 2075/2219/2718 2085/2205/2718
f 2054/2246/2719 2068/2228/2719 2082/2240/2719
f 2046/2247/2720 2067/2229/2720 2099/2210/2720
f 2035/2248/2721 2081/2213/2721 2053/2234/2721
f 2087/2243/2722 2078/2211/2722 2043/2249/2722
f 2033/2250/2723 2085/2205/2723 2076/2212/2723
f 2040/2251/2724 2083/2206/2724 2074/2222/2724
f 2058/2235/2725 2083/2206/2725 2040/2251/2725
f 2057/2252/2726 2072/2199/2726 2073/2223/2726
f 2063/2231/2727 2072/2199/2727 2057/2252/2727
f 2061/2236/2728 2070/2224/2728 2049/2253/2728
f 2060/2226/2729 2091/2237/2729 2029/2254/2729
f 2046/2247/2730 2068/2228/2730 2054/2246/2730
f 2034/2255/2731 2066/2216/2731 2026/2256/2731
f 2051/2257/2732 2062/2232/2732 2063/2231/2732
f 2030/2258/2733 2062/2232/2733 2051/2257/2733
f 2030/2258/2734 2071/2225/2734 2062/2232/2734
f 2050/2259/2735 2070/2224/2735 2071/2225/2735
f 2050/2259/2736 2049/2253/2736 2070/2224/2736
f 2032/2260/2737 2075/2219/2737 2048/2245/2737
f 2041/2261/2738 2075/2219/2738 2032/2260/2738
f 2040/2251/2739 2064/2230/2739 2022/2262/2739
f 2039/2263/2740 2058/2235/2740 2040/2251/2740
f 2057/2252/2741 2058/2235/2741 1996/2264/2741
f 2038/2265/2742 2060/2226/2742 2047/2266/2742
f 2038/2265/2743 2056/2238/2743 2060/2226/2743
f 2052/2242/2744 2065/2244/2744 2023/2267/2744
f 2010/2268/2745 2048/2245/2745 2033/2250/2745
f 2031/2269/2746 2057/2252/2746 1996/2264/2746
f 2005/2270/2747 2054/2246/2747 2014/2271/2747
f 2046/2247/2748 2054/2246/2748 2005/2270/2748
f 2045/2272/2749 2053/2234/2749 1991/2273/2749
f 2043/2249/2750 2024/2274/2750 1988/2275/2750
f 2012/2276/2751 2052/2242/2751 2023/2267/2751
f 2019/2277/2752 2051/2257/2752 2020/2278/2752
f 1994/2279/2753 2049/2253/2753 2017/2280/2753
f 2029/2254/2754 2049/2253/2754 1994/2279/2754
f 2037/2281/2755 2056/2238/2755 2016/2282/2755
f 2032/2260/2756 2048/2245/2756 2000/2283/2756
f 2028/2284/2757 2046/2247/2757 1980/2285/2757
f 2035/2248/2758 2045/2272/2758 2006/2286/2758
f 2026/2256/2759 2044/2241/2759 2027/2287/2759
f 2065/2244/2760 2043/2249/2760 1978/2288/2760
f 2023/2267/2761 2065/2244/2761 2001/2289/2761
f 1999/2290/2762 2041/2261/2762 1976/2291/2762
f 2022/2262/2763 2041/2261/2763 1999/2290/2763
f 2039/2263/2764 2040/2251/2764 2021/2292/2764
f 1997/2293/2765 1996/2264/2765 2039/2263/2765
f 2031/2269/2766 1996/2264/2766 1985/2294/2766
f 2018/2295/2767 2051/2257/2767 1974/2296/2767
f 2038/2265/2768 2047/2266/2768 1993/2297/2768
f 2016/2282/2769 2038/2265/2769 2008/2298/2769
f 1980/2285/2770 2046/2247/2770 2013/2299/2770
f 1991/2273/2771 2036/2300/2771 2004/2301/2771
f 2024/2274/2772 2034/2255/2772 2003/2302/2772
f 2001/2289/2773 2065/2244/2773 2002/2303/2773
f 1986/2304/2774 2011/2305/2774 2042/2306/2774
f 2010/2268/2775 2033/2250/2775 1977/2307/2775
f 1976/2291/2776 2032/2260/2776 2000/2283/2776
f 1997/2293/2777 2039/2263/2777 1998/2308/2777
f 1983/2309/2778 2017/2280/2778 2050/2259/2778
f 1993/2297/2779 2029/2254/2779 2009/2310/2779
f 2025/2311/2780 2026/2256/2780 1970/2312/2780
f 2003/2302/2781 2025/2311/2781 1965/2313/2781
f 1979/2314/2782 1988/2275/2782 2024/2274/2782
f 2021/2292/2783 2022/2262/2783 1975/2315/2783
f 2020/2278/2784 2031/2269/2784 1968/2316/2784
f 1992/2317/2785 2016/2282/2785 1982/2318/2785
f 2007/2319/2786 2015/2320/2786 1956/2321/2786
f 2000/2283/2787 2010/2268/2787 1977/2307/2787
f 1972/2322/2788 1956/2321/2788 2037/2281/2788
f 1966/2323/2789 1990/2324/2789 2006/2286/2789
f 1953/2325/2790 2027/2287/2790 1971/2326/2790
f 1989/2327/2791 2027/2287/2791 1953/2325/2791
f 1957/2328/2792 1994/2279/2792 2017/2280/2792
f 1967/2329/2793 2008/2298/2793 2038/2265/2793
f 1955/2330/2794 2013/2299/2794 2005/2270/2794
f 1954/2331/2795 1991/2273/2795 2004/2301/2795
f 1964/2332/2796 1963/2333/2796 2012/2276/2796
f 1962/2334/2797 1977/2307/2797 2011/2305/2797
f 1969/2335/2798 1976/2291/2798 2000/2283/2798
f 1960/2336/2799 1998/2308/2799 2021/2292/2799
f 1936/2337/2800 1985/2294/2800 1996/2264/2800
f 1959/2338/2801 1974/2296/2801 2019/2277/2801
f 1930/2339/2802 1984/2340/2802 2018/2295/2802
f 1957/2328/2803 2009/2310/2803 1994/2279/2803
f 1972/2322/2804 1992/2317/2804 1973/2341/2804
f 1955/2330/2805 1980/2285/2805 2013/2299/2805
f 1954/2331/2806 1966/2323/2806 1991/2273/2806
f 1952/2342/2807 1979/2314/2807 2003/2302/2807
f 1944/2343/2808 1978/2288/2808 1988/2275/2808
f 1943/2344/2809 2001/2289/2809 2002/2303/2809
f 1937/2345/2810 1997/2293/2810 1998/2308/2810
f 1928/2346/2811 1968/2316/2811 1995/2347/2811
f 1951/2348/2812 1983/2309/2812 1984/2340/2812
f 1958/2349/2813 1983/2309/2813 1951/2348/2813
f 1950/2350/2814 1973/2341/2814 1982/2318/2814
f 2179/2351/2815 1949/2352/2815 1981/2353/2815
f 1948/2354/2816 1947/2355/2816 1980/2285/2816
f 2177/2356/2817 1943/2344/2817 1978/2288/2817
f 1940/2357/2818 1969/2335/2818 1977/2307/2818
f 1939/2358/2819 1961/2359/2819 1976/2291/2819
f 1927/2360/2820 1960/2336/2820 1975/2315/2820
f 1945/2361/2821 1953/2325/2821 1971/2326/2821
f 1926/2362/2822 1965/2313/2822 1970/2312/2822
f 1928/2346/2823 1959/2338/2823 1968/2316/2823
f 2176/2363/2824 1931/2364/2824 1967/2329/2824
f 1946/2365/2825 1971/2326/2825 1966/2323/2825
f 1942/2366/2826 1962/2334/2826 1963/2333/2826
f 1942/2366/2827 1940/2357/2827 1962/2334/2827
f 1929/2367/2828 1930/2339/2828 1959/2338/2828
f 1934/2368/2829 1957/2328/2829 1958/2349/2829
f 2175/2369/2830 1972/2322/2830 1973/2341/2830
f 1932/2370/2831 1925/2371/2831 1956/2321/2831
f 2178/2372/2832 1948/2354/2832 1955/2330/2832
f 1947/2355/2833 1946/2365/2833 1954/2331/2833
f 1946/2365/2834 1945/2361/2834 1971/2326/2834
f 1933/2373/2835 2176/2363/2835 1967/2329/2835
f 2175/2369/2836 1932/2370/2836 1972/2322/2836
f 2178/2372/2837 1949/2352/2837 2179/2351/2837
f 2177/2356/2838 2180/2374/2838 1943/2344/2838
f 2153/2375/2839 1927/2360/2839 1938/2376/2839
f 2171/2377/2840 1936/2337/2840 1937/2345/2840
f 2171/2377/2841 1935/2378/2841 1936/2337/2841
f 1922/2379/2842 1921/2380/2842 1925/2381/2842 1924/2382/2842
f 1924/2100/2843 1925/2103/2843 2159/2101/2843
f 2055/2383/2844 2089/2384/2844 1923/2385/2844 2179/2386/2844 1981/2387/2844
f 1929/2121/2845 1928/2388/2845 2152/2200/2845 2162/2122/2845
f 2168/2158/2846 1948/2389/2846 2178/2390/2846
f 2150/2105/2847 2142/2137/2847 1946/2106/2847
f 1946/2106/2848 2174/2136/2848 1945/2391/2848
f 2174/2136/2849 1926/2110/2849 1945/2391/2849
f 2167/2153/2850 1944/2392/2850 1952/2109/2850
f 2172/2141/2851 1942/2112/2851 2180/2139/2851
f 2163/2114/2852 1937/2147/2852 1927/2115/2852
f 2152/2200/2853 1928/2388/2853 1935/2118/2853
f 2179/2393/2854 1923/2181/2854 2151/2180/2854 2178/2390/2854
f 2145/2125/2855 2170/2129/2855 1933/2127/2855
f 2160/2128/2856 2176/2132/2856 1933/2127/2856
f 2169/2130/2857 2175/2134/2857 1931/2131/2857
f 2159/2101/2858 1932/2104/2858 2175/2134/2858
f 2158/2135/2859 1948/2389/2859 2168/2158/2859
f 2158/2135/2860 1947/2107/2860 1948/2389/2860
f 2167/2153/2861 1952/2109/2861 2173/2108/2861
f 2149/2162/2862 1944/2392/2862 2167/2153/2862
f 2149/2162/2863 2166/2163/2863 1944/2392/2863
f 2156/2149/2864 2177/2140/2864 2166/2163/2864
f 2165/2113/2865 1942/2112/2865 2172/2141/2865
f 2147/2146/2866 1937/2147/2866 2163/2114/2866
f 2152/2200/2867 1935/2118/2867 2146/2117/2867
f 2178/2390/2868 2110/2195/2868 2124/2159/2868 2168/2158/2868
f 2155/2150/2869 1941/2111/2869 2165/2113/2869
f 2140/2151/2870 1934/2124/2870 2161/2120/2870
f 2144/2152/2871 2176/2132/2871 2160/2128/2871
f 2128/2185/2872 2136/2138/2872 2156/2149/2872
f 2135/2155/2873 2172/2141/2873 2136/2138/2873
f 2133/2156/2874 2170/2129/2874 2145/2125/2874
f 2110/2195/2875 2178/2390/2875 2151/2180/2875
f 2162/2122/2876 2106/2169/2876 2105/2172/2876 2161/2120/2876
f 2130/2164/2877 2166/2163/2877 2149/2162/2877
f 2134/2187/2878 2164/2142/2878 2155/2150/2878
f 2117/2168/2879 2163/2114/2879 2153/2116/2879
f 2152/2200/2880 2107/2170/2880 2162/2122/2880
f 2142/2137/2881 2123/2214/2881 2138/2160/2881 2174/2136/2881
f 2125/2208/2882 2160/2128/2882 2133/2156/2882
f 2143/2133/2883 2111/2194/2883 2159/2101/2883
f 2111/2194/2884 2101/2102/2884 2159/2101/2884
f 2131/2174/2885 2158/2135/2885 2124/2159/2885
f 2154/2144/2886 2118/2221/2886 2141/2189/2886 2148/2145/2886
f 2121/2175/2887 2173/2108/2887 2157/2148/2887
f 2129/2186/2888 2156/2149/2888 2130/2164/2888
f 2127/2165/2889 2165/2113/2889 2135/2155/2889
f 2108/2188/2890 2155/2150/2890 2127/2165/2890
f 2095/2166/2891 2164/2142/2891 2134/2187/2891
f 2118/2221/2892 2154/2144/2892 2095/2166/2892
f 2103/2202/2893 2104/2171/2893 2062/2232/2893 2071/2225/2893
f 2094/2177/2894 2153/2116/2894 2148/2145/2894
f 2093/2178/2895 2171/2119/2895 2147/2146/2895
f 2115/2190/2896 2152/2200/2896 2146/2117/2896
f 2114/2201/2897 2139/2126/2897 2140/2151/2897
f 2112/2179/2898 2160/2128/2898 2125/2208/2898
f 2109/2183/2899 2150/2105/2899 2098/2173/2899
f 2120/2176/2900 2167/2153/2900 2137/2154/2900
f 2079/2184/2901 2149/2162/2901 2119/2161/2901
f 2116/2191/2902 2146/2117/2902 2093/2178/2902
f 2113/2192/2903 2145/2125/2903 2139/2126/2903
f 2082/2240/2904 2151/2180/2904 2089/2182/2904
f 2100/2196/2905 2151/2180/2905 2082/2240/2905
f 2122/2197/2906 2157/2148/2906 2138/2160/2906
f 2096/2204/2907 2135/2155/2907 2136/2138/2907
f 2072/2199/2908 2152/2200/2908 2115/2190/2908
f 2103/2202/2909 2140/2151/2909 2104/2171/2909
f 2102/2193/2910 2143/2133/2910 2132/2157/2910
f 2109/2183/2911 2123/2214/2911 2142/2137/2911
f 2097/2203/2912 2137/2154/2912 2121/2175/2912
f 2108/2188/2913 2085/2205/2913 2134/2187/2913
f 2118/2221/2914 2084/2220/2914 2141/2189/2914
f 2126/2167/2915 2083/2206/2915 2147/2146/2915
f 2113/2192/2916 2092/2207/2916 2133/2156/2916
f 2112/2179/2917 2090/2209/2917 2144/2152/2917
f 2124/2159/2918 2099/2210/2918 2131/2174/2918
f 2129/2186/2919 2087/2243/2919 2128/2185/2919
f 2087/2243/2920 2086/2198/2920 2128/2185/2920
f 2125/2208/2921 2091/2237/2921 2112/2179/2921
f 2110/2195/2922 2099/2210/2922 2124/2159/2922
f 2122/2197/2923 2066/2216/2923 2121/2175/2923
f 2097/2203/2924 2088/2217/2924 2120/2176/2924
f 2079/2184/2925 2078/2211/2925 2130/2164/2925
f 2096/2204/2926 2077/2218/2926 2127/2165/2926
f 2095/2166/2927 2075/2219/2927 2118/2221/2927
f 2094/2177/2928 2074/2222/2928 2117/2168/2928
f 2074/2222/2929 2083/2206/2929 2126/2167/2929
f 2093/2178/2930 2073/2223/2930 2116/2191/2930
f 2106/2169/2931 2062/2232/2931 2105/2172/2931
f 2103/2202/2932 2071/2225/2932 2114/2201/2932
f 2114/2201/2933 2070/2224/2933 2113/2192/2933
f 2092/2207/2934 2091/2237/2934 2125/2208/2934
f 2091/2237/2935 2060/2226/2935 2112/2179/2935
f 2069/2227/2936 2111/2194/2936 2102/2193/2936
f 2100/2196/2937 2068/2228/2937 2110/2195/2937
f 2098/2173/2938 2067/2229/2938 2109/2183/2938
f 2078/2211/2939 2087/2243/2939 2129/2186/2939
f 2076/2212/2940 2085/2205/2940 2108/2188/2940
f 2084/2220/2941 2064/2230/2941 2141/2189/2941
f 2063/2231/2942 2107/2170/2942 2072/2199/2942
f 2080/2215/2943 2035/2248/2943 2044/2241/2943 2122/2197/2943
f 2090/2209/2944 2059/2233/2944 2102/2193/2944
f 2082/2240/2945 2068/2228/2945 2100/2196/2945
f 2067/2229/2946 2053/2234/2946 2123/2214/2946
f 2086/2198/2947 2052/2242/2947 2096/2204/2947
f 2052/2242/2948 2077/2218/2948 2096/2204/2948
f 2085/2205/2949 2075/2219/2949 2095/2166/2949
f 2083/2206/2950 2058/2235/2950 2093/2178/2950
f 2070/2224/2951 2061/2236/2951 2092/2207/2951
f 2060/2226/2952 2056/2238/2952 2090/2209/2952
f 2075/2219/2953 2064/2230/2953 2084/2220/2953
f 2055/2239/2954 2054/2246/2954 2082/2240/2954
f 2068/2228/2955 2046/2247/2955 2099/2210/2955
f 2035/2248/2956 2080/2215/2956 2081/2213/2956
f 2055/2239/2957 1981/2353/2957 2014/2271/2957 2054/2246/2957
f 2066/2216/2958 2034/2255/2958 2088/2217/2958
f 2088/2217/2959 2024/2274/2959 2079/2184/2959
f 2024/2274/2960 2078/2211/2960 2079/2184/2960
f 2024/2274/2961 2043/2249/2961 2078/2211/2961
f 2042/2306/2962 2076/2212/2962 2077/2218/2962
f 2064/2230/2963 2040/2251/2963 2074/2222/2963
f 2058/2235/2964 2057/2252/2964 2073/2223/2964
f 2061/2236/2965 2029/2254/2965 2091/2237/2965
f 2015/2320/2966 2069/2227/2966 2059/2233/2966
f 2046/2247/2967 2036/2300/2967 2067/2229/2967
f 2036/2300/2968 2053/2234/2968 2067/2229/2968
f 2044/2241/2969 2026/2256/2969 2066/2216/2969
f 2034/2255/2970 2024/2274/2970 2088/2217/2970
f 2043/2249/2971 2065/2244/2971 2087/2243/2971
f 2042/2306/2972 2077/2218/2972 2052/2242/2972
f 2042/2306/2973 2033/2250/2973 2076/2212/2973
f 2033/2250/2974 2048/2245/2974 2085/2205/2974
f 2051/2257/2975 2063/2231/2975 2057/2252/2975
f 2030/2258/2976 2050/2259/2976 2071/2225/2976
f 2049/2253/2977 2029/2254/2977 2061/2236/2977
f 2056/2238/2978 2015/2320/2978 2059/2233/2978
f 1922/2394/2979 2069/2227/2979 2015/2320/2979
f 2045/2272/2980 2035/2248/2980 2053/2234/2980
f 2041/2261/2981 2064/2230/2981 2075/2219/2981
f 2041/2261/2982 2022/2262/2982 2064/2230/2982
f 2039/2263/2983 1996/2264/2983 2058/2235/2983
f 2047/2266/2984 2060/2226/2984 2029/2254/2984
f 2037/2281/2985 2015/2320/2985 2056/2238/2985
f 2057/2252/2986 2031/2269/2986 2020/2278/2986 2051/2257/2986
f 2028/2284/2987 2036/2300/2987 2046/2247/2987
f 1991/2273/2988 2053/2234/2988 2036/2300/2988
f 2025/2311/2989 2034/2255/2989 2026/2256/2989
f 2012/2276/2990 2042/2306/2990 2052/2242/2990
f 2011/2305/2991 2033/2250/2991 2042/2306/2991
f 2030/2258/2992 1984/2340/2992 1983/2309/2992 2050/2259/2992
f 2018/2295/2993 2030/2258/2993 2051/2257/2993
f 2017/2280/2994 2049/2253/2994 2050/2259/2994
f 2016/2282/2995 2056/2238/2995 2038/2265/2995
f 2007/2319/2996 1922/2394/2996 2015/2320/2996
f 2000/2283/2997 2048/2245/2997 2010/2268/2997
f 1921/2395/2998 1922/2394/2998 2007/2319/2998
f 2006/2286/2999 2045/2272/2999 1991/2273/2999
f 2027/2287/3000 2044/2241/3000 2035/2248/3000
f 1978/2288/3001 2043/2249/3001 1988/2275/3001
f 1976/2291/3002 2041/2261/3002 2032/2260/3002
f 2021/2292/3003 2040/2251/3003 2022/2262/3003
f 1974/2296/3004 2051/2257/3004 2019/2277/3004
f 1993/2297/3005 2047/2266/3005 2029/2254/3005
f 2013/2299/3006 2046/2247/3006 2005/2270/3006
f 2004/2301/3007 2036/2300/3007 2028/2284/3007
f 1990/2324/3008 2035/2248/3008 2006/2286/3008
f 1990/2324/3009 2027/2287/3009 2035/2248/3009
f 1989/2327/3010 2026/2256/3010 2027/2287/3010
f 2003/2302/3011 2034/2255/3011 2025/2311/3011
f 2002/2303/3012 2065/2244/3012 1978/2288/3012
f 1987/2396/3013 2023/2267/3013 2001/2289/3013
f 1986/2304/3014 2042/2306/3014 2012/2276/3014
f 1977/2307/3015 2033/2250/3015 2011/2305/3015
f 1998/2308/3016 2039/2263/3016 2021/2292/3016
f 1995/2347/3017 2031/2269/3017 1985/2294/3017
f 1984/2340/3018 2030/2258/3018 2018/2295/3018
f 2005/2270/3019 2014/2271/3019 1949/2352/3019 1955/2330/3019
f 2009/2310/3020 2029/2254/3020 1994/2279/3020
f 1982/2318/3021 2016/2282/3021 2008/2298/3021
f 1992/2317/3022 2037/2281/3022 2016/2282/3022
f 1989/2327/3023 1970/2312/3023 2026/2256/3023
f 2003/2302/3024 1979/2314/3024 2024/2274/3024
f 1987/2396/3025 1964/2332/3025 2023/2267/3025
f 1964/2332/3026 2012/2276/3026 2023/2267/3026
f 1995/2347/3027 1968/2316/3027 2031/2269/3027
f 1983/2309/3028 1958/2349/3028 2017/2280/3028
f 2037/2281/3029 1956/2321/3029 2015/2320/3029
f 1965/2313/3030 2025/2311/3030 1970/2312/3030
f 1963/2333/3031 1986/2304/3031 2012/2276/3031
f 1999/2290/3032 1975/2315/3032 2022/2262/3032
f 1992/2317/3033 1972/2322/3033 2037/2281/3033
f 1971/2326/3034 2027/2287/3034 1990/2324/3034
f 1977/2307/3035 1969/2335/3035 2000/2283/3035
f 1968/2316/3036 1959/2338/3036 2020/2278/3036
f 2020/2278/3037 1959/2338/3037 2019/2277/3037
f 1974/2296/3038 1930/2339/3038 2018/2295/3038
f 1958/2349/3039 1957/2328/3039 2017/2280/3039
f 1967/2329/3040 2038/2265/3040 1993/2297/3040
f 1956/2321/3041 1921/2395/3041 2007/2319/3041
f 1981/2353/3042 1949/2352/3042 2014/2271/3042
f 2004/2301/3043 2028/2284/3043 1947/2355/3043 1954/2331/3043
f 1980/2285/3044 1947/2355/3044 2028/2284/3044
f 1982/2318/3045 2008/2298/3045 1931/2364/3045 1950/2350/3045
f 1991/2273/3046 1966/2323/3046 2006/2286/3046
f 1962/2334/3047 2011/2305/3047 1986/2304/3047
f 1976/2291/3048 1961/2359/3048 1999/2290/3048
f 1961/2359/3049 1975/2315/3049 1999/2290/3049
f 1975/2315/3050 1960/2336/3050 2021/2292/3050
f 1936/2337/3051 1996/2264/3051 1997/2293/3051
f 1967/2329/3052 1931/2364/3052 2008/2298/3052
f 1995/2347/3053 1985/2294/3053 1935/2378/3053 1928/2346/3053
f 1982/2318/3054 1973/2341/3054 1992/2317/3054
f 1966/2323/3055 1971/2326/3055 1990/2324/3055
f 1953/2325/3056 1970/2312/3056 1989/2327/3056
f 1965/2313/3057 1952/2342/3057 2003/2302/3057
f 1944/2343/3058 1988/2275/3058 1979/2314/3058
f 1978/2288/3059 1943/2344/3059 2002/2303/3059
f 2180/2374/3060 1964/2332/3060 1987/2396/3060
f 1963/2333/3061 1962/2334/3061 1986/2304/3061
f 1962/2334/3062 1940/2357/3062 1977/2307/3062
f 1960/2336/3063 1937/2345/3063 1998/2308/3063
f 1936/2337/3064 1935/2378/3064 1985/2294/3064
f 1993/2297/3065 2009/2310/3065 1933/2373/3065 1967/2329/3065
f 1930/2339/3066 1951/2348/3066 1984/2340/3066
f 1957/2328/3067 1933/2373/3067 2009/2310/3067
f 1987/2396/3068 2001/2289/3068 1943/2344/3068 2180/2374/3068
f 1955/2330/3069 1948/2354/3069 1980/2285/3069
f 1952/2342/3070 1944/2343/3070 1979/2314/3070
f 1944/2343/3071 2177/2356/3071 1978/2288/3071
f 1963/2333/3072 1964/2332/3072 2180/2374/3072 1942/2366/3072
f 1969/2335/3073 1939/2358/3073 1976/2291/3073
f 1961/2359/3074 1938/2376/3074 1975/2315/3074
f 1938/2376/3075 1927/2360/3075 1975/2315/3075
f 1937/2345/3076 1936/2337/3076 1997/2293/3076
f 1959/2338/3077 1930/2339/3077 1974/2296/3077
f 1924/2100/3078 2101/2102/3078 2069/2227/3078 1922/2394/3078
f 1953/2325/3079 1926/2362/3079 1970/2312/3079
f 1940/2357/3080 1941/2397/3080 1969/2335/3080
f 1941/2397/3081 1939/2358/3081 1969/2335/3081
f 1972/2322/3082 1932/2370/3082 1956/2321/3082
f 1956/2321/3083 1925/2371/3083 1921/2395/3083
f 1949/2352/3084 2178/2372/3084 1955/2330/3084
f 1954/2331/3085 1946/2365/3085 1966/2323/3085
f 1926/2362/3086 1952/2342/3086 1965/2313/3086
f 1939/2358/3087 1938/2376/3087 1961/2359/3087
f 1927/2360/3088 1937/2345/3088 1960/2336/3088
f 1928/2346/3089 1929/2367/3089 1959/2338/3089
f 1951/2348/3090 1934/2368/3090 1958/2349/3090
f 1934/2368/3091 1933/2373/3091 1957/2328/3091
f 1950/2350/3092 2175/2369/3092 1973/2341/3092
f 1945/2361/3093 1926/2362/3093 1953/2325/3093
f 1942/2366/3094 1941/2397/3094 1940/2357/3094
f 1930/2339/3095 1934/2368/3095 1951/2348/3095
f 1931/2364/3096 2175/2369/3096 1950/2350/3096
f 1944/2343/3097 2166/2398/3097 2177/2356/3097
f 1941/2397/3098 1938/2376/3098 1939/2358/3098
o Eyelet_06
v 2.000378 0.005000 -0.065177
v 2.008118 -0.005000 -0.062829
v 2.007334 0.005000 -0.063159
v 2.013160 -0.005000 -0.057333
v 2.012829 0.005000 -0.058118
v 2.015177 -0.005000 -0.050378
v 2.015177 0.005000 -0.049622
v 2.012829 -0.005000 -0.041882
v 2.013160 0.005000 -0.042667
v 2.007334 -0.005000 -0.036841
v 2.008118 0.005000 -0.037171
v 2.000378 -0.005000 -0.034823
v 1.999622 0.005000 -0.034823
v 1.991882 -0.005000 -0.037171
v 1.992667 0.005000 -0.036841
v 1.986840 -0.005000 -0.042667
v 1.987171 0.005000 -0.041882
v 1.984823 -0.005000 -0.049622
v 1.984823 0.005000 -0.050378
v 1.987171 -0.005000 -0.058118
v 1.986840 0.005000 -0.057333
v 1.992667 -0.005000 -0.063159
v 1.991882 0.005000 -0.062829
v 1.999622 -0.005000 -0.065177
v 1.950000 -0.002500 -0.100000
v 2.050000 0.002500 -0.100000
v 1.950000 -0.002500 0.000000
v 2.050000 -0.002500 0.000000
v 1.950000 0.002500 0.000000
v 1.950000 0.002500 -0.100000
v 2.050000 -0.002500 -0.100000
v 2.050000 0.002500 0.000000
v 2.032500 0.002500 -0.032500
v 2.011485 0.002500 -0.050000
v 2.018125 0.002500 -0.082500
v 2.000000 0.002500 -0.061485
v 2.000000 0.002500 -0.050000
v 2.000000 0.002500 -0.038515
v 1.992630 0.002500 -0.059033
v 1.988515 0.002500 -0.050000
v 2.002500 0.002500 -0.017500
v 1.967500 0.002500 -0.047500
v 1.965625 -0.002500 -0.062812
v 1.988515 -0.002500 -0.050000
v 2.000000 -0.002500 -0.061485
v 2.000000 -0.002500 -0.050000
v 2.000000 -0.002500 -0.038515
v 2.009707 -0.002500 -0.056371
v 2.011485 -0.002500 -0.050000
v 2.011875 -0.002500 -0.082500
v 2.032500 -0.002500 -0.052500
v 2.016250 -0.002500 -0.017500
v 2.009808 0.002500 -0.056079
v 2.011295 0.002500 -0.052358
v 2.011025 0.002500 -0.046359
v 1.988975 0.002500 -0.053641
v 1.988880 0.002500 -0.046659
v 1.991711 0.002500 -0.041926
v 1.997642 0.002500 -0.061295
v 1.996359 0.002500 -0.038975
v 2.002123 0.002500 -0.061316
v 2.006371 0.002500 -0.059707
v 2.003341 0.002500 -0.038880
v 2.008074 0.002500 -0.041711
v 1.988705 -0.002500 -0.052358
v 1.988684 -0.002500 -0.047877
v 1.989832 -0.002500 -0.044546
v 2.011316 -0.002500 -0.052123
v 2.011295 -0.002500 -0.047642
v 2.009307 -0.002500 -0.043057
v 2.006079 -0.002500 -0.059808
v 2.002358 -0.002500 -0.061295
v 2.004138 -0.002500 -0.039101
v 1.995862 -0.002500 -0.060899
v 1.990693 -0.002500 -0.056943
v 1.997642 -0.002500 -0.038705
v 1.993057 -0.002500 -0.040693
v 2.000922 -0.005000 -0.061412
v 2.001322 0.005000 -0.061373
v 2.006170 -0.005000 -0.059750
v 2.005574 0.005000 -0.060001
v 2.010547 -0.005000 -0.054679
v 2.008976 0.005000 -0.057107
v 2.011013 0.005000 -0.053131
v 2.011412 -0.005000 -0.049078
v 2.011373 0.005000 -0.048678
v 2.009750 -0.005000 -0.043830
v 2.010001 0.005000 -0.044427
v 2.004679 -0.005000 -0.039453
v 2.007107 0.005000 -0.041024
v 2.003131 0.005000 -0.038987
v 1.999078 -0.005000 -0.038588
v 1.998678 0.005000 -0.038627
v 1.993830 -0.005000 -0.040250
v 1.994427 0.005000 -0.039999
v 1.989453 -0.005000 -0.045321
v 1.991024 0.005000 -0.042893
v 1.988987 0.005000 -0.046869
v 1.988588 -0.005000 -0.050922
v 1.988627 0.005000 -0.051322
v 1.990250 -0.005000 -0.056170
v 1.989999 0.005000 -0.055573
v 1.995321 -0.005000 -0.060547
v 1.992893 0.005000 -0.058976
v 1.996869 0.005000 -0.061013
v 1.952078 -0.001807 -0.002078
v 1.952078 -0.001807 -0.097922
v 1.952078 0.001807 -0.097922
v 2.047921 0.001807 -0.002078
v 2.047921 -0.001807 -0.097922
v 2.047921 0.001807 -0.097922
v 2.040326 -0.001651 -0.097455
v 1.960000 -0.001651 -0.097454
v 1.959674 0.001651 -0.097455
v 2.040000 0.001651 -0.097454
v 1.959314 -0.001651 -0.002544
v 2.047890 -0.001789 -0.002193
v 2.040686 0.001651 -0.002544
v 1.952110 0.001789 -0.002193
v 1.952546 -0.001651 -0.090000
v 1.952543 -0.001651 -0.009432
v 1.952544 0.001651 -0.009314
v 1.952546 0.001651 -0.090000
v 2.047456 -0.001651 -0.009314
v 2.047454 -0.001651 -0.090000
v 2.047454 0.001651 -0.090000
v 2.047457 0.001651 -0.009432
v 2.040000 0.001300 -0.090000
v 2.011485 0.001300 -0.050000
v 2.000000 0.001300 -0.061485
v 2.000000 0.001300 -0.050000
v 2.000000 0.001300 -0.038515
v 1.992100 0.001300 -0.058410
v 1.988515 0.001300 -0.050000
v 1.993488 0.001300 -0.040435
v 2.039265 0.001300 -0.010037
v 1.960000 0.001300 -0.090000
v 1.960058 0.001300 -0.010438
v 1.960000 -0.001300 -0.090000
v 1.960729 -0.001299 -0.010083
v 1.988515 -0.001300 -0.050000
v 2.000000 -0.001300 -0.061485
v 2.000000 -0.001300 -0.050000
v 2.000000 -0.001300 -0.038515
v 2.009876 -0.001300 -0.056105
v 2.011485 -0.001300 -0.050000
v 2.006105 -0.001300 -0.040124
v 2.002500 -0.001300 -0.025000
v 2.039566 -0.001300 -0.010066
v 2.040000 -0.001300 -0.090000
v 2.009654 0.001300 -0.056320
v 2.011233 0.001300 -0.052637
v 2.011215 0.001300 -0.047152
v 1.989700 0.001300 -0.055201
v 1.988641 0.001300 -0.051875
v 1.988767 0.001300 -0.047363
v 1.990346 0.001300 -0.043680
v 1.996359 0.001300 -0.061025
v 1.997642 0.001300 -0.038705
v 2.002358 0.001300 -0.061295
v 2.006512 0.001300 -0.059565
v 2.003641 0.001300 -0.038975
v 2.008666 0.001300 -0.042272
v 1.990346 -0.001300 -0.056320
v 1.988767 -0.001300 -0.052637
v 1.988880 -0.001300 -0.046659
v 2.011359 -0.001300 -0.051875
v 2.011233 -0.001300 -0.047363
v 2.009654 -0.001300 -0.043680
v 2.006320 -0.001300 -0.059654
v 2.002637 -0.001300 -0.061233
v 2.001875 -0.001300 -0.038641
v 1.998125 -0.001300 -0.061359
v 1.993895 -0.001300 -0.059876
v 1.997363 -0.001300 -0.038767
v 1.992384 -0.001300 -0.041174
vn 0.7366 -0.0287 -0.6757
vn 0.6757 -0.0287 0.7366
vn -0.7366 -0.0287 0.6757
vn -0.6757 -0.0287 -0.7366
vn -0.0000 1.0000 -0.0000
vn -0.0000 -0.0000 1.0000
vn -0.0000 -0.0000 -1.0000
vn -0.0000 -1.0000 -0.0000
vn 1.0000 -0.0000 -0.0000
vn -1.0000 -0.0000 -0.0000
vn -0.7564 0.0397 0.6529
vn -0.6529 0.0397 -0.7564
vn 0.7564 0.0397 -0.6529
vn 0.6529 0.0397 0.7564
vn -0.0635 -0.0311 -0.9975
vn 0.0429 0.9989 0.0167
vn -0.0443 -0.9989 0.0166
vn -0.0000 0.9989 0.0466
vn 0.0038 -0.0937 -0.9956
vn -0.0000 0.0002 1.0000
vn -0.0000 0.9989 -0.0471
vn -0.0471 0.9989 -0.0000
vn -0.0000 -0.9989 -0.0471
vn 0.0471 -0.9989 -0.0000
vn -0.0468 -0.9989 -0.0000
vn 0.0445 0.9990 0.0002
vn -0.8328 -0.1636 -0.5289
vn 0.8068 -0.2232 0.5470
vn 0.8371 -0.2203 -0.5008
vn 0.4004 -0.2288 0.8873
vn 0.5195 -0.2471 -0.8180
vn -0.3536 -0.0531 0.9339
vn 0.9311 0.1737 -0.3208
vn 0.7555 0.1709 -0.6325
vn -0.5790 0.3045 -0.7564
vn 0.5790 0.3045 0.7564
vn 0.9622 0.0155 -0.2719
vn 0.6757 0.0287 -0.7366
vn 0.9622 -0.0155 0.2719
vn 0.2719 0.0155 0.9622
vn 0.7366 0.0287 0.6757
vn -0.2719 -0.0155 0.9622
vn -0.9622 0.0155 0.2719
vn -0.6757 0.0287 0.7366
vn -0.9622 -0.0155 -0.2719
vn -0.2719 0.0155 -0.9622
vn -0.7366 0.0287 -0.6757
vn 0.2719 -0.0155 -0.9622
vn -0.3042 0.0071 0.9526
vn -0.9926 0.0094 0.1209
vn -0.6477 -0.0195 0.7616
vn -0.8897 -0.0291 0.4557
vn -0.9526 0.0071 -0.3042
vn -0.1209 0.0094 -0.9926
vn -0.7616 -0.0195 -0.6477
vn -0.4557 -0.0291 -0.8897
vn 0.3042 0.0071 -0.9526
vn 0.9926 0.0094 -0.1209
vn 0.6477 -0.0195 -0.7616
vn 0.8897 -0.0291 -0.4557
vn 0.9526 0.0071 0.3042
vn 0.1209 0.0094 0.9926
vn 0.7616 -0.0195 0.6477
vn 0.4557 -0.0291 0.8897
vn 0.9983 -0.0000 -0.0589
vn 0.0601 0.0027 0.9982
vn -0.9981 0.0048 0.0619
vn 0.0307 -0.9991 0.0303
vn -0.0008 -0.9986 0.0530
vn -0.0307 0.9991 0.0302
vn -0.0601 -0.0027 0.9982
vn 0.0013 0.9982 0.0606
vn 0.0635 0.0311 -0.9975
vn -0.0038 0.0937 -0.9956
vn -0.0000 -0.0002 1.0000
vn -0.0000 0.9989 -0.0470
vn -0.0320 0.9990 -0.0320
vn -0.0429 0.9991 0.0004
vn -0.0000 -0.9989 -0.0470
vn 0.0320 -0.9990 -0.0320
vn -0.0327 -0.9990 -0.0312
vn 0.0428 -0.9991 0.0004
vn 0.0327 0.9990 -0.0312
vn -0.0471 -0.9989 -0.0000
vn -0.9983 -0.0000 -0.0589
vn 0.0471 0.9989 -0.0000
vn -1.0000 0.0002 -0.0000
vn 0.9981 -0.0048 0.0619
vn 1.0000 -0.0002 -0.0000
vn -0.9960 0.0154 0.0882
vn 0.9926 -0.0606 0.1054
vn 0.9960 -0.0154 0.0882
vn 0.7045 0.1957 -0.6821
vn -0.9972 0.0106 0.0737
vn -0.0882 -0.0154 0.9960
vn -0.6988 -0.1598 -0.6972
vn -0.1172 0.0794 -0.9899
vn 0.1076 0.0540 0.9927
vn 0.1076 -0.0540 -0.9927
vn -0.7222 -0.0247 0.6912
vn -0.9239 -0.0000 0.3827
vn -0.9929 -0.0417 -0.1117
vn 0.9946 -0.0168 -0.1027
vn -0.8744 0.1636 -0.4568
vn 0.8001 -0.0428 0.5983
vn 0.9375 0.1785 0.2987
vn -0.0800 0.0007 0.9968
vn 0.9096 0.1431 -0.3900
vn 0.5120 0.2068 0.8337
vn 0.3767 0.1996 -0.9046
vn -0.1173 0.0245 -0.9928
vn -0.3837 0.0641 0.9212
vn -0.5316 0.0336 -0.8463
vn 0.9169 0.0523 0.3956
vn 0.6988 -0.1598 0.6972
vn 0.9947 -0.0317 -0.0974
vn -0.9394 0.0100 0.3426
vn 0.8117 -0.2691 -0.5184
vn -0.9960 -0.0154 -0.0882
vn -0.9169 0.0523 -0.3956
vn -0.6971 -0.0061 0.7170
vn -0.3827 -0.0000 0.9239
vn 0.1172 0.0794 0.9899
vn -0.3201 -0.2533 -0.9129
vn 0.0882 -0.0154 -0.9960
vn 0.3201 -0.2533 0.9129
vn 0.4172 -0.0395 -0.9079
vt 0.839652 1.000000
vt 0.830933 0.500000
vt 0.910348 0.500000
vt 0.589652 1.000000
vt 0.580933 0.500000
vt 0.660348 0.500000
vt 0.339652 1.000000
vt 0.330933 0.500000
vt 0.410348 0.500000
vt 0.089652 1.000000
vt 0.080933 0.500000
vt 0.160348 0.500000
vt 0.743750 0.706250
vt 0.625000 0.750000
vt 0.668750 0.668750
vt 0.875000 0.750000
vt 0.375000 1.000000
vt 0.375000 0.750000
vt 0.625000 0.250000
vt 0.375000 0.500000
vt 0.375000 0.250000
vt 0.279687 0.543750
vt 0.331250 0.618750
vt 0.275000 0.606513
vt 0.274633 0.645019
vt 0.275000 0.631549
vt 0.290625 0.706250
vt 0.125000 0.500000
vt 0.164062 0.592969
vt 0.225367 0.604981
vt 0.225000 0.618451
vt 0.125000 0.750000
vt 0.875000 0.500000
vt 0.704687 0.543750
vt 0.625000 0.500000
vt 0.625000 -0.000000
vt 0.375000 -0.000000
vt 0.816403 0.500000
vt 0.856567 1.000000
vt 0.910153 0.500000
vt 0.566403 0.500000
vt 0.606567 1.000000
vt 0.660153 0.500000
vt 0.316403 0.500000
vt 0.356567 1.000000
vt 0.410153 0.500000
vt 0.066403 0.500000
vt 0.106567 1.000000
vt 0.160153 0.500000
vt 0.625000 0.999869
vt 0.375000 0.976716
vt 0.374869 0.750000
vt 0.375000 0.726715
vt 0.348909 0.725073
vt 0.874869 0.750000
vt 0.875000 0.726715
vt 0.850037 0.723913
vt 0.148285 0.750000
vt 0.151853 0.723575
vt 0.625000 0.773285
vt 0.375000 0.750131
vt 0.375000 0.475814
vt 0.625000 0.274186
vt 0.375000 0.275000
vt 0.275000 0.607379
vt 0.275000 0.619792
vt 0.256250 0.687500
vt 0.267621 0.650000
vt 0.242660 0.650000
vt 0.228705 0.648641
vt 0.150000 0.525000
vt 0.350814 0.500000
vt 0.150000 0.500000
vt 0.125000 0.726420
vt 0.125000 0.525000
vt 0.850000 0.525000
vt 0.775000 0.625000
vt 0.775000 0.632340
vt 0.775000 0.643451
vt 0.769031 0.650000
vt 0.651853 0.723579
vt 0.756553 0.650000
vt 0.650000 0.525000
vt 0.730969 0.600000
vt 0.743447 0.600000
vt 0.726260 0.646904
vt 0.850814 0.500000
vt 0.650000 0.500000
vt 0.625000 0.726420
vt 0.625000 0.525000
vt 0.350000 0.525000
vt 0.753903 0.500000
vt 0.794067 1.000000
vt 0.746097 1.000000
vt 0.737183 0.500000
vt 0.503903 0.500000
vt 0.544067 1.000000
vt 0.496097 1.000000
vt 0.487183 0.500000
vt 0.253903 0.500000
vt 0.294067 1.000000
vt 0.246097 1.000000
vt 0.237183 0.500000
vt 0.011857 0.500000
vt 0.044067 1.000000
vt 0.012817 1.000000
vt 0.000000 0.500000
vt 0.725000 0.635157
vt 0.726834 0.648581
vt 0.775000 0.614843
vt 0.775000 0.610117
vt 0.770748 0.601023
vt 0.773582 0.648166
vt 0.775000 0.634303
vt 0.760141 0.600000
vt 0.756549 0.600000
vt 0.760157 0.650000
vt 0.744094 0.600000
vt 0.731510 0.600000
vt 0.225000 0.630906
vt 0.225000 0.634289
vt 0.225000 0.640673
vt 0.229981 0.649633
vt 0.261564 0.650000
vt 0.238436 0.600000
vt 0.232379 0.600000
vt 0.919067 1.000000
vt 0.669067 1.000000
vt 0.419067 1.000000
vt 0.169067 1.000000
vt 0.625000 1.000000
vt 0.275000 0.625000
vt 0.275000 0.619094
vt 0.267660 0.600000
vt 0.256549 0.600000
vt 0.250000 0.600000
vt 0.250000 0.650000
vt 0.987183 0.500000
vt 0.988143 1.000000
vt 0.243451 0.650000
vt 0.225000 0.625000
vt 0.831250 0.631250
vt 0.750000 0.600000
vt 0.750000 0.650000
vt 0.740697 0.650000
vt 0.725000 0.607340
vt 0.725000 0.618451
vt 0.725000 0.625000
vt 0.981567 1.000000
vt 0.987183 0.500000
vt 0.731567 1.000000
vt 0.481567 1.000000
vt 0.231567 1.000000
vt 0.000000 1.000000
vt 0.625000 0.225000
vt 0.375000 0.225000
vt 0.375000 0.250000
vt 0.625000 0.475000
vt 0.625000 0.750000
vt 0.648285 0.750000
vt 0.275000 0.632340
vt 0.275000 0.643451
vt 0.257340 0.600000
vt 0.268451 0.600000
vt 0.255208 0.650000
vt 0.244792 0.600000
vt 0.225000 0.617660
vt 0.225000 0.606549
vt 0.775000 0.619792
vt 0.773145 0.600861
vt 0.739831 0.650000
vt 0.725000 0.617660
vt 0.725000 0.606549
vt 0.725000 0.632910
vt 0.875000 0.525000
vt 0.375000 0.525000
vt 0.625000 0.000000
vt 0.375000 0.000000
vt 0.375000 0.023580
vt 0.625000 0.023285
s 0
usemtl Brass
f 2185/2399/3099 2184/2400/3099 2182/2401/3099
f 2191/2402/3100 2190/2403/3100 2188/2404/3100
f 2197/2405/3101 2196/2406/3101 2194/2407/3101
f 2203/2408/3102 2202/2409/3102 2200/2410/3102
f 2262/2436/3109 2263/2437/3109 2260/2438/3109
f 2269/2439/3110 2270/2440/3110 2267/2441/3110
f 2276/2442/3111 2277/2443/3111 2274/2444/3111
f 2283/2445/3112 2284/2446/3112 2281/2447/3112
f 2186/2490/3106 2262/2436/3106 2184/2400/3106
f 2185/2399/3103 2264/2491/3103 2187/2492/3103
f 2186/2490/3106 2265/2493/3106 2262/2436/3106
f 2192/2494/3106 2269/2439/3106 2190/2403/3106
f 2191/2402/3103 2271/2495/3103 2193/2496/3103
f 2192/2494/3106 2272/2497/3106 2269/2439/3106
f 2198/2498/3106 2276/2442/3106 2196/2406/3106
f 2197/2405/3103 2278/2499/3103 2199/2500/3103
f 2198/2498/3106 2279/2501/3106 2276/2442/3106
f 2204/2502/3106 2283/2445/3106 2202/2409/3106
f 2203/2408/3103 2285/2503/3103 2181/2504/3103
f 2204/2502/3106 2258/2505/3106 2283/2445/3106
f 2186/2490/3135 2184/2400/3135 2185/2399/3135 2187/2492/3135
f 2183/2525/3136 2185/2399/3136 2182/2401/3136
f 2188/2404/3137 2186/2490/3137 2187/2492/3137 2189/2526/3137
f 2192/2494/3138 2190/2403/3138 2191/2402/3138 2193/2496/3138
f 2189/2526/3139 2191/2402/3139 2188/2404/3139
f 2194/2407/3140 2192/2494/3140 2193/2496/3140 2195/2527/3140
f 2198/2498/3141 2196/2406/3141 2197/2405/3141 2199/2500/3141
f 2195/2527/3142 2197/2405/3142 2194/2407/3142
f 2200/2410/3143 2198/2498/3143 2199/2500/3143 2201/2528/3143
f 2204/2502/3144 2202/2409/3144 2203/2408/3144 2181/2504/3144
f 2201/2528/3145 2203/2408/3145 2200/2410/3145
f 2182/2401/3146 2204/2536/3146 2181/2537/3146 2183/2525/3146
f 2259/2547/3147 2258/2548/3147 2260/2438/3147 2261/2525/3147
f 2264/2491/3148 2262/2436/3148 2265/2493/3148 2266/2549/3148
f 2260/2438/3149 2263/2437/3149 2261/2525/3149
f 2262/2436/3150 2264/2491/3150 2263/2437/3150
f 2266/2549/3151 2265/2493/3151 2267/2441/3151 2268/2526/3151
f 2271/2495/3152 2269/2439/3152 2272/2497/3152 2273/2550/3152
f 2267/2441/3153 2270/2440/3153 2268/2526/3153
f 2269/2439/3154 2271/2495/3154 2270/2440/3154
f 2273/2550/3155 2272/2497/3155 2274/2444/3155 2275/2527/3155
f 2278/2499/3156 2276/2442/3156 2279/2501/3156 2280/2551/3156
f 2274/2444/3157 2277/2443/3157 2275/2527/3157
f 2276/2442/3158 2278/2499/3158 2277/2443/3158
f 2280/2551/3159 2279/2501/3159 2281/2447/3159 2282/2528/3159
f 2285/2503/3160 2283/2445/3160 2258/2505/3160 2259/2552/3160
f 2281/2447/3161 2284/2446/3161 2282/2528/3161
f 2283/2445/3162 2285/2503/3162 2284/2446/3162
f 2258/2548/3106 2204/2536/3106 2182/2401/3106 2260/2438/3106
f 2261/2525/3103 2183/2525/3103 2181/2537/3103 2259/2547/3103
f 2263/2437/3103 2185/2399/3103 2183/2525/3103 2261/2525/3103
f 2260/2438/3106 2182/2401/3106 2184/2400/3106 2262/2436/3106
f 2265/2493/3106 2186/2490/3106 2188/2404/3106 2267/2441/3106
f 2185/2399/3103 2263/2437/3103 2264/2491/3103
f 2187/2492/3103 2264/2491/3103 2266/2549/3103
f 2268/2526/3103 2189/2526/3103 2187/2492/3103 2266/2549/3103
f 2270/2440/3103 2191/2402/3103 2189/2526/3103 2268/2526/3103
f 2267/2441/3106 2188/2404/3106 2190/2403/3106 2269/2439/3106
f 2272/2497/3106 2192/2494/3106 2194/2407/3106 2274/2444/3106
f 2191/2402/3103 2270/2440/3103 2271/2495/3103
f 2193/2496/3103 2271/2495/3103 2273/2550/3103
f 2275/2527/3103 2195/2527/3103 2193/2496/3103 2273/2550/3103
f 2277/2443/3103 2197/2405/3103 2195/2527/3103 2275/2527/3103
f 2274/2444/3106 2194/2407/3106 2196/2406/3106 2276/2442/3106
f 2279/2501/3106 2198/2498/3106 2200/2410/3106 2281/2447/3106
f 2197/2405/3103 2277/2443/3103 2278/2499/3103
f 2199/2500/3103 2278/2499/3103 2280/2551/3103
f 2282/2528/3103 2201/2528/3103 2199/2500/3103 2280/2551/3103
f 2284/2446/3103 2203/2408/3103 2201/2528/3103 2282/2528/3103
f 2281/2447/3106 2200/2410/3106 2202/2409/3106 2283/2445/3106
f 2203/2408/3103 2284/2446/3103 2285/2503/3103
f 2181/2504/3103 2285/2503/3103 2259/2552/3103
usemtl ThickCloth
f 2221/2411/3103 2212/2412/3103 2213/2413/3103
f 2209/2414/3103 2212/2412/3103 2221/2411/3103
f 2212/2412/3104 2207/2415/3104 2208/2416/3104
f 2210/2417/3105 2211/2418/3105 2205/2419/3105
f 2230/2420/3106 2231/2421/3106 2228/2422/3106
f 2231/2421/3106 2250/2423/3106 2249/2424/3106
f 2231/2421/3106 2232/2425/3106 2250/2423/3106
f 2211/2418/3106 2230/2420/3106 2205/2426/3106
f 2223/2427/3106 2255/2428/3106 2245/2429/3106
f 2223/2427/3106 2207/2430/3106 2205/2426/3106
f 2210/2431/3103 2215/2432/3103 2206/2433/3103
f 2213/2413/3103 2212/2412/3103 2206/2433/3103
f 2211/2418/3106 2231/2421/3106 2230/2420/3106
f 2208/2416/3106 2232/2425/3106 2231/2421/3106
f 2206/2433/3107 2208/2416/3107 2211/2418/3107
f 2209/2434/3108 2205/2419/3108 2207/2435/3108
f 2286/2415/3113 2299/2448/3113 2296/2449/3113
f 2297/2450/3114 2304/2451/3114 2329/2452/3114
f 2299/2453/3115 2302/2454/3115 2318/2455/3115
f 2296/2456/3116 2329/2452/3116 2320/2457/3116
f 2296/2449/3117 2298/2458/3117 2297/2459/3117
f 2292/2460/3118 2294/2461/3118 2293/2462/3118
f 2325/2463/3103 2347/2464/3103 2329/2452/3103
f 2328/2465/3103 2329/2452/3103 2327/2466/3103
f 2328/2465/3103 2355/2467/3103 2356/2468/3103
f 2319/2469/3119 2292/2470/3119 2293/2471/3119
f 2301/2472/3120 2319/2469/3120 2300/2473/3120
f 2318/2455/3106 2317/2474/3106 2314/2475/3106 2336/2476/3106 2337/2477/3106 2315/2478/3106
f 2316/2479/3106 2318/2455/3106 2315/2478/3106
f 2316/2479/3106 2315/2478/3106 2339/2480/3106
f 2308/2481/3106 2341/2482/3106 2340/2483/3106
f 2308/2481/3106 2316/2479/3106 2343/2484/3106
f 2308/2481/3121 2294/2485/3121 2295/2486/3121
f 2307/2487/3122 2308/2481/3122 2306/2488/3122
f 2318/2455/3123 2302/2454/3123 2317/2474/3123
f 2329/2452/3124 2304/2451/3124 2330/2489/3124
f 2235/2506/3125 2343/2484/3125 2244/2507/3125
f 2236/2508/3126 2334/2509/3126 2219/2510/3126
f 2238/2511/3127 2337/2477/3127 2237/2512/3127
f 2219/2510/3128 2338/2513/3128 2239/2514/3128
f 2240/2515/3129 2315/2478/3129 2238/2511/3129
f 2241/2516/3130 2340/2483/3130 2242/2517/3130
f 2246/2518/3131 2346/2519/3131 2247/2520/3131
f 2247/2520/3132 2356/2468/3132 2257/2521/3132
f 2253/2522/3133 2327/2466/3133 2250/2423/3133
f 2254/2523/3134 2354/2524/3134 2255/2428/3134
f 2232/2425/3106 2208/2416/3106 2207/2430/3106
f 2212/2412/3104 2209/2529/3104 2207/2415/3104
f 2210/2417/3105 2206/2433/3105 2211/2418/3105
f 2231/2421/3106 2229/2530/3106 2248/2531/3106
f 2231/2421/3106 2248/2531/3106 2228/2422/3106
f 2249/2424/3106 2229/2530/3106 2231/2421/3106
f 2251/2532/3106 2252/2533/3106 2225/2534/3106 2230/2420/3106 2228/2422/3106
f 2232/2425/3106 2227/2535/3106 2253/2522/3106
f 2250/2423/3106 2232/2425/3106 2253/2522/3106
f 2255/2428/3106 2230/2420/3106 2254/2523/3106
f 2230/2420/3106 2225/2534/3106 2254/2523/3106
f 2227/2535/3106 2232/2425/3106 2256/2538/3106
f 2232/2425/3106 2257/2521/3106 2256/2538/3106
f 2205/2426/3106 2230/2420/3106 2223/2427/3106
f 2230/2420/3106 2255/2428/3106 2223/2427/3106
f 2245/2429/3106 2224/2539/3106 2223/2427/3106
f 2246/2518/3106 2247/2520/3106 2257/2521/3106 2223/2427/3106 2224/2539/3106
f 2232/2425/3106 2207/2430/3106 2223/2427/3106 2257/2521/3106
f 2222/2540/3103 2219/2510/3103 2215/2432/3103 2210/2431/3103
f 2221/2411/3103 2238/2511/3103 2222/2540/3103 2209/2414/3103
f 2222/2540/3103 2220/2475/3103 2236/2508/3103
f 2236/2508/3103 2219/2510/3103 2222/2540/3103
f 2237/2512/3103 2220/2475/3103 2222/2540/3103
f 2222/2540/3103 2238/2511/3103 2237/2512/3103
f 2216/2541/3103 2215/2432/3103 2239/2514/3103
f 2215/2432/3103 2219/2510/3103 2239/2514/3103
f 2221/2411/3103 2218/2542/3103 2240/2515/3103
f 2238/2511/3103 2221/2411/3103 2240/2515/3103
f 2215/2432/3103 2216/2541/3103 2241/2516/3103
f 2241/2516/3103 2242/2517/3103 2215/2432/3103
f 2218/2542/3103 2221/2411/3103 2243/2543/3103
f 2221/2411/3103 2244/2507/3103 2243/2543/3103
f 2215/2432/3103 2242/2517/3103 2213/2413/3103
f 2233/2544/3103 2234/2545/3103 2214/2546/3103 2213/2413/3103 2242/2517/3103
f 2213/2413/3103 2214/2546/3103 2235/2506/3103
f 2235/2506/3103 2244/2507/3103 2213/2413/3103
f 2213/2413/3103 2244/2507/3103 2221/2411/3103
f 2215/2432/3103 2213/2413/3103 2206/2433/3103
f 2210/2431/3103 2209/2414/3103 2222/2540/3103
f 2211/2418/3106 2208/2416/3106 2231/2421/3106
f 2206/2433/3107 2212/2412/3107 2208/2416/3107
f 2209/2434/3108 2210/2417/3108 2205/2419/3108
f 2303/2553/3163 2300/2554/3163 2287/2555/3163 2288/2417/3163
f 2295/2556/3164 2292/2460/3164 2290/2418/3164 2291/2433/3164
f 2307/2487/3165 2304/2451/3165 2297/2450/3165 2289/2557/3165
f 2298/2558/3166 2316/2479/3166 2307/2487/3166 2289/2557/3166
f 2318/2455/3167 2316/2479/3167 2298/2558/3167 2299/2453/3167
f 2296/2456/3168 2320/2457/3168 2301/2472/3168 2286/2430/3168
f 2288/2417/3169 2287/2555/3169 2293/2462/3169 2294/2461/3169
f 2296/2456/3170 2297/2450/3170 2329/2452/3170
f 2297/2459/3171 2298/2458/3171 2289/2557/3171
f 2296/2449/3172 2299/2448/3172 2298/2458/3172
f 2292/2460/3173 2295/2556/3173 2294/2461/3173
f 2330/2489/3103 2325/2463/3103 2329/2452/3103
f 2326/2530/3103 2329/2452/3103 2347/2464/3103
f 2329/2452/3103 2326/2530/3103 2348/2559/3103 2349/2560/3103 2327/2466/3103
f 2351/2561/3103 2350/2562/3103 2325/2463/3103 2330/2489/3103 2319/2469/3103 2322/2534/3103
f 2352/2563/3103 2324/2535/3103 2328/2465/3103
f 2327/2466/3103 2352/2563/3103 2328/2465/3103
f 2353/2564/3103 2322/2534/3103 2319/2469/3103
f 2354/2524/3103 2353/2564/3103 2319/2469/3103
f 2328/2465/3103 2324/2535/3103 2355/2467/3103
f 2320/2457/3103 2329/2452/3103 2328/2465/3103
f 2319/2469/3174 2330/2489/3174 2292/2470/3174
f 2345/2565/3103 2344/2566/3103 2354/2524/3103 2319/2469/3103 2321/2539/3103
f 2328/2465/3103 2356/2468/3103 2319/2469/3103 2320/2457/3103
f 2321/2539/3103 2319/2469/3103 2346/2519/3103
f 2319/2469/3103 2356/2468/3103 2346/2519/3103
f 2293/2471/3175 2287/2426/3175 2300/2473/3175 2319/2469/3175
f 2301/2472/3176 2320/2457/3176 2319/2469/3176
f 2334/2509/3106 2335/2567/3106 2314/2475/3106 2317/2474/3106 2313/2568/3106
f 2308/2481/3106 2310/2541/3106 2338/2513/3106 2313/2568/3106 2317/2474/3106
f 2339/2480/3106 2312/2542/3106 2316/2479/3106
f 2340/2483/3106 2310/2541/3106 2308/2481/3106
f 2316/2479/3106 2312/2542/3106 2342/2569/3106
f 2342/2569/3106 2343/2484/3106 2316/2479/3106
f 2308/2481/3177 2317/2474/3177 2294/2485/3177
f 2332/2570/3106 2331/2571/3106 2341/2482/3106 2308/2481/3106 2309/2546/3106
f 2295/2486/3178 2291/2433/3178 2306/2488/3178 2308/2481/3178
f 2309/2546/3106 2308/2481/3106 2333/2572/3106
f 2308/2481/3106 2343/2484/3106 2333/2572/3106
f 2303/2573/3179 2288/2431/3179 2294/2485/3179 2317/2474/3179
f 2307/2487/3180 2316/2479/3180 2308/2481/3180
f 2305/2574/3181 2290/2418/3181 2292/2470/3181 2330/2489/3181
f 2317/2474/3182 2302/2454/3182 2303/2573/3182
f 2291/2433/3183 2290/2418/3183 2305/2574/3183 2306/2488/3183
f 2330/2489/3184 2304/2451/3184 2305/2574/3184
f 2306/2488/3185 2305/2574/3185 2304/2451/3185 2307/2487/3185
f 2299/2575/3186 2286/2576/3186 2301/2577/3186 2302/2578/3186
f 2302/2578/3187 2301/2577/3187 2300/2554/3187 2303/2553/3187
f 2309/2546/3188 2214/2546/3188 2234/2545/3188 2332/2570/3188
f 2335/2567/3189 2236/2508/3189 2220/2475/3189 2314/2475/3189
f 2321/2539/3190 2224/2539/3190 2245/2429/3190 2345/2565/3190
f 2238/2511/3191 2315/2478/3191 2337/2477/3191
f 2347/2464/3192 2248/2531/3192 2229/2530/3192 2326/2530/3192
f 2322/2534/3193 2225/2534/3193 2252/2533/3193 2351/2561/3193
f 2250/2423/3194 2327/2466/3194 2349/2560/3194
f 2352/2563/3195 2253/2522/3195 2227/2535/3195 2324/2535/3195
f 2310/2541/3196 2216/2541/3196 2239/2514/3196 2338/2513/3196
f 2339/2480/3197 2240/2515/3197 2218/2542/3197 2312/2542/3197
f 2331/2571/3198 2233/2544/3198 2242/2517/3198 2341/2482/3198
f 2332/2570/3199 2234/2545/3199 2233/2544/3199 2331/2571/3199
f 2333/2572/3200 2235/2506/3200 2214/2546/3200 2309/2546/3200
f 2314/2475/3201 2220/2475/3201 2237/2512/3201 2336/2476/3201
f 2235/2506/3202 2333/2572/3202 2343/2484/3202
f 2219/2510/3203 2334/2509/3203 2313/2568/3203
f 2236/2508/3204 2335/2567/3204 2334/2509/3204
f 2340/2483/3205 2241/2516/3205 2216/2541/3205 2310/2541/3205
f 2237/2512/3206 2337/2477/3206 2336/2476/3206
f 2219/2510/3207 2313/2568/3207 2338/2513/3207
f 2240/2515/3208 2339/2480/3208 2315/2478/3208
f 2312/2542/3209 2218/2542/3209 2243/2543/3209 2342/2569/3209
f 2242/2517/3210 2340/2483/3210 2341/2482/3210
f 2342/2569/3211 2243/2543/3211 2244/2507/3211 2343/2484/3211
f 2345/2565/3212 2245/2429/3212 2255/2428/3212 2344/2566/3212
f 2255/2428/3213 2354/2524/3213 2344/2566/3213
f 2346/2519/3214 2246/2518/3214 2224/2539/3214 2321/2539/3214
f 2325/2463/3215 2228/2422/3215 2248/2531/3215 2347/2464/3215
f 2247/2520/3216 2346/2519/3216 2356/2468/3216
f 2326/2530/3217 2229/2530/3217 2249/2424/3217 2348/2559/3217
f 2348/2559/3218 2249/2424/3218 2250/2423/3218 2349/2560/3218
f 2350/2562/3219 2251/2532/3219 2228/2422/3219 2325/2463/3219
f 2351/2561/3220 2252/2533/3220 2251/2532/3220 2350/2562/3220
f 2353/2564/3221 2254/2523/3221 2225/2534/3221 2322/2534/3221
f 2253/2522/3222 2352/2563/3222 2327/2466/3222
f 2324/2535/3223 2227/2535/3223 2256/2538/3223 2355/2467/3223
f 2254/2523/3224 2353/2564/3224 2354/2524/3224
f 2355/2467/3225 2256/2538/3225 2257/2521/3225 2356/2468/3225
l 2216 2217
l 2217 2218
l 2225 2226
l 2226 2227
l 2229 2226
l 2226 2224
l 2220 2217
l 2217 2214
l 2310 2311
l 2311 2312
l 2322 2323
l 2323 2324
l 2326 2323
l 2323 2321
l 2314 2311
l 2311 2309
o Rope06
v 1.988291 -0.191912 0.314818
v 1.994307 -0.197842 0.316214
v 2.003276 -0.193379 0.315176
v 2.002666 -0.186674 0.313683
v 1.997839 -0.183183 0.312962
v 1.990972 -0.184685 0.313231
v 1.987707 0.161792 0.389559
v 1.988804 0.101775 0.472067
v 1.988622 0.015977 0.508337
v 1.988024 -0.041656 -0.038129
v 1.989030 0.125413 0.451556
v 1.989039 0.029506 0.506696
v 1.988305 -0.017010 0.506782
v 1.988001 -0.177636 0.357609
v 1.988515 -0.145390 0.424652
v 1.988389 0.059264 0.496124
v 1.989328 0.185832 0.347225
v 1.988443 0.195395 0.304454
v 1.988619 0.203149 0.240424
v 1.987894 0.195656 0.166946
v 1.988277 0.166802 0.070887
v 1.988344 0.103120 -0.009555
v 1.989989 0.078253 -0.029369
v 1.988957 0.031491 -0.046349
v 1.987874 0.009545 -0.045016
v 1.988146 -0.162305 0.073633
v 1.988393 -0.202272 0.221985
v 1.989722 -0.199051 0.298615
v 1.988124 -0.192971 0.307933
v 1.988547 -0.176374 0.368699
v 1.988817 -0.097188 0.476071
v 1.988371 -0.047455 0.500482
v 1.988687 0.139666 0.433249
v 1.988790 -0.097038 0.475506
v 1.989881 -0.053822 0.500075
v 1.990317 0.189261 0.120355
v 1.990807 -0.028311 -0.048476
v 1.988646 -0.134313 0.020080
v 1.989987 -0.172272 0.076857
v 1.988899 -0.191691 0.132250
v 1.990435 0.072709 0.493133
v 1.990981 -0.182401 0.361759
v 1.992119 -0.126884 0.452935
v 1.990885 0.098239 0.477793
v 1.990706 0.156645 0.412634
v 1.991511 0.204666 0.268335
v 1.990997 0.134644 0.016601
v 1.992969 -0.056737 -0.042256
v 1.991827 -0.206854 0.216924
v 1.989349 -0.135145 0.440398
v 1.992352 -0.028883 0.509513
v 1.992772 0.169240 0.393580
v 1.993873 -0.080539 0.490964
v 1.992743 0.202385 0.167106
v 1.994379 -0.001475 -0.052874
v 1.992517 -0.106003 -0.012283
v 1.992618 0.128010 0.452005
v 1.993053 -0.152152 0.422329
v 1.994394 0.200664 0.303168
v 1.993734 -0.083697 -0.029296
v 1.995908 -0.206233 0.268820
v 1.995908 -0.148005 0.429329
v 1.996309 -0.105476 0.473927
v 1.995908 -0.055292 0.502784
v 1.994266 0.179028 0.373264
v 1.995908 0.192148 0.338480
v 1.995654 0.170939 0.068041
v 1.997046 0.091358 -0.024688
v 1.995908 -0.201427 0.158101
v 1.994543 -0.080835 0.490591
v 1.995908 0.029186 0.510116
v 1.997380 0.148290 0.428643
v 1.999044 -0.191039 0.340435
v 1.999043 -0.178881 0.373341
v 1.995064 -0.000544 0.513013
v 1.995908 0.057227 0.501977
v 1.999043 0.147782 0.428453
v 1.995866 0.056806 -0.042357
v 1.994797 -0.195921 0.326212
v 1.992328 -0.164847 0.400956
v 1.997809 -0.115110 0.465509
v 1.997451 0.082088 0.489804
v 1.999370 0.114277 0.465646
v 1.998598 0.120599 0.460328
v 1.995581 0.208145 0.240403
v 1.998935 -0.207237 0.231020
v 2.001010 -0.163899 0.400802
v 2.000097 -0.133151 0.445969
v 1.994312 -0.027150 0.510467
v 1.998779 0.205514 0.192166
v 1.998019 0.194638 0.130031
v 1.999132 0.126127 0.005723
v 1.998766 0.028445 -0.049545
v 2.000608 -0.102668 -0.014505
v 1.999629 -0.126702 0.006196
v 1.995005 -0.154022 0.039767
v 1.996301 -0.184210 0.097639
v 1.999554 -0.205194 0.190669
v 2.000305 -0.190636 0.338613
v 1.995908 -0.178431 0.376083
v 1.995908 -0.054526 0.502931
v 1.995908 0.057001 0.502003
v 1.999461 0.163984 0.402710
v 2.002933 0.175045 0.373742
v 2.002123 0.205064 0.229466
v 2.001500 0.189261 0.120355
v 1.999506 0.151780 0.037242
v 2.000114 -0.164035 0.401427
v 1.999715 -0.009311 0.511906
v 2.004056 0.165457 0.391480
v 2.003544 -0.052798 0.498430
v 2.000696 0.028035 0.508867
v 2.000334 0.073292 0.494220
v 2.003528 0.102771 -0.009730
v 2.000502 -0.020295 -0.050899
v 2.000787 -0.080355 0.488873
v 2.003433 -0.047482 0.500493
v 2.003301 -0.085441 0.482869
v 2.002423 -0.016005 0.508661
v 2.003339 0.091003 0.478592
v 2.001311 0.195601 0.319365
v 2.004110 0.067607 -0.030239
v 2.003628 0.026106 -0.044992
v 2.002708 -0.045203 -0.042373
v 2.000988 -0.155718 0.045636
v 2.003400 -0.176915 0.092720
v 2.002556 -0.194753 0.145198
v 2.002564 -0.198551 0.296696
v 2.003562 0.022195 0.506471
v 2.002984 0.067901 0.493288
v 2.003365 0.198309 0.172508
v 2.003399 -0.078736 -0.026643
v 2.003494 -0.151844 0.416452
v 2.003657 0.129345 0.442973
v 2.003892 0.149782 0.048377
v 2.003890 -0.149172 0.046809
v 2.003458 -0.174868 0.370389
v 2.002778 -0.138571 0.434813
v 2.003617 0.131346 0.441279
v 2.003765 0.035493 0.498233
v 2.003308 0.199553 0.285452
v 2.003648 0.174737 0.090534
v 2.002578 -0.023214 -0.038087
v 2.003563 -0.099055 0.472162
v 2.002545 -0.148096 0.407689
v 2.002410 -0.102408 0.460705
v 2.001794 0.077042 0.477192
v 2.002483 0.162585 0.381487
v 2.003345 0.193951 0.287738
v 2.002803 0.193235 0.178620
v 2.002877 -0.153283 0.398843
v 2.002404 -0.066287 0.485024
v 2.002765 -0.026704 0.498713
v 1.999537 -0.165211 0.367220
v 2.000697 -0.067018 0.481773
v 2.002511 -0.011910 0.501115
v 2.001924 0.127361 0.435020
v 2.000982 0.182672 0.321678
v 2.000460 0.191273 0.267512
v 2.000495 0.193567 0.217706
v 2.001308 0.179106 0.126410
v 2.001465 0.163178 0.082669
v 2.002076 0.111474 0.007694
v 2.000700 0.027607 -0.035587
v 2.000708 0.002220 -0.038217
v 2.000589 -0.050157 -0.029049
v 2.001578 -0.077111 -0.016702
v 2.003391 -0.186012 0.135308
v 2.001917 -0.194988 0.229684
v 2.003615 -0.201671 0.227078
v 2.000047 -0.185137 0.304577
v 2.002286 -0.177097 0.345461
v 2.001004 -0.098169 0.461491
v 2.002236 0.014709 0.499851
v 2.002332 0.064342 0.486163
v 2.001106 0.097046 0.462689
v 2.002309 0.124608 0.438507
v 1.997577 -0.117004 0.440848
v 2.000299 0.096149 0.462743
v 2.000215 0.066274 -0.022462
v 2.002477 -0.106938 0.002775
v 2.001254 -0.157634 0.072393
v 2.002218 -0.190829 0.170594
v 1.999124 0.156212 0.386753
v 1.999186 0.136594 0.041333
v 1.999130 -0.135420 0.039725
v 1.998936 -0.176743 0.123667
v 1.997503 -0.190374 0.264732
v 2.001315 -0.130320 0.429756
v 1.997448 0.000076 0.497215
v 1.996067 0.040217 0.491167
v 1.996697 0.096703 -0.000377
v 1.997901 -0.190249 0.190878
v 1.995908 -0.164764 0.366410
v 1.995908 -0.025978 0.494303
v 1.997317 0.012513 0.496685
v 1.995289 0.140605 0.411809
v 1.996474 -0.141528 0.410492
v 1.995908 -0.096104 0.461149
v 1.995120 0.115841 0.442706
v 1.995121 0.142269 0.409885
v 1.994757 0.165802 0.363879
v 1.995437 0.180622 0.322235
v 1.995908 0.165754 0.095275
v 1.994310 0.116905 0.018605
v 1.995134 -0.191946 0.229134
v 1.995908 -0.176977 0.333661
v 1.995102 -0.073017 0.476367
v 1.995908 -0.051283 0.487230
v 1.995550 0.048515 0.488215
v 1.995121 0.073428 0.476634
v 1.993718 0.146569 0.056633
v 1.994502 0.074772 -0.016020
v 1.994239 -0.024759 -0.034933
v 1.996101 -0.103422 0.004824
v 1.996716 -0.151066 0.395012
v 1.996599 -0.039955 0.491744
v 1.993660 0.084343 0.471004
v 1.993160 0.192681 0.219516
v 1.991354 0.052001 -0.028218
v 1.992865 0.017845 -0.037040
v 1.994815 -0.152118 0.067178
v 1.994870 0.109882 0.449208
v 1.989968 0.193524 0.258688
v 1.996977 0.183588 0.150215
v 1.990705 -0.051208 -0.029340
v 1.990120 -0.125196 0.023931
v 1.993727 -0.170676 0.106210
v 1.994143 -0.187152 0.166917
v 1.994609 -0.108563 0.450930
v 1.991104 -0.166701 0.367066
v 1.989730 0.000177 0.499830
v 1.991904 -0.082272 -0.013110
v 1.989891 -0.153357 0.396042
v 1.989344 0.009527 0.500443
v 1.990364 0.034296 0.495734
v 1.989594 -0.088812 0.470933
v 1.990626 -0.041917 0.493310
v 1.989822 0.039026 0.494513
v 1.989894 0.183289 0.323253
v 1.990957 0.185182 0.149617
v 1.991461 -0.131710 0.426161
v 1.989395 -0.130121 0.432594
v 1.989038 0.086208 0.474313
v 1.989426 0.128353 0.434717
v 1.989532 0.164473 0.083083
v 1.989679 0.088458 -0.011620
v 1.989062 -0.191652 0.169476
v 1.989135 -0.196132 0.229749
v 1.990616 -0.189782 0.287031
v 1.989530 -0.177097 0.345461
v 1.989293 -0.038268 0.496412
v 1.989037 0.087295 0.473660
v 1.989042 0.126053 0.438129
v 1.988643 -0.155687 0.396118
v 1.987972 0.159525 0.394166
v 1.988778 0.132342 0.028116
v 1.989141 -0.174099 0.104261
v 1.988710 -0.091225 0.471636
v 1.987884 -0.093913 -0.013623
vn -0.9997 -0.0220 0.0113
vn -0.9980 -0.0428 -0.0468
vn -0.9981 -0.0225 -0.0581
vn -0.9788 0.1993 -0.0476
vn -0.9896 0.1429 -0.0186
vn -0.9965 0.0840 0.0043
vn -0.9942 -0.0994 -0.0408
vn -0.9995 -0.0154 -0.0262
vn -0.9863 0.0153 -0.1644
vn -0.9962 0.0657 -0.0571
vn -0.9842 0.1230 -0.1274
vn -0.9968 0.0736 -0.0310
vn -0.9940 0.0205 -0.1077
vn -0.9936 0.0565 -0.0974
vn -0.5539 0.6708 -0.4933
vn -0.9159 -0.2004 0.3478
vn -0.9905 -0.1030 0.0914
vn -0.9846 -0.1596 0.0708
vn -0.8605 -0.4889 0.1434
vn -0.9973 -0.0243 0.0695
vn -0.4450 0.3936 -0.8044
vn -0.9230 0.3656 -0.1199
vn -0.8009 0.2527 0.5429
vn -0.7211 -0.2030 0.6625
vn -0.7649 -0.5136 0.3887
vn -0.4194 -0.7812 0.4624
vn -0.3950 -0.9186 -0.0124
vn -0.1723 0.7305 -0.6608
vn -0.5839 0.7824 0.2164
vn -0.5631 0.6728 0.4800
vn 0.0475 0.6515 0.7572
vn -0.5120 0.0259 0.8586
vn -0.5337 -0.6796 -0.5033
vn -0.6332 -0.3135 -0.7077
vn -0.4751 -0.7124 -0.5165
vn -0.5650 -0.2151 -0.7965
vn -0.3180 0.4333 -0.8433
vn -0.3910 0.8979 -0.2022
vn -0.0468 0.9981 -0.0410
vn -0.6498 0.6933 0.3115
vn -0.2966 -0.6723 0.6782
vn -0.4578 -0.8352 -0.3047
vn -0.6394 -0.5989 -0.4822
vn -0.3257 0.6452 -0.6911
vn -0.6582 0.6838 -0.3150
vn -0.4470 0.0715 -0.8916
vn -0.2693 0.9569 -0.1086
vn -0.3163 0.1350 -0.9390
vn -0.3547 0.4090 -0.8408
vn -0.3721 0.6679 0.6446
vn -0.0514 0.2132 0.9757
vn -0.0463 -0.9797 -0.1949
vn -0.4449 -0.1484 -0.8832
vn -0.4306 0.5682 -0.7013
vn 0.4459 -0.5362 -0.7167
vn 0.3775 0.5354 -0.7555
vn -0.0559 -0.1029 0.9931
vn 0.2316 -0.4840 0.8439
vn 0.1087 -0.9930 -0.0457
vn 0.3200 -0.3793 -0.8682
vn 0.3023 0.9186 0.2546
vn 0.3487 0.0304 0.9367
vn 0.0470 -0.5832 0.8110
vn 0.4703 -0.8008 0.3709
vn 0.2369 -0.6466 -0.7252
vn 0.5653 -0.3397 -0.7517
vn 0.5616 0.3532 -0.7483
vn 0.5141 0.7678 -0.3823
vn 0.3840 0.9018 -0.1984
vn 0.4035 0.9123 0.0696
vn 0.2603 0.8062 0.5313
vn 0.2992 -0.7520 0.5873
vn 0.3247 -0.8883 0.3246
vn 0.5209 -0.6649 -0.5354
vn 0.2904 -0.6439 -0.7079
vn 0.5473 0.6052 -0.5781
vn 0.6105 0.7122 -0.3466
vn 0.5408 0.2705 -0.7965
vn 0.3938 0.5346 -0.7477
vn 0.4982 0.4846 0.7190
vn 0.7807 -0.6228 0.0514
vn 0.9730 0.2103 0.0949
vn 0.6744 0.6814 0.2844
vn 0.7504 0.4889 0.4448
vn 0.8706 -0.4343 0.2313
vn 0.9004 -0.3445 -0.2658
vn 0.8738 -0.2943 0.3872
vn 0.3638 0.7061 -0.6076
vn 0.9830 -0.1436 -0.1148
vn 0.5719 -0.4641 -0.6764
vn 0.9879 -0.0431 -0.1493
vn 0.9761 0.0184 -0.2165
vn 0.9531 0.2171 -0.2106
vn 0.0428 0.8031 -0.5944
vn 0.9966 -0.0718 -0.0405
vn 0.4988 0.8520 -0.1588
vn 0.9710 0.2383 0.0217
vn 0.9786 0.1324 0.1576
vn 0.8183 0.1276 0.5605
vn 0.9529 -0.0310 0.3016
vn 0.9420 -0.1221 0.3127
vn 0.9383 -0.2717 0.2139
vn 0.9354 -0.3020 0.1842
vn 0.9650 -0.2454 0.0928
vn 0.8399 -0.5295 0.1193
vn 0.7270 -0.6862 -0.0258
vn 0.7794 -0.6258 -0.0283
vn 0.9732 -0.1491 -0.1749
vn 0.9791 0.0379 -0.1997
vn 0.9567 0.1194 -0.2655
vn 0.9816 0.1305 -0.1394
vn 0.6609 0.7091 -0.2457
vn 0.9838 -0.1518 -0.0953
vn 0.9963 -0.0119 -0.0851
vn 0.6862 0.7173 0.1207
vn 0.9957 -0.0719 -0.0579
vn 0.9901 -0.0997 -0.0984
vn 0.9645 -0.0815 -0.2513
vn -0.9256 0.0015 -0.3786
vn 0.9682 0.1782 -0.1754
vn 0.9938 0.0854 -0.0711
vn 0.9959 0.0826 -0.0360
vn 0.9986 0.0505 -0.0179
vn 0.9919 -0.1246 -0.0264
vn 0.9967 -0.0099 0.0810
vn 0.9418 0.3238 -0.0899
vn 0.9429 0.3199 0.0928
vn 0.9276 0.1217 0.3531
vn 0.9531 0.0360 0.3004
vn 0.8938 0.2790 0.3512
vn 0.8873 -0.4421 0.1313
vn 0.8773 -0.4772 -0.0517
vn 0.8942 -0.3453 -0.2849
vn 0.8578 0.4444 -0.2581
vn 0.5866 0.6117 0.5307
vn 0.7577 -0.6522 -0.0214
vn 0.6085 0.7804 -0.1440
vn 0.7594 0.6478 -0.0603
vn 0.3805 -0.7608 0.5256
vn 0.7465 -0.4649 0.4761
vn 0.4536 -0.6711 0.5864
vn 0.5564 -0.6815 0.4754
vn 0.5876 -0.7465 0.3121
vn 0.6140 -0.7862 0.0700
vn 0.6057 -0.7563 -0.2473
vn 0.6021 0.3471 -0.7190
vn 0.7291 0.3538 -0.5859
vn 0.5641 0.7576 -0.3284
vn 0.3040 0.9440 0.1279
vn 0.6622 -0.4858 0.5705
vn 0.5480 -0.3176 0.7738
vn 0.3430 -0.9233 0.1725
vn 0.5279 -0.7640 -0.3710
vn 0.3219 -0.2810 -0.9041
vn 0.4161 0.0400 -0.9084
vn 0.5524 0.5298 -0.6436
vn 0.5110 0.8090 0.2906
vn 0.4708 0.2751 0.8383
vn 0.4091 -0.4871 0.7716
vn 0.3580 0.8215 0.4438
vn 0.2471 -0.2086 0.9463
vn 0.2601 -0.5540 0.7909
vn 0.3409 -0.7516 -0.5647
vn 0.1782 0.9583 0.2235
vn 0.3710 0.8518 0.3698
vn 0.0615 -0.8722 0.4852
vn 0.2113 0.9623 -0.1710
vn -0.0511 -0.7709 0.6349
vn -0.0001 -0.8778 0.4790
vn 0.0451 -0.9977 -0.0498
vn 0.0322 -0.6073 -0.7939
vn -0.1262 -0.1441 -0.9815
vn -0.2415 0.2151 -0.9462
vn -0.0420 0.9922 0.1175
vn 0.1361 0.5803 0.8030
vn -0.1592 0.1724 0.9721
vn -0.1688 0.4394 0.8823
vn -0.3075 -0.0006 0.9515
vn -0.4621 -0.6108 0.6430
vn -0.2757 -0.7040 0.6545
vn -0.3058 -0.9381 0.1626
vn -0.3063 0.7907 -0.5302
vn -0.3367 0.9110 -0.2383
vn -0.1072 0.8422 0.5283
vn -0.3170 0.7463 0.5852
vn -0.2283 0.4736 0.8506
vn -0.4884 -0.5603 0.6689
vn -0.0880 -0.9344 0.3452
vn -0.2017 -0.9320 0.3012
vn -0.4313 0.7230 0.5397
vn -0.5565 -0.3290 0.7629
vn -0.3351 -0.6889 -0.6427
vn -0.3849 0.6083 -0.6941
vn -0.5549 0.7659 -0.3248
vn -0.4188 0.8560 0.3031
vn -0.5448 0.2702 0.7939
vn -0.5449 -0.6891 0.4778
vn -0.5185 -0.8032 0.2932
vn -0.7076 -0.6757 0.2068
vn -0.6238 -0.7794 0.0584
vn -0.6077 0.2829 -0.7421
vn -0.5829 0.8124 0.0162
vn -0.6296 0.7553 0.1819
vn -0.7047 0.6423 0.3015
vn -0.6938 0.0123 0.7201
vn -0.5936 -0.0600 0.8025
vn -0.7297 -0.6014 0.3253
vn -0.7748 0.4513 0.4428
vn -0.7760 -0.3552 -0.5212
vn -0.7708 -0.0007 -0.6370
vn -0.8096 0.5847 -0.0516
vn -0.6958 -0.1574 0.7008
vn -0.8581 0.4500 0.2472
vn -0.8336 -0.5480 -0.0693
vn -0.8781 -0.1651 -0.4490
vn -0.8536 0.5174 0.0603
vn -0.9428 0.2787 0.1830
vn -0.8896 -0.4351 0.1391
vn -0.9680 -0.2187 -0.1233
vn -0.9487 -0.0449 -0.3130
vn -0.9556 0.2812 -0.0883
vn -0.9503 0.1802 0.2539
vn -0.9822 -0.0735 0.1729
vn -0.9999 -0.0126 0.0074
vn -0.9549 -0.2954 0.0290
vn -0.9756 0.0936 -0.1985
vn -0.9941 0.1008 -0.0408
vn 0.0018 -0.2173 -0.9761
vn -0.0000 0.4642 -0.8857
vn -0.9393 0.3234 -0.1143
vn -0.9911 0.0168 -0.1323
vn -0.9997 -0.0177 -0.0142
vn -0.3357 -0.3799 -0.8619
vn -0.9927 0.1120 -0.0455
vn -0.9941 0.1083 0.0092
vn -0.9998 0.0207 0.0044
vn -0.9815 0.1658 0.0957
vn -0.9891 0.1342 0.0609
vn -0.9849 0.0995 0.1415
vn -0.7107 -0.5519 0.4363
vn -0.9903 -0.1138 0.0801
vn -0.9947 -0.1012 0.0201
vn -0.9925 -0.0613 -0.1053
vn -0.9918 -0.0613 -0.1117
vn -0.9975 -0.0072 -0.0697
vn -0.9934 0.0366 -0.1090
vn -0.8982 -0.1880 -0.3975
vn -0.9989 -0.0379 -0.0267
vn -0.8756 0.4821 -0.0308
vn -0.8213 0.2440 0.5157
vn -0.9960 0.0535 0.0712
vn -0.9695 -0.1185 0.2145
vn -0.9794 -0.1994 -0.0327
vn -0.9883 -0.1511 -0.0210
vn -0.9392 -0.3171 -0.1317
vn -0.9924 -0.0618 -0.1059
vn -0.9831 0.0074 -0.1831
vn -0.9622 0.2619 -0.0747
vn -0.8562 0.4549 -0.2450
vn -0.4837 0.3753 -0.7907
vn -0.6391 0.7429 0.1992
vn -0.9048 0.2992 0.3031
vn -0.8739 0.0623 0.4821
vn -0.5327 -0.5740 0.6219
vn -0.9201 -0.3854 0.0704
vn -0.5222 -0.8043 -0.2837
vn -0.4895 -0.7087 -0.5080
vn -0.6738 -0.5673 -0.4735
vn -0.4281 -0.6107 -0.6662
vn -0.7040 -0.4301 -0.5652
vn -0.6039 0.7944 0.0654
vn -0.4288 0.0764 -0.9001
vn -0.7367 0.4002 -0.5450
vn -0.3420 0.8516 -0.3973
vn -0.5758 0.8141 -0.0754
vn -0.5122 -0.5752 -0.6378
vn -0.7181 0.6414 0.2703
vn -0.8428 0.2168 0.4926
vn -0.7609 -0.5801 -0.2907
vn -0.3241 -0.8998 0.2921
vn -0.3332 0.6423 -0.6903
vn -0.6281 0.2095 -0.7494
vn -0.5532 0.7805 -0.2911
vn -0.3666 -0.3994 0.8403
vn -0.5915 -0.4282 0.6833
vn -0.5934 -0.7070 0.3847
vn -0.1849 0.9335 -0.3074
vn -0.4501 -0.8819 -0.1403
vn -0.3715 -0.4025 -0.8366
vn -0.2939 0.1402 -0.9455
vn -0.5424 0.6630 -0.5159
vn -0.4075 0.7517 -0.5185
vn -0.3717 -0.1586 -0.9147
vn -0.3402 0.7719 -0.5371
vn -0.3454 0.8502 -0.3974
vn 0.3466 0.9356 0.0666
vn -0.3197 -0.1277 -0.9389
vn -0.1438 0.8638 -0.4829
vn 0.0109 0.4422 0.8969
vn 0.0225 0.9634 -0.2671
vn 0.2446 0.9362 0.2524
vn -0.0409 -0.9910 0.1278
vn 0.2564 0.0560 0.9649
vn 0.2826 -0.7542 0.5927
vn 0.0019 -0.2885 0.9575
vn -0.2128 -0.9771 0.0037
vn 0.1784 0.3638 -0.9142
vn 0.1495 0.7129 -0.6852
vn 0.0688 0.8525 -0.5181
vn 0.0457 0.8503 0.5244
vn -0.0562 0.6392 0.7670
vn 0.2925 0.2847 0.9129
vn 0.4217 -0.2194 -0.8798
vn 0.5428 -0.8019 0.2497
vn 0.2730 -0.6499 -0.7093
vn 0.0703 -0.5982 -0.7983
vn 0.3920 0.9182 0.0572
vn 0.3828 0.8301 0.4054
vn -0.0180 -0.8405 0.5415
vn 0.3295 -0.9320 -0.1512
vn 0.5327 -0.6568 -0.5336
vn 0.3374 -0.5405 -0.7707
vn 0.3203 -0.8950 -0.3105
vn 0.2827 0.2582 -0.9238
vn 0.0331 0.7023 -0.7111
vn 0.5462 0.6854 -0.4815
vn 0.5532 0.7805 -0.2911
vn 0.4128 0.9083 -0.0676
vn -0.0684 0.9359 0.3457
vn 0.5321 0.6466 0.5466
vn 0.5289 -0.5471 0.6488
vn 0.5380 0.0312 -0.8424
vn 0.5610 -0.7352 -0.3805
vn 0.1894 -0.8212 -0.5383
vn 0.4916 -0.3748 -0.7861
vn 0.7191 0.0791 -0.6904
vn 0.4131 0.4805 -0.7736
vn 0.5903 0.7605 -0.2704
vn 0.0486 -0.8511 -0.5227
vn 0.5861 -0.0814 -0.8061
vn 0.3810 0.8428 -0.3802
vn 0.4291 0.9009 0.0656
vn 0.2950 -0.5387 0.7892
vn 0.3540 -0.9053 0.2349
vn 0.9944 0.1058 -0.0007
vn -0.0890 0.3325 -0.9389
vn 0.4721 0.6772 -0.5643
vn 0.5916 0.7936 -0.1421
vn 0.8417 0.5306 0.1004
vn 0.8770 0.4220 0.2299
vn 0.8951 -0.1332 0.4255
vn 0.7469 -0.5005 0.4379
vn 0.9071 -0.4143 -0.0745
vn -0.6138 -0.5062 -0.6058
vn 0.9952 0.0238 -0.0951
vn 0.9675 0.1214 -0.2220
vn 0.9893 0.1425 0.0307
vn 0.9284 0.3135 0.1994
vn 0.9807 0.1100 0.1617
vn 0.8164 0.0630 0.5740
vn 0.9934 -0.0450 0.1053
vn 0.9975 -0.0392 0.0592
vn 0.9958 0.0403 0.0827
vn 0.8067 -0.5538 -0.2062
vn 0.9590 -0.2414 -0.1488
vn 0.9951 0.0397 -0.0908
vn 0.9963 -0.0600 -0.0611
vn 0.9808 0.0148 -0.1943
vn 0.9723 0.1143 -0.2037
vn 0.9934 0.1002 -0.0557
vn 0.0054 0.7218 0.6921
vn 0.9965 -0.0789 0.0261
vn 0.9992 -0.0404 -0.0070
vn 0.9992 -0.0366 0.0177
vn 0.9950 -0.0980 0.0194
vn 0.9924 -0.1209 -0.0231
vn 0.9997 0.0102 -0.0221
vn 0.9479 -0.2272 -0.2231
vn 0.8855 0.3573 -0.2970
vn 0.9488 -0.0238 -0.3150
vn 0.9413 0.1190 0.3159
vn 0.9932 -0.0022 0.1168
vn 0.9059 -0.0379 0.4218
vn 0.9007 -0.2074 0.3817
vn 0.8852 -0.4013 0.2354
vn 0.9072 -0.3644 -0.2105
vn 0.8664 0.4196 0.2707
vn 0.8834 -0.4355 0.1728
vn 0.9170 -0.2807 0.2833
vn 0.9245 -0.3584 0.1294
vn 0.7025 0.2353 -0.6717
vn 0.7310 0.5599 0.3900
vn 0.7785 -0.6264 0.0398
vn 0.6872 0.7112 -0.1480
vn 0.8070 0.3983 0.4360
vn 0.6799 0.4138 0.6054
vn 0.6027 -0.4801 0.6374
vn 0.5915 -0.7393 0.3218
vn 0.5327 -0.8318 -0.1558
vn 0.6942 0.0447 -0.7184
vn 0.5893 0.2291 0.7747
vn 0.6443 0.6830 -0.3443
vn 0.5218 0.8500 0.0726
vn 0.6880 0.5474 0.4764
vn 0.5418 0.5025 0.6737
vn 0.5353 0.0171 0.8445
vn 0.4368 0.3715 0.8193
vn 0.4290 -0.3786 -0.8201
vn 0.4933 0.0890 0.8653
vn 0.4734 -0.2097 0.8555
vn 0.4224 -0.8862 0.1901
vn 0.4026 -0.8810 -0.2483
vn 0.4426 -0.4461 -0.7779
vn 0.5081 -0.2092 0.8355
vn 0.3440 -0.0991 0.9337
vn -0.2826 0.5706 0.7711
vn 0.5482 -0.3632 0.7534
vn 0.4646 -0.4059 0.7870
vn 0.4545 -0.8767 0.1574
vn 0.2705 -0.4203 0.8661
vn 0.2022 -0.8664 -0.4565
vn 0.3752 0.8610 -0.3435
vn 0.3927 0.9194 -0.0241
vn 0.3952 0.9112 0.1161
vn 0.3766 0.8607 0.3424
vn 0.1454 0.7323 0.6653
vn 0.0593 -0.8617 0.5040
vn 0.1667 -0.9316 0.3230
vn 0.0617 -0.6528 -0.7550
vn 0.0631 -0.7050 0.7064
vn 0.3035 -0.7848 0.5404
vn -0.0915 -0.9956 0.0191
vn -0.1273 -0.9868 -0.0999
vn -0.0632 -0.2179 -0.9739
vn -0.2655 0.1450 -0.9531
vn -0.2615 0.4465 -0.8557
vn -0.0315 0.7754 -0.6307
vn -0.2226 0.9726 -0.0678
vn -0.2053 0.7461 0.6334
vn -0.3100 0.6493 0.6944
vn -0.1544 0.2029 0.9669
vn -0.2677 0.6095 0.7462
vn -0.5980 0.2250 0.7693
vn -0.2683 0.0182 0.9632
vn -0.2681 -0.5854 0.7651
vn -0.3031 -0.9160 -0.2628
vn -0.1643 -0.8761 -0.4533
vn -0.2932 -0.7213 -0.6274
vn -0.2829 0.6410 -0.7135
vn -0.2096 0.9160 -0.3422
vn -0.1860 0.8613 0.4729
vn -0.2545 -0.8617 0.4390
vn -0.4628 0.7329 0.4987
vn -0.8792 -0.2093 -0.4280
vn -0.5235 -0.2792 0.8050
vn -0.5452 -0.7877 -0.2869
vn -0.5030 0.5180 -0.6919
vn -0.5045 0.8342 0.2228
vn -0.4951 0.3955 0.7736
vn -0.4477 -0.2590 0.8558
vn -0.4535 -0.3476 0.8206
vn -0.4484 -0.5337 0.7170
vn -0.7030 -0.3184 0.6359
vn -0.5515 -0.7630 0.3373
vn -0.6367 -0.7625 -0.1145
vn -0.6828 -0.6147 -0.3948
vn -0.5625 0.6987 -0.4421
vn -0.5826 0.8117 -0.0412
vn -0.6394 0.7561 0.1398
vn -0.8981 -0.4225 0.1217
vn -0.7780 -0.6270 0.0398
vn -0.8314 -0.3651 -0.4189
vn -0.7715 -0.0016 -0.6363
vn -0.8039 0.5822 -0.1217
vn -0.7541 -0.3101 0.5789
vn -0.6477 -0.5971 0.4732
vn -0.7114 -0.6797 0.1785
vn -0.8634 -0.0587 0.5012
vn -0.8697 -0.4237 0.2534
vn -0.9536 0.2358 -0.1874
vn -0.8987 0.3931 0.1944
vn -0.8682 -0.3572 0.3444
vn -0.8990 -0.3920 0.1954
vn -0.9786 0.0818 0.1887
vn -0.9734 -0.2097 -0.0926
vn -0.9977 -0.0533 0.0418
vn -0.9880 0.1454 0.0529
vt 0.078514 0.515250
vt 0.000000 0.511937
vt 0.054433 0.500029
vt 0.077654 0.528582
vt 0.001197 0.546663
vt 0.000000 0.527517
vt 0.098932 0.616434
vt 0.021973 0.633017
vt 0.001769 0.605715
vt 0.083504 0.646252
vt 0.000000 0.649093
vt 0.075542 0.661513
vt 0.000000 0.670884
vt 0.092440 0.889400
vt 0.000000 0.898198
vt 0.041564 0.875572
vt 0.077482 0.904182
vt 0.110404 0.927457
vt 0.010271 0.937695
vt 0.000000 0.923339
vt 0.104905 0.951962
vt 0.000000 0.962294
vt 0.000000 0.950336
vt 0.093821 0.966417
vt 0.111521 0.977368
vt 0.114728 0.543560
vt 0.090752 0.549864
vt 0.092041 0.562244
vt 0.068664 0.577564
vt 0.000520 0.560583
vt 0.005423 0.582003
vt 0.152479 0.592363
vt 0.100489 0.764214
vt 0.004332 0.758249
vt 0.156485 0.753722
vt 0.061282 0.779329
vt -0.001211 0.772488
vt 0.142515 0.813177
vt -0.006450 0.795361
vt 0.098204 0.795426
vt -0.013021 0.817094
vt 0.117967 0.602282
vt 0.130836 0.938446
vt 0.120102 0.999962
vt 0.005098 0.991168
vt 0.145054 0.985609
vt 0.171555 0.717027
vt 0.138638 0.726359
vt 0.007167 0.715326
vt 0.027941 0.742499
vt 0.176779 0.744744
vt 0.202825 0.787340
vt 0.217525 0.774752
vt 0.093262 0.841165
vt 0.194880 0.831054
vt 0.232025 0.584061
vt 0.218119 0.678350
vt 0.206038 0.662224
vt 0.078058 0.702305
vt 0.057441 0.687103
vt 0.222994 0.689764
vt 0.278038 0.710078
vt 0.030065 0.729813
vt 0.214341 0.733390
vt 0.236626 0.881952
vt 0.113534 0.917311
vt 0.202254 0.903961
vt 0.240501 0.507533
vt 0.300278 0.500128
vt 0.272177 0.549051
vt 0.244581 0.539036
vt 0.233784 0.572733
vt 0.250194 0.566180
vt 0.131620 0.631395
vt 0.249627 0.619212
vt 0.283455 0.636812
vt 0.234232 0.646237
vt 0.088992 0.678602
vt 0.274032 0.767609
vt 0.243941 0.857434
vt 0.228276 0.869294
vt 0.107489 0.857639
vt 0.234263 0.892949
vt 0.282500 0.962435
vt 0.250335 0.954965
vt 0.257366 0.972869
vt 0.250737 0.559236
vt 0.312518 0.627857
vt 0.269913 0.938196
vt 0.280590 0.927459
vt 0.326120 0.697980
vt 0.344356 0.726358
vt 0.344295 0.843186
vt 0.269503 0.916711
vt 0.359375 0.945774
vt 0.233889 0.532029
vt 0.222669 0.520104
vt 0.362695 0.524883
vt 0.352920 0.579710
vt 0.353881 0.740100
vt 0.350719 0.746821
vt 0.347414 0.757875
vt 0.229289 0.760677
vt 0.346023 0.830532
vt 0.371218 0.906588
vt 0.382603 0.661236
vt 0.313472 0.673568
vt 0.392813 0.733380
vt 0.379000 0.795221
vt 0.250359 0.798330
vt 0.398109 0.515560
vt 0.398393 0.535307
vt 0.413075 0.570041
vt 0.394355 0.601541
vt 0.246789 0.610732
vt 0.266332 0.602228
vt 0.401068 0.616434
vt 0.389763 0.646212
vt 0.288624 0.655746
vt 0.373294 0.687461
vt 0.397521 0.771920
vt 0.320198 0.782324
vt 0.372355 0.806576
vt 0.391168 0.889608
vt 0.345100 0.900312
vt 0.407813 0.956267
vt 0.320791 0.985625
vt 0.415086 0.973848
vt 0.420619 0.559226
vt 0.387470 0.709378
vt 0.371188 0.719364
vt 0.431304 0.820829
vt 0.277969 0.813148
vt 0.545647 0.646904
vt 0.465876 0.670211
vt 0.460527 0.694551
vt 0.498103 0.786328
vt 0.569229 0.500015
vt 0.528308 0.757361
vt 0.551897 0.514921
vt 0.589025 0.546640
vt 0.394282 0.548457
vt 0.578590 0.579039
vt 0.361797 0.591979
vt 0.564071 0.610332
vt 0.556493 0.719296
vt 0.577659 0.746241
vt 0.602744 0.767438
vt 0.582322 0.798145
vt 0.457740 0.848382
vt 0.562975 0.819355
vt 0.561326 0.890715
vt 0.600893 0.940518
vt 0.407833 0.930566
vt 0.601418 0.949549
vt 0.544306 0.972784
vt 0.457017 0.999928
vt 0.585052 0.535145
vt 0.421315 0.873275
vt 0.608776 0.870264
vt 0.573382 0.903672
vt 0.463012 0.918375
vt 0.601017 0.999942
vt 0.578952 0.592061
vt 0.598409 0.680855
vt 0.593832 0.667193
vt 0.585877 0.728613
vt 0.624105 0.806275
vt 0.556798 0.847602
vt 0.627260 0.855826
vt 0.660820 0.920788
vt 0.680038 0.909281
vt 0.601992 0.931354
vt 0.681462 0.522202
vt 0.589239 0.629474
vt 0.656882 0.619041
vt 0.681960 0.655256
vt 0.673317 0.705101
vt 0.639886 0.693677
vt 0.674348 0.784052
vt 0.720478 0.510057
vt 0.688953 0.645991
vt 0.697990 0.824113
vt 0.726676 0.809040
vt 0.607914 0.833499
vt 0.639903 0.977564
vt 0.662665 0.964287
vt 0.716977 0.582787
vt 0.749437 0.594543
vt 0.660664 0.602264
vt 0.728122 0.610296
vt 0.751061 0.636788
vt 0.738883 0.679292
vt 0.726195 0.762962
vt 0.749707 0.753526
vt 0.762204 0.792862
vt 0.756579 0.836410
vt 0.722281 0.954840
vt 0.642176 0.572530
vt 0.584732 0.564031
vt 0.749130 0.565770
vt 0.770730 0.622439
vt 0.673017 0.735065
vt 0.809395 0.726364
vt 0.695173 0.746733
vt 0.779418 0.739812
vt 0.684523 0.774322
vt 0.748026 0.860798
vt 0.751776 0.913866
vt 0.789361 0.947758
vt 0.788928 0.500333
vt 0.689242 0.554718
vt 0.818286 0.559092
vt 0.779927 0.572663
vt 0.775150 0.695197
vt 0.785404 0.851874
vt 0.681767 0.877461
vt 0.780908 0.869760
vt 0.820643 0.602320
vt 0.816880 0.818306
vt 0.807137 0.971772
vt 0.826291 0.962168
vt 0.687233 0.985393
vt 0.832577 0.649324
vt 0.793107 0.719450
vt 0.663465 0.712421
vt 0.821397 0.712250
vt 0.858619 0.733063
vt 0.887815 0.747740
vt 0.843247 0.843096
vt 0.854708 0.902164
vt 0.698643 0.895358
vt 0.859704 0.920778
vt 0.762564 0.927447
vt 0.867894 0.534162
vt 0.742904 0.538555
vt 0.720158 0.531893
vt 0.900487 0.548166
vt 0.903066 0.590477
vt 0.888578 0.577665
vt 0.858710 0.629134
vt 0.853282 0.777236
vt 0.875896 0.806275
vt 0.854187 0.880663
vt 0.690011 0.885300
vt 0.873762 0.893241
vt 0.891282 0.952814
vt 0.859314 0.988199
vt 0.689295 0.994000
vt 0.781733 1.000000
vt 0.817917 0.517615
vt 0.906828 0.512051
vt 0.915262 0.564071
vt 0.894988 0.701898
vt 0.898327 0.767517
vt 0.911778 0.792850
vt 0.898560 0.863026
vt 0.907480 0.912529
vt 0.929770 0.610837
vt 0.872558 0.760130
vt 0.931921 0.836248
vt 0.926476 0.852311
vt 0.931146 0.931805
vt 0.782240 0.934177
vt 0.941954 0.970201
vt 0.885910 0.525625
vt 0.951179 0.714857
vt 0.978212 0.743489
vt 0.932843 0.818810
vt 0.891108 0.940757
vt 0.953099 0.500033
vt 0.942876 0.648114
vt 0.881469 0.670139
vt 0.990769 0.728620
vt 0.968061 0.880338
vt 0.956268 0.988561
vt 0.954970 1.000000
vt 0.883057 0.684971
vt 0.999073 0.681637
vt 1.000000 0.572543
vt 0.949068 0.625903
vt 1.000000 0.973449
vt 0.092089 0.418454
vt 0.031335 0.192868
vt 0.188458 0.023921
vt 0.388484 0.063276
vt 0.467095 0.293889
vt 0.308303 0.473256
vt 0.836051 0.064027
vt 0.541523 0.186476
vt 0.704222 0.451801
vt 0.982009 0.296305
vt 0.012817 1.000000
vt 0.000000 0.693884
vt -0.002880 0.840014
vt 0.001386 0.909238
vt 0.011027 0.860794
vt 0.290744 0.999950
vt 0.372818 0.857262
vt 0.742802 0.664395
vt 0.750333 0.545500
vt 0.749805 0.941041
s 0
usemtl Hemp
f 2610/2579/3226 2389/2580/3226 2363/2581/3226
f 2609/2582/3227 2389/2580/3227 2610/2579/3227
f 2609/2582/3228 2365/2583/3228 2364/2584/3228
f 2607/2585/3229 2385/2586/3229 2386/2587/3229
f 2605/2588/3230 2383/2589/3230 2385/2586/3230
f 2604/2590/3231 2396/2591/3231 2383/2589/3231
f 2601/2592/3232 2367/2593/3232 2612/2594/3232
f 2600/2595/3233 2367/2593/3233 2601/2592/3233
f 2588/2596/3234 2369/2597/3234 2368/2598/3234
f 2593/2599/3235 2371/2600/3235 2390/2601/3235
f 2599/2602/3236 2371/2600/3236 2593/2599/3236
f 2611/2603/3237 2371/2600/3237 2599/2602/3237
f 2592/2604/3238 2591/2605/3238 2365/2583/3238
f 2608/2606/3239 2615/2607/3239 2388/2608/3239
f 2386/2587/3240 2387/2609/3240 2598/2610/3240
f 2603/2611/3241 2380/2612/3241 2576/2613/3241
f 2613/2614/3242 2378/2615/3242 2603/2611/3242
f 2597/2616/3243 2377/2617/3243 2602/2618/3243
f 2376/2619/3244 2377/2617/3244 2597/2616/3244
f 2598/2610/3245 2590/2620/3245 2386/2587/3245
f 2594/2621/3246 2593/2599/3246 2369/2597/3246
f 2362/2622/3247 2370/2623/3247 2587/2624/3247
f 2589/2625/3248 2582/2626/3248 2616/2627/3248
f 2576/2613/3249 2381/2628/3249 2577/2629/3249
f 2568/2630/3250 2613/2614/3250 2561/2631/3250
f 2602/2618/3251 2613/2614/3251 2568/2630/3251
f 2580/2632/3252 2376/2619/3252 2575/2633/3252
f 2598/2610/3253 2615/2607/3253 2586/2634/3253
f 2584/2635/3254 2604/2590/3254 2585/2636/3254
f 2583/2637/3255 2382/2638/3255 2578/2639/3255
f 2589/2625/3256 2583/2637/3256 2571/2640/3256
f 2577/2629/3257 2366/2641/3257 2570/2642/3257
f 2601/2592/3258 2612/2594/3258 2557/2643/3258
f 2595/2644/3259 2600/2595/3259 2574/2645/3259
f 2553/2646/3260 2363/2581/3260 2540/2647/3260
f 2552/2648/3261 2592/2604/3261 2566/2649/3261
f 2564/2650/3262 2608/2606/3262 2565/2651/3262
f 2606/2652/3263 2607/2585/3263 2563/2653/3263
f 2544/2654/3264 2562/2655/3264 2606/2652/3264
f 2584/2635/3265 2578/2639/3265 2614/2656/3265
f 2561/2631/3266 2603/2611/3266 2548/2657/3266
f 2559/2658/3267 2558/2659/3267 2596/2660/3267
f 2556/2661/3268 2601/2592/3268 2557/2643/3268
f 2534/2662/3269 2593/2599/3269 2555/2663/3269
f 2554/2664/3270 2587/2624/3270 2611/2603/3270
f 2552/2648/3271 2551/2665/3271 2591/2605/3271
f 2544/2654/3272 2606/2652/3272 2527/2666/3272
f 2573/2667/3273 2588/2596/3273 2546/2668/3273
f 2593/2599/3274 2594/2621/3274 2573/2667/3274
f 2571/2640/3275 2583/2637/3275 2542/2669/3275
f 2570/2642/3276 2582/2626/3276 2522/2670/3276
f 2559/2658/3277 2580/2632/3277 2515/2671/3277
f 2547/2672/3278 2546/2668/3278 2595/2644/3278
f 2511/2673/3279 2555/2663/3279 2593/2599/3279
f 2567/2674/3280 2579/2675/3280 2532/2676/3280
f 2529/2677/3281 2586/2634/3281 2564/2650/3281
f 2521/2678/3282 2520/2679/3282 2577/2629/3282
f 2536/2680/3283 2569/2681/3283 2576/2613/3283
f 2516/2682/3284 2515/2671/3284 2575/2633/3284
f 2503/2683/3285 2547/2672/3285 2574/2645/3285
f 2539/2684/3286 2543/2685/3286 2585/2636/3286
f 2499/2686/3287 2521/2678/3287 2570/2642/3287
f 2536/2680/3288 2548/2657/3288 2569/2681/3288
f 2518/2687/3289 2560/2688/3289 2568/2630/3289
f 2533/2689/3290 2532/2676/3290 2579/2675/3290
f 2531/2690/3291 2566/2649/3291 2567/2674/3291
f 2508/2691/3292 2564/2650/3292 2565/2651/3292
f 2507/2692/3293 2550/2693/3293 2572/2694/3293
f 2528/2695/3294 2527/2666/3294 2563/2653/3294
f 2525/2696/3295 2549/2697/3295 2562/2655/3295
f 2538/2698/3296 2542/2669/3296 2578/2639/3296
f 2519/2699/3297 2541/2700/3297 2561/2631/3297
f 2518/2687/3298 2517/2701/3298 2560/2688/3298
f 2513/2702/3299 2556/2661/3299 2557/2643/3299
f 2513/2702/3300 2535/2703/3300 2556/2661/3300
f 2502/2704/3301 2534/2662/3301 2555/2663/3301
f 2510/2705/3302 2554/2664/3302 2501/2706/3302
f 2509/2707/3303 2508/2691/3303 2551/2665/3303
f 2508/2691/3304 2529/2677/3304 2564/2650/3304
f 2537/2708/3305 2523/2709/3305 2571/2640/3305
f 2506/2710/3306 2516/2682/3306 2581/2711/3306
f 2525/2696/3307 2544/2654/3307 2526/2712/3307
f 2524/2713/3308 2538/2698/3308 2543/2685/3308
f 2492/2714/3309 2537/2708/3309 2542/2669/3309
f 2491/2715/3310 2518/2687/3310 2541/2700/3310
f 2466/2716/3311 2533/2689/3311 2540/2647/3311
f 2478/2717/3312 2519/2699/3312 2536/2680/3312
f 2502/2704/3313 2501/2706/3313 2534/2662/3313
f 2495/2718/3314 2532/2676/3314 2533/2689/3314
f 2531/2690/3315 2532/2676/3315 2495/2718/3315
f 2485/2719/3316 2530/2720/3316 2531/2690/3316
f 2509/2707/3317 2530/2720/3317 2485/2719/3317
f 2500/2721/3318 2545/2722/3318 2529/2677/3318
f 2500/2721/3319 2507/2692/3319 2545/2722/3319
f 2493/2723/3320 2527/2666/3320 2528/2695/3320
f 2526/2712/3321 2527/2666/3321 2493/2723/3321
f 2539/2684/3322 2525/2696/3322 2526/2712/3322
f 2523/2709/3323 2537/2708/3323 2488/2724/3323
f 2488/2724/3324 2499/2686/3324 2522/2670/3324
f 2479/2725/3325 2520/2679/3325 2521/2678/3325
f 2479/2725/3326 2478/2717/3326 2520/2679/3326
f 2470/2726/3327 2491/2715/3327 2519/2699/3327
f 2498/2727/3328 2518/2687/3328 2491/2715/3328
f 2498/2727/3329 2517/2701/3329 2518/2687/3329
f 2498/2727/3330 2506/2710/3330 2517/2701/3330
f 2505/2728/3331 2516/2682/3331 2487/2729/3331
f 2505/2728/3332 2515/2671/3332 2516/2682/3332
f 2490/2730/3333 2503/2683/3333 2513/2702/3333
f 2467/2731/3334 2511/2673/3334 2512/2732/3334
f 2474/2733/3335 2511/2673/3335 2467/2731/3335
f 2502/2704/3336 2511/2673/3336 2474/2733/3336
f 2489/2734/3337 2360/2735/3337 2510/2705/3337
f 2495/2718/3338 2533/2689/3338 2466/2716/3338
f 2485/2719/3339 2531/2690/3339 2486/2736/3339
f 2526/2712/3340 2524/2713/3340 2539/2684/3340
f 2490/2730/3341 2504/2737/3341 2460/2738/3341
f 2476/2739/3342 2503/2683/3342 2490/2730/3342
f 2476/2739/3343 2496/2740/3343 2503/2683/3343
f 2467/2731/3344 2512/2732/3344 2496/2740/3344
f 2489/2734/3345 2502/2704/3345 2474/2733/3345
f 2489/2734/3346 2501/2706/3346 2502/2704/3346
f 2359/2741/3347 2360/2735/3347 2489/2734/3347
f 2494/2742/3348 2493/2723/3348 2507/2692/3348
f 2482/2743/3349 2524/2713/3349 2483/2744/3349
f 2479/2725/3350 2499/2686/3350 2480/2745/3350
f 2487/2729/3351 2498/2727/3351 2462/2746/3351
f 2460/2738/3352 2497/2747/3352 2477/2748/3352
f 2468/2749/3353 2496/2740/3353 2469/2750/3353
f 2475/2751/3354 2496/2740/3354 2468/2749/3354
f 2486/2736/3355 2495/2718/3355 2439/2752/3355
f 2484/2753/3356 2493/2723/3356 2455/2754/3356
f 2483/2744/3357 2526/2712/3357 2454/2755/3357
f 2451/2756/3358 2492/2714/3358 2481/2757/3358
f 2498/2727/3359 2491/2715/3359 2463/2758/3359
f 2439/2752/3360 2495/2718/3360 2428/2759/3360
f 2454/2755/3361 2526/2712/3361 2442/2760/3361
f 2446/2761/3362 2487/2729/3362 2447/2762/3362
f 2461/2763/3363 2487/2729/3363 2446/2761/3363
f 2443/2764/3364 2489/2734/3364 2444/2765/3364
f 2437/2766/3365 2494/2742/3365 2500/2721/3365
f 2418/2767/3366 2494/2742/3366 2437/2766/3366
f 2418/2767/3367 2464/2768/3367 2494/2742/3367
f 2455/2754/3368 2493/2723/3368 2456/2769/3368
f 2442/2760/3369 2484/2753/3369 2417/2770/3369
f 2482/2743/3370 2483/2744/3370 2453/2771/3370
f 2424/2772/3371 2478/2717/3371 2434/2773/3371
f 2470/2726/3372 2478/2717/3372 2424/2772/3372
f 2462/2746/3373 2498/2727/3373 2423/2774/3373
f 2477/2748/3374 2497/2747/3374 2441/2775/3374
f 2444/2765/3375 2474/2733/3375 2419/2776/3375
f 2472/2777/3376 2473/2778/3376 2457/2779/3376
f 2417/2770/3377 2484/2753/3377 2435/2780/3377
f 2453/2771/3378 2481/2757/3378 2482/2743/3378
f 2471/2781/3379 2480/2745/3379 2404/2782/3379
f 2449/2783/3380 2471/2781/3380 2411/2784/3380
f 2448/2785/3381 2470/2726/3381 2424/2772/3381
f 2422/2786/3382 2460/2738/3382 2477/2748/3382
f 2468/2749/3383 2469/2750/3383 2432/2787/3383
f 2419/2776/3384 2474/2733/3384 2409/2788/3384
f 2428/2759/3385 2466/2716/3385 2408/2789/3385
f 2457/2779/3386 2465/2790/3386 2407/2791/3386
f 2426/2792/3387 2437/2766/3387 2472/2777/3387
f 2451/2756/3388 2481/2757/3388 2452/2793/3388
f 2422/2786/3389 2477/2748/3389 2415/2794/3389
f 2459/2795/3390 2460/2738/3390 2421/2796/3390
f 2436/2797/3391 2456/2769/3391 2464/2768/3391
f 2446/2761/3392 2447/2762/3392 2410/2798/3392
f 2414/2799/3393 2444/2765/3393 2399/2800/3393
f 2430/2801/3394 2443/2764/3394 2414/2799/3394
f 2405/2802/3395 2454/2755/3395 2442/2760/3395
f 2416/2803/3396 2450/2804/3396 2412/2805/3396
f 2393/2806/3397 2411/2784/3397 2471/2781/3397
f 2380/2807/3398 2434/2773/3398 2449/2783/3398
f 2402/2808/3399 2415/2794/3399 2441/2775/3399
f 2400/2809/3400 2469/2750/3400 2440/2810/3400
f 2368/2811/3401 2431/2812/3401 2468/2749/3401
f 2397/2813/3402 2458/2814/3402 2438/2815/3402
f 2365/2816/3403 2407/2791/3403 2465/2790/3403
f 2406/2817/3404 2437/2766/3404 2387/2818/3404
f 2406/2817/3405 2418/2767/3405 2437/2766/3405
f 2384/2819/3406 2417/2770/3406 2435/2780/3406
f 2403/2820/3407 2423/2774/3407 2463/2758/3407
f 2392/2821/3408 2410/2798/3408 2447/2762/3408
f 2401/2822/3409 2433/2823/3409 2459/2795/3409
f 2401/2822/3410 2367/2824/3410 2433/2823/3410
f 2400/2809/3411 2432/2787/3411 2469/2750/3411
f 2390/2825/3412 2399/2800/3412 2419/2776/3412
f 2398/2826/3413 2429/2827/3413 2430/2801/3413
f 2398/2826/3414 2358/2828/3414 2429/2827/3414
f 2413/2829/3415 2428/2759/3415 2389/2830/3415
f 2388/2831/3416 2426/2792/3416 2457/2779/3416
f 2394/2832/3417 2412/2805/3417 2451/2756/3417
f 2378/2833/3418 2403/2820/3418 2424/2772/3418
f 2377/2834/3419 2392/2821/3419 2423/2774/3419
f 2421/2796/3420 2422/2786/3420 2373/2835/3420
f 2372/2836/3421 2368/2811/3421 2432/2787/3421
f 2436/2797/3422 2418/2767/3422 2406/2817/3422
f 2386/2837/3423 2435/2780/3423 2456/2769/3423
f 2386/2837/3424 2384/2819/3424 2435/2780/3424
f 2384/2819/3425 2405/2802/3425 2417/2770/3425
f 2380/2807/3426 2379/2838/3426 2434/2773/3426
f 2375/2839/3427 2402/2808/3427 2441/2775/3427
f 2374/2840/3428 2373/2835/3428 2415/2794/3428
f 2373/2835/3429 2401/2822/3429 2421/2796/3429
f 2369/2841/3430 2431/2812/3430 2368/2811/3430
f 2369/2841/3431 2445/2842/3431 2431/2812/3431
f 2371/2843/3432 2398/2826/3432 2414/2799/3432
f 2364/2844/3433 2413/2829/3433 2389/2830/3433
f 2616/2845/3434 2416/2803/3434 2412/2805/3434
f 2381/2846/3435 2380/2807/3435 2411/2784/3435
f 2376/2847/3436 2375/2839/3436 2410/2798/3436
f 2369/2841/3437 2391/2848/3437 2445/2842/3437
f 2363/2849/3438 2389/2830/3438 2408/2789/3438
f 2383/2850/3439 2396/2851/3439 2405/2802/3439
f 2366/2852/3440 2393/2806/3440 2404/2782/3440
f 2375/2839/3441 2374/2840/3441 2402/2808/3441
f 2612/2853/3442 2367/2824/3442 2401/2822/3442
f 2370/2854/3443 2357/2855/3443 2398/2826/3443
f 2394/2832/3444 2395/2856/3444 2382/2857/3444
f 2366/2852/3445 2381/2846/3445 2393/2806/3445
f 2377/2834/3446 2376/2847/3446 2392/2821/3446
f 2367/2824/3447 2372/2836/3447 2400/2809/3447
f 2369/2841/3448 2390/2825/3448 2391/2848/3448
f 2615/2858/3449 2387/2818/3449 2388/2831/3449
f 2385/2859/3450 2383/2850/3450 2384/2819/3450
f 2380/2807/3451 2378/2833/3451 2379/2838/3451
f 2611/2860/3452 2370/2854/3452 2371/2843/3452
f 2362/2861/3453 2361/2862/3453 2360/2863/3453 2359/2864/3453 2358/2865/3453 2357/2866/3453
f 2466/2867/3454 2540/2868/3454 2363/2869/3454 2408/2870/3454
f 2362/2622/3455 2357/2871/3455 2370/2623/3455
f 2388/2608/3456 2365/2583/3456 2591/2605/3456 2608/2606/3456
f 2609/2582/3457 2364/2584/3457 2389/2580/3457
f 2609/2582/3458 2567/2674/3458 2566/2649/3458 2592/2604/3458
f 2590/2620/3459 2607/2585/3459 2386/2587/3459
f 2605/2588/3460 2604/2590/3460 2383/2589/3460
f 2604/2590/3461 2614/2656/3461 2396/2591/3461
f 2614/2656/3462 2382/2638/3462 2396/2591/3462
f 2382/2638/3463 2583/2637/3463 2394/2872/3463
f 2583/2637/3464 2616/2627/3464 2394/2872/3464
f 2613/2614/3465 2377/2617/3465 2378/2615/3465
f 2613/2614/3466 2602/2618/3466 2377/2617/3466
f 2580/2632/3467 2375/2873/3467 2376/2619/3467
f 2600/2595/3468 2372/2874/3468 2367/2593/3468
f 2595/2644/3469 2368/2598/3469 2372/2874/3469
f 2595/2644/3470 2588/2596/3470 2368/2598/3470
f 2593/2599/3471 2390/2601/3471 2369/2597/3471
f 2592/2604/3472 2365/2583/3472 2609/2582/3472
f 2598/2610/3473 2387/2609/3473 2615/2607/3473
f 2606/2652/3474 2605/2588/3474 2385/2586/3474
f 2582/2626/3475 2366/2641/3475 2616/2627/3475
f 2576/2613/3476 2380/2612/3476 2381/2628/3476
f 2603/2611/3477 2378/2615/3477 2380/2612/3477
f 2596/2660/3478 2375/2873/3478 2580/2632/3478
f 2596/2660/3479 2374/2875/3479 2375/2873/3479
f 2596/2660/3480 2612/2594/3480 2374/2875/3480
f 2595/2644/3481 2372/2874/3481 2600/2595/3481
f 2594/2621/3482 2369/2597/3482 2588/2596/3482
f 2606/2652/3483 2385/2586/3483 2607/2585/3483
f 2587/2624/3484 2370/2623/3484 2611/2603/3484
f 2564/2650/3485 2615/2607/3485 2608/2606/3485
f 2584/2635/3486 2614/2656/3486 2604/2590/3486
f 2589/2625/3487 2616/2627/3487 2583/2637/3487
f 2577/2629/3488 2381/2628/3488 2366/2641/3488
f 2561/2631/3489 2613/2614/3489 2603/2611/3489
f 2575/2633/3490 2376/2619/3490 2597/2616/3490
f 2596/2660/3491 2558/2659/3491 2612/2594/3491
f 2553/2646/3492 2610/2579/3492 2363/2581/3492
f 2553/2646/3493 2579/2675/3493 2610/2579/3493
f 2579/2675/3494 2609/2582/3494 2610/2579/3494
f 2579/2675/3495 2567/2674/3495 2609/2582/3495
f 2605/2588/3496 2562/2655/3496 2585/2636/3496 2604/2590/3496
f 2591/2605/3497 2551/2665/3497 2608/2606/3497
f 2586/2634/3498 2615/2607/3498 2564/2650/3498
f 2550/2693/3499 2607/2585/3499 2590/2620/3499
f 2606/2652/3500 2562/2655/3500 2605/2588/3500
f 2601/2592/3501 2556/2661/3501 2574/2645/3501 2600/2595/3501
f 2614/2656/3502 2578/2639/3502 2382/2638/3502
f 2570/2642/3503 2366/2641/3503 2582/2626/3503
f 2557/2643/3504 2612/2594/3504 2558/2659/3504
f 2602/2618/3505 2560/2688/3505 2581/2711/3505 2597/2616/3505
f 2534/2662/3506 2599/2602/3506 2593/2599/3506
f 2565/2651/3507 2608/2606/3507 2551/2665/3507
f 2563/2653/3508 2607/2585/3508 2550/2693/3508
f 2569/2681/3509 2603/2611/3509 2576/2613/3509
f 2548/2657/3510 2603/2611/3510 2569/2681/3510
f 2560/2688/3511 2602/2618/3511 2568/2630/3511
f 2587/2624/3512 2510/2705/3512 2361/2876/3512 2362/2622/3512
f 2559/2658/3513 2596/2660/3513 2580/2632/3513
f 2547/2672/3514 2595/2644/3514 2574/2645/3514
f 2573/2667/3515 2594/2621/3515 2588/2596/3515
f 2554/2664/3516 2599/2602/3516 2534/2662/3516
f 2554/2664/3517 2611/2603/3517 2599/2602/3517
f 2552/2648/3518 2591/2605/3518 2592/2604/3518
f 2598/2610/3519 2572/2694/3519 2590/2620/3519
f 2572/2694/3520 2550/2693/3520 2590/2620/3520
f 2549/2697/3521 2585/2636/3521 2562/2655/3521
f 2595/2644/3522 2546/2668/3522 2588/2596/3522
f 2554/2664/3523 2510/2705/3523 2587/2624/3523
f 2589/2625/3524 2523/2709/3524 2522/2670/3524 2582/2626/3524
f 2527/2666/3525 2606/2652/3525 2563/2653/3525
f 2543/2685/3526 2584/2635/3526 2585/2636/3526
f 2597/2616/3527 2581/2711/3527 2516/2682/3527 2575/2633/3527
f 2521/2678/3528 2577/2629/3528 2570/2642/3528
f 2541/2700/3529 2568/2630/3529 2561/2631/3529
f 2576/2613/3530 2577/2629/3530 2520/2679/3530 2536/2680/3530
f 2515/2671/3531 2580/2632/3531 2575/2633/3531
f 2511/2673/3532 2593/2599/3532 2573/2667/3532
f 2586/2634/3533 2545/2722/3533 2598/2610/3533
f 2545/2722/3534 2572/2694/3534 2598/2610/3534
f 2578/2639/3535 2542/2669/3535 2583/2637/3535
f 2571/2640/3536 2523/2709/3536 2589/2625/3536
f 2522/2670/3537 2499/2686/3537 2570/2642/3537
f 2552/2648/3538 2566/2649/3538 2531/2690/3538 2530/2720/3538
f 2560/2688/3539 2517/2701/3539 2581/2711/3539
f 2556/2661/3540 2535/2703/3540 2574/2645/3540
f 2535/2703/3541 2503/2683/3541 2574/2645/3541
f 2549/2697/3542 2539/2684/3542 2585/2636/3542
f 2538/2698/3543 2578/2639/3543 2584/2635/3543
f 2541/2700/3544 2518/2687/3544 2568/2630/3544
f 2515/2671/3545 2514/2877/3545 2559/2658/3545
f 2533/2689/3546 2579/2675/3546 2553/2646/3546
f 2531/2690/3547 2567/2674/3547 2532/2676/3547
f 2559/2658/3548 2514/2877/3548 2504/2737/3548 2558/2659/3548
f 2551/2665/3549 2508/2691/3549 2565/2651/3549
f 2529/2677/3550 2545/2722/3550 2586/2634/3550
f 2507/2692/3551 2572/2694/3551 2545/2722/3551
f 2550/2693/3552 2528/2695/3552 2563/2653/3552
f 2525/2696/3553 2562/2655/3553 2544/2654/3553
f 2543/2685/3554 2538/2698/3554 2584/2635/3554
f 2542/2669/3555 2537/2708/3555 2571/2640/3555
f 2548/2657/3556 2519/2699/3556 2561/2631/3556
f 2552/2648/3557 2530/2720/3557 2509/2707/3557 2551/2665/3557
f 2558/2659/3558 2504/2737/3558 2557/2643/3558
f 2504/2737/3559 2513/2702/3559 2557/2643/3559
f 2503/2683/3560 2496/2740/3560 2547/2672/3560
f 2546/2668/3561 2512/2732/3561 2573/2667/3561
f 2502/2704/3562 2555/2663/3562 2511/2673/3562
f 2510/2705/3563 2360/2735/3563 2361/2876/3563
f 2540/2647/3564 2533/2689/3564 2553/2646/3564
f 2547/2672/3565 2496/2740/3565 2512/2732/3565 2546/2668/3565
f 2507/2692/3566 2528/2695/3566 2550/2693/3566
f 2525/2696/3567 2539/2684/3567 2549/2697/3567
f 2536/2680/3568 2519/2699/3568 2548/2657/3568
f 2517/2701/3569 2506/2710/3569 2581/2711/3569
f 2487/2729/3570 2461/2763/3570 2497/2747/3570 2505/2728/3570
f 2512/2732/3571 2511/2673/3571 2573/2667/3571
f 2534/2662/3572 2501/2706/3572 2554/2664/3572
f 2527/2666/3573 2526/2712/3573 2544/2654/3573
f 2539/2684/3574 2524/2713/3574 2543/2685/3574
f 2538/2698/3575 2492/2714/3575 2542/2669/3575
f 2520/2679/3576 2478/2717/3576 2536/2680/3576
f 2519/2699/3577 2491/2715/3577 2541/2700/3577
f 2515/2671/3578 2505/2728/3578 2514/2877/3578
f 2513/2702/3579 2503/2683/3579 2535/2703/3579
f 2509/2707/3580 2473/2778/3580 2508/2691/3580
f 2500/2721/3581 2529/2677/3581 2508/2691/3581
f 2524/2713/3582 2482/2743/3582 2538/2698/3582
f 2482/2743/3583 2492/2714/3583 2538/2698/3583
f 2523/2709/3584 2488/2724/3584 2522/2670/3584
f 2499/2686/3585 2479/2725/3585 2521/2678/3585
f 2478/2717/3586 2470/2726/3586 2519/2699/3586
f 2506/2710/3587 2487/2729/3587 2516/2682/3587
f 2505/2728/3588 2497/2747/3588 2514/2877/3588
f 2497/2747/3589 2504/2737/3589 2514/2877/3589
f 2504/2737/3590 2490/2730/3590 2513/2702/3590
f 2501/2706/3591 2489/2734/3591 2510/2705/3591
f 2486/2736/3592 2531/2690/3592 2495/2718/3592
f 2473/2778/3593 2509/2707/3593 2485/2719/3593
f 2500/2721/3594 2508/2691/3594 2473/2778/3594
f 2493/2723/3595 2528/2695/3595 2507/2692/3595
f 2492/2714/3596 2488/2724/3596 2537/2708/3596
f 2498/2727/3597 2487/2729/3597 2506/2710/3597
f 2497/2747/3598 2460/2738/3598 2504/2737/3598
f 2494/2742/3599 2507/2692/3599 2500/2721/3599
f 2484/2753/3600 2526/2712/3600 2493/2723/3600
f 2526/2712/3601 2483/2744/3601 2524/2713/3601
f 2480/2745/3602 2499/2686/3602 2488/2724/3602
f 2492/2714/3603 2451/2756/3603 2450/2804/3603 2488/2724/3603
f 2470/2726/3604 2448/2785/3604 2463/2758/3604 2491/2715/3604
f 2471/2781/3605 2479/2725/3605 2480/2745/3605
f 2469/2750/3606 2496/2740/3606 2476/2739/3606
f 2475/2751/3607 2467/2731/3607 2496/2740/3607
f 2465/2790/3608 2473/2778/3608 2485/2719/3608
f 2472/2777/3609 2500/2721/3609 2473/2778/3609
f 2494/2742/3610 2464/2768/3610 2493/2723/3610
f 2481/2757/3611 2492/2714/3611 2482/2743/3611
f 2460/2738/3612 2459/2795/3612 2433/2823/3612 2490/2730/3612
f 2489/2734/3613 2430/2801/3613 2429/2827/3613 2359/2741/3613
f 2444/2765/3614 2489/2734/3614 2474/2733/3614
f 2430/2801/3615 2489/2734/3615 2443/2764/3615
f 2478/2717/3616 2479/2725/3616 2449/2783/3616 2434/2773/3616
f 2428/2759/3617 2495/2718/3617 2466/2716/3617
f 2442/2760/3618 2526/2712/3618 2484/2753/3618
f 2447/2762/3619 2487/2729/3619 2462/2746/3619
f 2440/2810/3620 2476/2739/3620 2490/2730/3620
f 2438/2815/3621 2486/2736/3621 2439/2752/3621
f 2437/2766/3622 2500/2721/3622 2472/2777/3622
f 2456/2769/3623 2493/2723/3623 2464/2768/3623
f 2425/2878/3624 2483/2744/3624 2454/2755/3624
f 2449/2783/3625 2479/2725/3625 2471/2781/3625
f 2486/2736/3626 2458/2814/3626 2427/2879/3626 2485/2719/3626
f 2423/2774/3627 2498/2727/3627 2463/2758/3627
f 2441/2775/3628 2497/2747/3628 2461/2763/3628
f 2440/2810/3629 2490/2730/3629 2433/2823/3629
f 2469/2750/3630 2476/2739/3630 2440/2810/3630
f 2468/2749/3631 2431/2812/3631 2475/2751/3631
f 2458/2814/3632 2486/2736/3632 2438/2815/3632
f 2480/2745/3633 2488/2724/3633 2416/2803/3633 2404/2782/3633
f 2427/2879/3634 2465/2790/3634 2485/2719/3634
f 2457/2779/3635 2473/2778/3635 2465/2790/3635
f 2435/2780/3636 2484/2753/3636 2455/2754/3636
f 2425/2878/3637 2453/2771/3637 2483/2744/3637
f 2416/2803/3638 2488/2724/3638 2450/2804/3638
f 2475/2751/3639 2445/2842/3639 2420/2880/3639 2467/2731/3639
f 2445/2842/3640 2475/2751/3640 2431/2812/3640
f 2438/2815/3641 2439/2752/3641 2364/2844/3641 2397/2813/3641
f 2420/2880/3642 2474/2733/3642 2467/2731/3642
f 2420/2880/3643 2409/2788/3643 2474/2733/3643
f 2358/2828/3644 2359/2741/3644 2429/2827/3644
f 2426/2792/3645 2472/2777/3645 2457/2779/3645
f 2453/2771/3646 2452/2793/3646 2481/2757/3646
f 2447/2762/3647 2462/2746/3647 2423/2774/3647
f 2441/2775/3648 2461/2763/3648 2446/2761/3648
f 2415/2794/3649 2477/2748/3649 2441/2775/3649
f 2422/2786/3650 2421/2796/3650 2460/2738/3650
f 2428/2759/3651 2413/2829/3651 2439/2752/3651
f 2418/2767/3652 2436/2797/3652 2464/2768/3652
f 2435/2780/3653 2455/2754/3653 2456/2769/3653
f 2451/2756/3654 2412/2805/3654 2450/2804/3654
f 2399/2800/3655 2444/2765/3655 2419/2776/3655
f 2414/2799/3656 2443/2764/3656 2444/2765/3656
f 2417/2770/3657 2405/2802/3657 2442/2760/3657
f 2405/2802/3658 2425/2878/3658 2454/2755/3658
f 2404/2782/3659 2393/2806/3659 2471/2781/3659
f 2380/2807/3660 2449/2783/3660 2411/2784/3660
f 2434/2773/3661 2379/2838/3661 2424/2772/3661
f 2403/2820/3662 2463/2758/3662 2448/2785/3662
f 2410/2798/3663 2441/2775/3663 2446/2761/3663
f 2433/2823/3664 2367/2824/3664 2440/2810/3664
f 2367/2824/3665 2400/2809/3665 2440/2810/3665
f 2368/2811/3666 2468/2749/3666 2432/2787/3666
f 2364/2844/3667 2439/2752/3667 2413/2829/3667
f 2427/2879/3668 2458/2814/3668 2397/2813/3668 2365/2816/3668
f 2365/2816/3669 2465/2790/3669 2427/2879/3669
f 2387/2818/3670 2437/2766/3670 2426/2792/3670
f 2396/2851/3671 2453/2771/3671 2425/2878/3671
f 2395/2856/3672 2452/2793/3672 2453/2771/3672
f 2452/2793/3673 2394/2832/3673 2451/2756/3673
f 2424/2772/3674 2403/2820/3674 2448/2785/3674
f 2423/2774/3675 2392/2821/3675 2447/2762/3675
f 2401/2822/3676 2459/2795/3676 2421/2796/3676
f 2414/2799/3677 2398/2826/3677 2430/2801/3677
f 2408/2789/3678 2389/2830/3678 2428/2759/3678
f 2404/2782/3679 2416/2803/3679 2616/2845/3679 2366/2852/3679
f 2407/2791/3680 2388/2831/3680 2457/2779/3680
f 2396/2851/3681 2395/2856/3681 2453/2771/3681
f 2379/2838/3682 2378/2833/3682 2424/2772/3682
f 2415/2794/3683 2373/2835/3683 2422/2786/3683
f 2400/2809/3684 2372/2836/3684 2432/2787/3684
f 2445/2842/3685 2391/2848/3685 2420/2880/3685
f 2391/2848/3686 2409/2788/3686 2420/2880/3686
f 2409/2788/3687 2390/2825/3687 2419/2776/3687
f 2388/2831/3688 2387/2818/3688 2426/2792/3688
f 2436/2797/3689 2386/2837/3689 2456/2769/3689
f 2405/2802/3690 2396/2851/3690 2425/2878/3690
f 2395/2856/3691 2394/2832/3691 2452/2793/3691
f 2403/2820/3692 2377/2834/3692 2423/2774/3692
f 2410/2798/3693 2375/2839/3693 2441/2775/3693
f 2402/2808/3694 2374/2840/3694 2415/2794/3694
f 2386/2837/3695 2385/2859/3695 2384/2819/3695
f 2384/2819/3696 2383/2850/3696 2405/2802/3696
f 2394/2832/3697 2616/2845/3697 2412/2805/3697
f 2393/2806/3698 2381/2846/3698 2411/2784/3698
f 2392/2821/3699 2376/2847/3699 2410/2798/3699
f 2391/2848/3700 2390/2825/3700 2409/2788/3700
f 2399/2800/3701 2371/2843/3701 2414/2799/3701
f 2398/2826/3702 2357/2855/3702 2358/2828/3702
f 2365/2816/3703 2388/2831/3703 2407/2791/3703
f 2386/2837/3704 2436/2797/3704 2406/2817/3704
f 2378/2833/3705 2377/2834/3705 2403/2820/3705
f 2373/2835/3706 2612/2853/3706 2401/2822/3706
f 2390/2825/3707 2371/2843/3707 2399/2800/3707
f 2371/2843/3708 2370/2854/3708 2398/2826/3708
f 2364/2844/3709 2365/2816/3709 2397/2813/3709
f 2396/2851/3710 2382/2857/3710 2395/2856/3710
f 2387/2818/3711 2386/2837/3711 2406/2817/3711
f 2612/2853/3712 2373/2835/3712 2374/2840/3712
o Eyelet_07
v 2.950378 0.005000 -0.065177
v 2.958118 -0.005000 -0.062829
v 2.957334 0.005000 -0.063159
v 2.963160 -0.005000 -0.057333
v 2.962829 0.005000 -0.058118
v 2.965178 -0.005000 -0.050378
v 2.965178 0.005000 -0.049622
v 2.962829 -0.005000 -0.041882
v 2.963160 0.005000 -0.042667
v 2.957334 -0.005000 -0.036841
v 2.958118 0.005000 -0.037171
v 2.950378 -0.005000 -0.034823
v 2.949622 0.005000 -0.034823
v 2.941882 -0.005000 -0.037171
v 2.942667 0.005000 -0.036841
v 2.936841 -0.005000 -0.042667
v 2.937171 0.005000 -0.041882
v 2.934823 -0.005000 -0.049622
v 2.934823 0.005000 -0.050378
v 2.937171 -0.005000 -0.058118
v 2.936841 0.005000 -0.057333
v 2.942667 -0.005000 -0.063159
v 2.941882 0.005000 -0.062829
v 2.949622 -0.005000 -0.065177
v 2.900000 -0.002500 -0.100000
v 3.000000 0.002500 -0.100000
v 2.900000 -0.002500 0.000000
v 3.000000 -0.002500 0.000000
v 2.900000 0.002500 0.000000
v 2.900000 0.002500 -0.100000
v 3.000000 -0.002500 -0.100000
v 3.000000 0.002500 0.000000
v 2.982500 0.002500 -0.032500
v 2.961485 0.002500 -0.050000
v 2.968125 0.002500 -0.082500
v 2.950000 0.002500 -0.061485
v 2.950000 0.002500 -0.050000
v 2.950000 0.002500 -0.038515
v 2.942631 0.002500 -0.059033
v 2.938515 0.002500 -0.050000
v 2.952500 0.002500 -0.017500
v 2.917500 0.002500 -0.047500
v 2.915625 -0.002500 -0.062812
v 2.938515 -0.002500 -0.050000
v 2.950000 -0.002500 -0.061485
v 2.950000 -0.002500 -0.050000
v 2.950000 -0.002500 -0.038515
v 2.959707 -0.002500 -0.056371
v 2.961485 -0.002500 -0.050000
v 2.961875 -0.002500 -0.082500
v 2.982500 -0.002500 -0.052500
v 2.966250 -0.002500 -0.017500
v 2.959808 0.002500 -0.056079
v 2.961295 0.002500 -0.052358
v 2.961025 0.002500 -0.046359
v 2.938975 0.002500 -0.053641
v 2.938880 0.002500 -0.046659
v 2.941711 0.002500 -0.041926
v 2.947642 0.002500 -0.061295
v 2.946359 0.002500 -0.038975
v 2.952123 0.002500 -0.061316
v 2.956371 0.002500 -0.059707
v 2.953341 0.002500 -0.038880
v 2.958074 0.002500 -0.041711
v 2.938705 -0.002500 -0.052358
v 2.938684 -0.002500 -0.047877
v 2.939832 -0.002500 -0.044546
v 2.961316 -0.002500 -0.052123
v 2.961295 -0.002500 -0.047642
v 2.959307 -0.002500 -0.043057
v 2.956079 -0.002500 -0.059808
v 2.952358 -0.002500 -0.061295
v 2.954138 -0.002500 -0.039101
v 2.945862 -0.002500 -0.060899
v 2.940693 -0.002500 -0.056943
v 2.947642 -0.002500 -0.038705
v 2.943057 -0.002500 -0.040693
v 2.950922 -0.005000 -0.061412
v 2.951322 0.005000 -0.061373
v 2.956170 -0.005000 -0.059750
v 2.955574 0.005000 -0.060001
v 2.960547 -0.005000 -0.054679
v 2.958977 0.005000 -0.057107
v 2.961013 0.005000 -0.053131
v 2.961412 -0.005000 -0.049078
v 2.961373 0.005000 -0.048678
v 2.959750 -0.005000 -0.043830
v 2.960001 0.005000 -0.044427
v 2.954679 -0.005000 -0.039453
v 2.957107 0.005000 -0.041024
v 2.953131 0.005000 -0.038987
v 2.949078 -0.005000 -0.038588
v 2.948678 0.005000 -0.038627
v 2.943830 -0.005000 -0.040250
v 2.944427 0.005000 -0.039999
v 2.939453 -0.005000 -0.045321
v 2.941024 0.005000 -0.042893
v 2.938987 0.005000 -0.046869
v 2.938588 -0.005000 -0.050922
v 2.938627 0.005000 -0.051322
v 2.940250 -0.005000 -0.056170
v 2.939999 0.005000 -0.055573
v 2.945321 -0.005000 -0.060547
v 2.942893 0.005000 -0.058976
v 2.946869 0.005000 -0.061013
v 2.902079 -0.001807 -0.002078
v 2.902079 -0.001807 -0.097922
v 2.902079 0.001807 -0.097922
v 2.997921 0.001807 -0.002078
v 2.997921 -0.001807 -0.097922
v 2.997921 0.001807 -0.097922
v 2.990326 -0.001651 -0.097455
v 2.910000 -0.001651 -0.097454
v 2.909674 0.001651 -0.097455
v 2.990000 0.001651 -0.097454
v 2.909314 -0.001651 -0.002544
v 2.997890 -0.001789 -0.002193
v 2.990686 0.001651 -0.002544
v 2.902110 0.001789 -0.002193
v 2.902546 -0.001651 -0.090000
v 2.902543 -0.001651 -0.009432
v 2.902544 0.001651 -0.009314
v 2.902546 0.001651 -0.090000
v 2.997456 -0.001651 -0.009314
v 2.997454 -0.001651 -0.090000
v 2.997454 0.001651 -0.090000
v 2.997457 0.001651 -0.009432
v 2.990000 0.001300 -0.090000
v 2.961485 0.001300 -0.050000
v 2.950000 0.001300 -0.061485
v 2.950000 0.001300 -0.050000
v 2.950000 0.001300 -0.038515
v 2.942100 0.001300 -0.058410
v 2.938515 0.001300 -0.050000
v 2.943488 0.001300 -0.040435
v 2.989265 0.001300 -0.010037
v 2.910000 0.001300 -0.090000
v 2.910058 0.001300 -0.010438
v 2.910000 -0.001300 -0.090000
v 2.910729 -0.001299 -0.010083
v 2.938515 -0.001300 -0.050000
v 2.950000 -0.001300 -0.061485
v 2.950000 -0.001300 -0.050000
v 2.950000 -0.001300 -0.038515
v 2.959876 -0.001300 -0.056105
v 2.961485 -0.001300 -0.050000
v 2.956105 -0.001300 -0.040124
v 2.952500 -0.001300 -0.025000
v 2.989566 -0.001300 -0.010066
v 2.990000 -0.001300 -0.090000
v 2.959654 0.001300 -0.056320
v 2.961233 0.001300 -0.052637
v 2.961215 0.001300 -0.047152
v 2.939700 0.001300 -0.055201
v 2.938641 0.001300 -0.051875
v 2.938767 0.001300 -0.047363
v 2.940346 0.001300 -0.043680
v 2.946359 0.001300 -0.061025
v 2.947642 0.001300 -0.038705
v 2.952358 0.001300 -0.061295
v 2.956512 0.001300 -0.059565
v 2.953641 0.001300 -0.038975
v 2.958666 0.001300 -0.042272
v 2.940346 -0.001300 -0.056320
v 2.938767 -0.001300 -0.052637
v 2.938880 -0.001300 -0.046659
v 2.961360 -0.001300 -0.051875
v 2.961233 -0.001300 -0.047363
v 2.959654 -0.001300 -0.043680
v 2.956320 -0.001300 -0.059654
v 2.952637 -0.001300 -0.061233
v 2.951875 -0.001300 -0.038641
v 2.948125 -0.001300 -0.061359
v 2.943895 -0.001300 -0.059876
v 2.947363 -0.001300 -0.038767
v 2.942384 -0.001300 -0.041174
vn 0.7366 -0.0287 -0.6757
vn 0.6757 -0.0287 0.7366
vn -0.7366 -0.0287 0.6757
vn -0.6757 -0.0287 -0.7366
vn -0.0000 1.0000 -0.0000
vn -0.0000 -0.0000 1.0000
vn -0.0000 -0.0000 -1.0000
vn -0.0000 -1.0000 -0.0000
vn 1.0000 -0.0000 -0.0000
vn -1.0000 -0.0000 -0.0000
vn -0.7564 0.0397 0.6529
vn -0.6529 0.0397 -0.7564
vn 0.7564 0.0397 -0.6529
vn 0.6529 0.0397 0.7564
vn -0.0635 -0.0311 -0.9975
vn 0.0429 0.9989 0.0167
vn -0.0443 -0.9989 0.0166
vn -0.0000 0.9989 0.0466
vn 0.0038 -0.0937 -0.9956
vn -0.0000 0.0002 1.0000
vn -0.0000 0.9989 -0.0471
vn -0.0471 0.9989 -0.0000
vn -0.0000 -0.9989 -0.0471
vn 0.0471 -0.9989 -0.0000
vn -0.0468 -0.9989 -0.0000
vn 0.0445 0.9990 0.0002
vn -0.8328 -0.1636 -0.5289
vn 0.8068 -0.2232 0.5470
vn 0.8371 -0.2203 -0.5008
vn 0.4004 -0.2288 0.8873
vn 0.5195 -0.2471 -0.8180
vn -0.3536 -0.0531 0.9339
vn 0.9311 0.1737 -0.3208
vn 0.7555 0.1709 -0.6325
vn -0.5790 0.3045 -0.7564
vn 0.5790 0.3045 0.7564
vn 0.9622 0.0155 -0.2719
vn 0.6757 0.0287 -0.7366
vn 0.9622 -0.0155 0.2719
vn 0.2719 0.0155 0.9622
vn 0.7366 0.0287 0.6757
vn -0.2719 -0.0155 0.9622
vn -0.9622 0.0155 0.2719
vn -0.6757 0.0287 0.7366
vn -0.9622 -0.0155 -0.2719
vn -0.2719 0.0155 -0.9622
vn -0.7366 0.0287 -0.6757
vn 0.2719 -0.0155 -0.9622
vn -0.3042 0.0071 0.9526
vn -0.9926 0.0094 0.1209
vn -0.6477 -0.0195 0.7616
vn -0.8897 -0.0291 0.4557
vn -0.9526 0.0071 -0.3042
vn -0.1209 0.0094 -0.9926
vn -0.7616 -0.0195 -0.6477
vn -0.4557 -0.0291 -0.8897
vn 0.3042 0.0071 -0.9526
vn 0.9926 0.0094 -0.1209
vn 0.6477 -0.0195 -0.7616
vn 0.8897 -0.0291 -0.4557
vn 0.9526 0.0071 0.3042
vn 0.1209 0.0094 0.9926
vn 0.7616 -0.0195 0.6477
vn 0.4557 -0.0291 0.8897
vn 0.9983 -0.0000 -0.0589
vn 0.0601 0.0027 0.9982
vn -0.9981 0.0048 0.0619
vn 0.0307 -0.9991 0.0303
vn -0.0008 -0.9986 0.0530
vn -0.0307 0.9991 0.0302
vn -0.0601 -0.0027 0.9982
vn 0.0013 0.9982 0.0606
vn 0.0635 0.0311 -0.9975
vn -0.0038 0.0937 -0.9956
vn -0.0000 -0.0002 1.0000
vn -0.0000 0.9989 -0.0470
vn -0.0320 0.9990 -0.0320
vn -0.0429 0.9991 0.0004
vn -0.0000 -0.9989 -0.0470
vn 0.0320 -0.9990 -0.0320
vn -0.0327 -0.9990 -0.0312
vn 0.0428 -0.9991 0.0004
vn 0.0327 0.9990 -0.0312
vn -0.0471 -0.9989 -0.0000
vn -0.9983 -0.0000 -0.0589
vn 0.0471 0.9989 -0.0000
vn -1.0000 0.0002 -0.0000
vn 0.9981 -0.0048 0.0619
vn 1.0000 -0.0002 -0.0000
vn -0.9960 0.0154 0.0882
vn 0.9926 -0.0606 0.1054
vn 0.9960 -0.0154 0.0882
vn 0.7045 0.1957 -0.6821
vn -0.9972 0.0106 0.0737
vn -0.0882 -0.0154 0.9960
vn -0.6988 -0.1598 -0.6972
vn -0.1172 0.0794 -0.9899
vn 0.1076 0.0540 0.9927
vn 0.1076 -0.0540 -0.9927
vn -0.7222 -0.0247 0.6912
vn -0.9239 -0.0000 0.3827
vn -0.9929 -0.0417 -0.1117
vn 0.9946 -0.0168 -0.1027
vn -0.8744 0.1636 -0.4568
vn 0.8001 -0.0428 0.5983
vn 0.9375 0.1785 0.2987
vn -0.0800 0.0007 0.9968
vn 0.9096 0.1431 -0.3900
vn 0.5120 0.2068 0.8337
vn 0.3767 0.1996 -0.9046
vn -0.1173 0.0245 -0.9928
vn -0.3837 0.0641 0.9212
vn -0.5316 0.0336 -0.8463
vn 0.9169 0.0523 0.3956
vn 0.6988 -0.1598 0.6972
vn 0.9947 -0.0317 -0.0974
vn -0.9394 0.0100 0.3426
vn 0.8117 -0.2691 -0.5184
vn -0.9960 -0.0154 -0.0882
vn -0.9169 0.0523 -0.3956
vn -0.6971 -0.0061 0.7170
vn -0.3827 -0.0000 0.9239
vn 0.1172 0.0794 0.9899
vn -0.3201 -0.2533 -0.9129
vn 0.0882 -0.0154 -0.9960
vn 0.3201 -0.2533 0.9129
vn 0.4172 -0.0395 -0.9079
vt 0.839652 1.000000
vt 0.830933 0.500000
vt 0.910348 0.500000
vt 0.589652 1.000000
vt 0.580933 0.500000
vt 0.660348 0.500000
vt 0.339652 1.000000
vt 0.330933 0.500000
vt 0.410348 0.500000
vt 0.089652 1.000000
vt 0.080933 0.500000
vt 0.160348 0.500000
vt 0.743750 0.706250
vt 0.625000 0.750000
vt 0.668750 0.668750
vt 0.875000 0.750000
vt 0.375000 1.000000
vt 0.375000 0.750000
vt 0.625000 0.250000
vt 0.375000 0.500000
vt 0.375000 0.250000
vt 0.279687 0.543750
vt 0.331250 0.618750
vt 0.275000 0.606513
vt 0.274633 0.645019
vt 0.275000 0.631549
vt 0.290625 0.706250
vt 0.125000 0.500000
vt 0.164062 0.592969
vt 0.225367 0.604981
vt 0.225000 0.618451
vt 0.125000 0.750000
vt 0.875000 0.500000
vt 0.704687 0.543750
vt 0.625000 0.500000
vt 0.625000 -0.000000
vt 0.375000 -0.000000
vt 0.816403 0.500000
vt 0.856567 1.000000
vt 0.910153 0.500000
vt 0.566403 0.500000
vt 0.606567 1.000000
vt 0.660153 0.500000
vt 0.316403 0.500000
vt 0.356567 1.000000
vt 0.410153 0.500000
vt 0.066403 0.500000
vt 0.106567 1.000000
vt 0.160153 0.500000
vt 0.625000 0.999869
vt 0.375000 0.976716
vt 0.374869 0.750000
vt 0.375000 0.726715
vt 0.348909 0.725073
vt 0.874869 0.750000
vt 0.875000 0.726715
vt 0.850037 0.723913
vt 0.148285 0.750000
vt 0.151853 0.723575
vt 0.625000 0.773285
vt 0.375000 0.750131
vt 0.375000 0.475814
vt 0.625000 0.274186
vt 0.375000 0.275000
vt 0.275000 0.607379
vt 0.275000 0.619792
vt 0.256250 0.687500
vt 0.267621 0.650000
vt 0.242660 0.650000
vt 0.228705 0.648641
vt 0.150000 0.525000
vt 0.350814 0.500000
vt 0.150000 0.500000
vt 0.125000 0.726420
vt 0.125000 0.525000
vt 0.850000 0.525000
vt 0.775000 0.625000
vt 0.775000 0.632340
vt 0.775000 0.643451
vt 0.769031 0.650000
vt 0.651853 0.723579
vt 0.756553 0.650000
vt 0.650000 0.525000
vt 0.730969 0.600000
vt 0.743447 0.600000
vt 0.726260 0.646904
vt 0.850814 0.500000
vt 0.650000 0.500000
vt 0.625000 0.726420
vt 0.625000 0.525000
vt 0.350000 0.525000
vt 0.753903 0.500000
vt 0.794067 1.000000
vt 0.746097 1.000000
vt 0.737183 0.500000
vt 0.503903 0.500000
vt 0.544067 1.000000
vt 0.496097 1.000000
vt 0.487183 0.500000
vt 0.253903 0.500000
vt 0.294067 1.000000
vt 0.246097 1.000000
vt 0.237183 0.500000
vt 0.011857 0.500000
vt 0.044067 1.000000
vt 0.012817 1.000000
vt 0.000000 0.500000
vt 0.725000 0.635157
vt 0.726834 0.648581
vt 0.775000 0.614843
vt 0.775000 0.610117
vt 0.770748 0.601023
vt 0.773582 0.648166
vt 0.775000 0.634303
vt 0.760141 0.600000
vt 0.756549 0.600000
vt 0.760157 0.650000
vt 0.744094 0.600000
vt 0.731510 0.600000
vt 0.225000 0.630906
vt 0.225000 0.634289
vt 0.225000 0.640673
vt 0.229981 0.649633
vt 0.261564 0.650000
vt 0.238436 0.600000
vt 0.232379 0.600000
vt 0.919067 1.000000
vt 0.669067 1.000000
vt 0.419067 1.000000
vt 0.169067 1.000000
vt 0.625000 1.000000
vt 0.275000 0.625000
vt 0.275000 0.619094
vt 0.267660 0.600000
vt 0.256549 0.600000
vt 0.250000 0.600000
vt 0.250000 0.650000
vt 0.987183 0.500000
vt 0.988143 1.000000
vt 0.243451 0.650000
vt 0.225000 0.625000
vt 0.831250 0.631250
vt 0.750000 0.600000
vt 0.750000 0.650000
vt 0.740697 0.650000
vt 0.725000 0.607340
vt 0.725000 0.618451
vt 0.725000 0.625000
vt 0.981567 1.000000
vt 0.987183 0.500000
vt 0.731567 1.000000
vt 0.481567 1.000000
vt 0.231567 1.000000
vt 0.000000 1.000000
vt 0.625000 0.225000
vt 0.375000 0.225000
vt 0.375000 0.250000
vt 0.625000 0.475000
vt 0.625000 0.750000
vt 0.648285 0.750000
vt 0.275000 0.632340
vt 0.275000 0.643451
vt 0.257340 0.600000
vt 0.268451 0.600000
vt 0.255208 0.650000
vt 0.244792 0.600000
vt 0.225000 0.617660
vt 0.225000 0.606549
vt 0.775000 0.619792
vt 0.773145 0.600861
vt 0.739831 0.650000
vt 0.725000 0.617660
vt 0.725000 0.606549
vt 0.725000 0.632910
vt 0.875000 0.525000
vt 0.375000 0.525000
vt 0.625000 0.000000
vt 0.375000 0.000000
vt 0.375000 0.023580
vt 0.625000 0.023285
s 0
usemtl Brass
f 2621/2881/3713 2620/2882/3713 2618/2883/3713
f 2627/2884/3714 2626/2885/3714 2624/2886/3714
f 2633/2887/3715 2632/2888/3715 2630/2889/3715
f 2639/2890/3716 2638/2891/3716 2636/2892/3716
f 2698/2918/3723 2699/2919/3723 2696/2920/3723
f 2705/2921/3724 2706/2922/3724 2703/2923/3724
f 2712/2924/3725 2713/2925/3725 2710/2926/3725
f 2719/2927/3726 2720/2928/3726 2717/2929/3726
f 2622/2972/3720 2698/2918/3720 2620/2882/3720
f 2621/2881/3717 2700/2973/3717 2623/2974/3717
f 2622/2972/3720 2701/2975/3720 2698/2918/3720
f 2628/2976/3720 2705/2921/3720 2626/2885/3720
f 2627/2884/3717 2707/2977/3717 2629/2978/3717
f 2628/2976/3720 2708/2979/3720 2705/2921/3720
f 2634/2980/3720 2712/2924/3720 2632/2888/3720
f 2633/2887/3717 2714/2981/3717 2635/2982/3717
f 2634/2980/3720 2715/2983/3720 2712/2924/3720
f 2640/2984/3720 2719/2927/3720 2638/2891/3720
f 2639/2890/3717 2721/2985/3717 2617/2986/3717
f 2640/2984/3720 2694/2987/3720 2719/2927/3720
f 2622/2972/3749 2620/2882/3749 2621/2881/3749 2623/2974/3749
f 2619/3007/3750 2621/2881/3750 2618/2883/3750
f 2624/2886/3751 2622/2972/3751 2623/2974/3751 2625/3008/3751
f 2628/2976/3752 2626/2885/3752 2627/2884/3752 2629/2978/3752
f 2625/3008/3753 2627/2884/3753 2624/2886/3753
f 2630/2889/3754 2628/2976/3754 2629/2978/3754 2631/3009/3754
f 2634/2980/3755 2632/2888/3755 2633/2887/3755 2635/2982/3755
f 2631/3009/3756 2633/2887/3756 2630/2889/3756
f 2636/2892/3757 2634/2980/3757 2635/2982/3757 2637/3010/3757
f 2640/2984/3758 2638/2891/3758 2639/2890/3758 2617/2986/3758
f 2637/3010/3759 2639/2890/3759 2636/2892/3759
f 2618/2883/3760 2640/3018/3760 2617/3019/3760 2619/3007/3760
f 2695/3029/3761 2694/3030/3761 2696/2920/3761 2697/3007/3761
f 2700/2973/3762 2698/2918/3762 2701/2975/3762 2702/3031/3762
f 2696/2920/3763 2699/2919/3763 2697/3007/3763
f 2698/2918/3764 2700/2973/3764 2699/2919/3764
f 2702/3031/3765 2701/2975/3765 2703/2923/3765 2704/3008/3765
f 2707/2977/3766 2705/2921/3766 2708/2979/3766 2709/3032/3766
f 2703/2923/3767 2706/2922/3767 2704/3008/3767
f 2705/2921/3768 2707/2977/3768 2706/2922/3768
f 2709/3032/3769 2708/2979/3769 2710/2926/3769 2711/3009/3769
f 2714/2981/3770 2712/2924/3770 2715/2983/3770 2716/3033/3770
f 2710/2926/3771 2713/2925/3771 2711/3009/3771
f 2712/2924/3772 2714/2981/3772 2713/2925/3772
f 2716/3033/3773 2715/2983/3773 2717/2929/3773 2718/3010/3773
f 2721/2985/3774 2719/2927/3774 2694/2987/3774 2695/3034/3774
f 2717/2929/3775 2720/2928/3775 2718/3010/3775
f 2719/2927/3776 2721/2985/3776 2720/2928/3776
f 2694/3030/3720 2640/3018/3720 2618/2883/3720 2696/2920/3720
f 2697/3007/3717 2619/3007/3717 2617/3019/3717 2695/3029/3717
f 2699/2919/3717 2621/2881/3717 2619/3007/3717 2697/3007/3717
f 2696/2920/3720 2618/2883/3720 2620/2882/3720 2698/2918/3720
f 2701/2975/3720 2622/2972/3720 2624/2886/3720 2703/2923/3720
f 2621/2881/3717 2699/2919/3717 2700/2973/3717
f 2623/2974/3717 2700/2973/3717 2702/3031/3717
f 2704/3008/3717 2625/3008/3717 2623/2974/3717 2702/3031/3717
f 2706/2922/3717 2627/2884/3717 2625/3008/3717 2704/3008/3717
f 2703/2923/3720 2624/2886/3720 2626/2885/3720 2705/2921/3720
f 2708/2979/3720 2628/2976/3720 2630/2889/3720 2710/2926/3720
f 2627/2884/3717 2706/2922/3717 2707/2977/3717
f 2629/2978/3717 2707/2977/3717 2709/3032/3717
f 2711/3009/3717 2631/3009/3717 2629/2978/3717 2709/3032/3717
f 2713/2925/3717 2633/2887/3717 2631/3009/3717 2711/3009/3717
f 2710/2926/3720 2630/2889/3720 2632/2888/3720 2712/2924/3720
f 2715/2983/3720 2634/2980/3720 2636/2892/3720 2717/2929/3720
f 2633/2887/3717 2713/2925/3717 2714/2981/3717
f 2635/2982/3717 2714/2981/3717 2716/3033/3717
f 2718/3010/3717 2637/3010/3717 2635/2982/3717 2716/3033/3717
f 2720/2928/3717 2639/2890/3717 2637/3010/3717 2718/3010/3717
f 2717/2929/3720 2636/2892/3720 2638/2891/3720 2719/2927/3720
f 2639/2890/3717 2720/2928/3717 2721/2985/3717
f 2617/2986/3717 2721/2985/3717 2695/3034/3717
usemtl ThickCloth
f 2657/2893/3717 2648/2894/3717 2649/2895/3717
f 2645/2896/3717 2648/2894/3717 2657/2893/3717
f 2648/2894/3718 2643/2897/3718 2644/2898/3718
f 2646/2899/3719 2647/2900/3719 2641/2901/3719
f 2666/2902/3720 2667/2903/3720 2664/2904/3720
f 2667/2903/3720 2686/2905/3720 2685/2906/3720
f 2667/2903/3720 2668/2907/3720 2686/2905/3720
f 2647/2900/3720 2666/2902/3720 2641/2908/3720
f 2659/2909/3720 2691/2910/3720 2681/2911/3720
f 2659/2909/3720 2643/2912/3720 2641/2908/3720
f 2646/2913/3717 2651/2914/3717 2642/2915/3717
f 2649/2895/3717 2648/2894/3717 2642/2915/3717
f 2647/2900/3720 2667/2903/3720 2666/2902/3720
f 2644/2898/3720 2668/2907/3720 2667/2903/3720
f 2642/2915/3721 2644/2898/3721 2647/2900/3721
f 2645/2916/3722 2641/2901/3722 2643/2917/3722
f 2722/2897/3727 2735/2930/3727 2732/2931/3727
f 2733/2932/3728 2740/2933/3728 2765/2934/3728
f 2735/2935/3729 2738/2936/3729 2754/2937/3729
f 2732/2938/3730 2765/2934/3730 2756/2939/3730
f 2732/2931/3731 2734/2940/3731 2733/2941/3731
f 2728/2942/3732 2730/2943/3732 2729/2944/3732
f 2761/2945/3717 2783/2946/3717 2765/2934/3717
f 2764/2947/3717 2765/2934/3717 2763/2948/3717
f 2764/2947/3717 2791/2949/3717 2792/2950/3717
f 2755/2951/3733 2728/2952/3733 2729/2953/3733
f 2737/2954/3734 2755/2951/3734 2736/2955/3734
f 2754/2937/3720 2753/2956/3720 2750/2957/3720 2772/2958/3720 2773/2959/3720 2751/2960/3720
f 2752/2961/3720 2754/2937/3720 2751/2960/3720
f 2752/2961/3720 2751/2960/3720 2775/2962/3720
f 2744/2963/3720 2777/2964/3720 2776/2965/3720
f 2744/2963/3720 2752/2961/3720 2779/2966/3720
f 2744/2963/3735 2730/2967/3735 2731/2968/3735
f 2743/2969/3736 2744/2963/3736 2742/2970/3736
f 2754/2937/3737 2738/2936/3737 2753/2956/3737
f 2765/2934/3738 2740/2933/3738 2766/2971/3738
f 2671/2988/3739 2779/2966/3739 2680/2989/3739
f 2672/2990/3740 2770/2991/3740 2655/2992/3740
f 2674/2993/3741 2773/2959/3741 2673/2994/3741
f 2655/2992/3742 2774/2995/3742 2675/2996/3742
f 2676/2997/3743 2751/2960/3743 2674/2993/3743
f 2677/2998/3744 2776/2965/3744 2678/2999/3744
f 2682/3000/3745 2782/3001/3745 2683/3002/3745
f 2683/3002/3746 2792/2950/3746 2693/3003/3746
f 2689/3004/3747 2763/2948/3747 2686/2905/3747
f 2690/3005/3748 2790/3006/3748 2691/2910/3748
f 2668/2907/3720 2644/2898/3720 2643/2912/3720
f 2648/2894/3718 2645/3011/3718 2643/2897/3718
f 2646/2899/3719 2642/2915/3719 2647/2900/3719
f 2667/2903/3720 2665/3012/3720 2684/3013/3720
f 2667/2903/3720 2684/3013/3720 2664/2904/3720
f 2685/2906/3720 2665/3012/3720 2667/2903/3720
f 2687/3014/3720 2688/3015/3720 2661/3016/3720 2666/2902/3720 2664/2904/3720
f 2668/2907/3720 2663/3017/3720 2689/3004/3720
f 2686/2905/3720 2668/2907/3720 2689/3004/3720
f 2691/2910/3720 2666/2902/3720 2690/3005/3720
f 2666/2902/3720 2661/3016/3720 2690/3005/3720
f 2663/3017/3720 2668/2907/3720 2692/3020/3720
f 2668/2907/3720 2693/3003/3720 2692/3020/3720
f 2641/2908/3720 2666/2902/3720 2659/2909/3720
f 2666/2902/3720 2691/2910/3720 2659/2909/3720
f 2681/2911/3720 2660/3021/3720 2659/2909/3720
f 2682/3000/3720 2683/3002/3720 2693/3003/3720 2659/2909/3720 2660/3021/3720
f 2668/2907/3720 2643/2912/3720 2659/2909/3720 2693/3003/3720
f 2658/3022/3717 2655/2992/3717 2651/2914/3717 2646/2913/3717
f 2657/2893/3717 2674/2993/3717 2658/3022/3717 2645/2896/3717
f 2658/3022/3717 2656/2957/3717 2672/2990/3717
f 2672/2990/3717 2655/2992/3717 2658/3022/3717
f 2673/2994/3717 2656/2957/3717 2658/3022/3717
f 2658/3022/3717 2674/2993/3717 2673/2994/3717
f 2652/3023/3717 2651/2914/3717 2675/2996/3717
f 2651/2914/3717 2655/2992/3717 2675/2996/3717
f 2657/2893/3717 2654/3024/3717 2676/2997/3717
f 2674/2993/3717 2657/2893/3717 2676/2997/3717
f 2651/2914/3717 2652/3023/3717 2677/2998/3717
f 2677/2998/3717 2678/2999/3717 2651/2914/3717
f 2654/3024/3717 2657/2893/3717 2679/3025/3717
f 2657/2893/3717 2680/2989/3717 2679/3025/3717
f 2651/2914/3717 2678/2999/3717 2649/2895/3717
f 2669/3026/3717 2670/3027/3717 2650/3028/3717 2649/2895/3717 2678/2999/3717
f 2649/2895/3717 2650/3028/3717 2671/2988/3717
f 2671/2988/3717 2680/2989/3717 2649/2895/3717
f 2649/2895/3717 2680/2989/3717 2657/2893/3717
f 2651/2914/3717 2649/2895/3717 2642/2915/3717
f 2646/2913/3717 2645/2896/3717 2658/3022/3717
f 2647/2900/3720 2644/2898/3720 2667/2903/3720
f 2642/2915/3721 2648/2894/3721 2644/2898/3721
f 2645/2916/3722 2646/2899/3722 2641/2901/3722
f 2739/3035/3777 2736/3036/3777 2723/3037/3777 2724/2899/3777
f 2731/3038/3778 2728/2942/3778 2726/2900/3778 2727/2915/3778
f 2743/2969/3779 2740/2933/3779 2733/2932/3779 2725/3039/3779
f 2734/3040/3780 2752/2961/3780 2743/2969/3780 2725/3039/3780
f 2754/2937/3781 2752/2961/3781 2734/3040/3781 2735/2935/3781
f 2732/2938/3782 2756/2939/3782 2737/2954/3782 2722/2912/3782
f 2724/2899/3783 2723/3037/3783 2729/2944/3783 2730/2943/3783
f 2732/2938/3784 2733/2932/3784 2765/2934/3784
f 2733/2941/3785 2734/2940/3785 2725/3039/3785
f 2732/2931/3786 2735/2930/3786 2734/2940/3786
f 2728/2942/3787 2731/3038/3787 2730/2943/3787
f 2766/2971/3717 2761/2945/3717 2765/2934/3717
f 2762/3012/3717 2765/2934/3717 2783/2946/3717
f 2765/2934/3717 2762/3012/3717 2784/3041/3717 2785/3042/3717 2763/2948/3717
f 2787/3043/3717 2786/3044/3717 2761/2945/3717 2766/2971/3717 2755/2951/3717 2758/3016/3717
f 2788/3045/3717 2760/3017/3717 2764/2947/3717
f 2763/2948/3717 2788/3045/3717 2764/2947/3717
f 2789/3046/3717 2758/3016/3717 2755/2951/3717
f 2790/3006/3717 2789/3046/3717 2755/2951/3717
f 2764/2947/3717 2760/3017/3717 2791/2949/3717
f 2756/2939/3717 2765/2934/3717 2764/2947/3717
f 2755/2951/3788 2766/2971/3788 2728/2952/3788
f 2781/3047/3717 2780/3048/3717 2790/3006/3717 2755/2951/3717 2757/3021/3717
f 2764/2947/3717 2792/2950/3717 2755/2951/3717 2756/2939/3717
f 2757/3021/3717 2755/2951/3717 2782/3001/3717
f 2755/2951/3717 2792/2950/3717 2782/3001/3717
f 2729/2953/3789 2723/2908/3789 2736/2955/3789 2755/2951/3789
f 2737/2954/3790 2756/2939/3790 2755/2951/3790
f 2770/2991/3720 2771/3049/3720 2750/2957/3720 2753/2956/3720 2749/3050/3720
f 2744/2963/3720 2746/3023/3720 2774/2995/3720 2749/3050/3720 2753/2956/3720
f 2775/2962/3720 2748/3024/3720 2752/2961/3720
f 2776/2965/3720 2746/3023/3720 2744/2963/3720
f 2752/2961/3720 2748/3024/3720 2778/3051/3720
f 2778/3051/3720 2779/2966/3720 2752/2961/3720
f 2744/2963/3791 2753/2956/3791 2730/2967/3791
f 2768/3052/3720 2767/3053/3720 2777/2964/3720 2744/2963/3720 2745/3028/3720
f 2731/2968/3792 2727/2915/3792 2742/2970/3792 2744/2963/3792
f 2745/3028/3720 2744/2963/3720 2769/3054/3720
f 2744/2963/3720 2779/2966/3720 2769/3054/3720
f 2739/3055/3793 2724/2913/3793 2730/2967/3793 2753/2956/3793
f 2743/2969/3794 2752/2961/3794 2744/2963/3794
f 2741/3056/3795 2726/2900/3795 2728/2952/3795 2766/2971/3795
f 2753/2956/3796 2738/2936/3796 2739/3055/3796
f 2727/2915/3797 2726/2900/3797 2741/3056/3797 2742/2970/3797
f 2766/2971/3798 2740/2933/3798 2741/3056/3798
f 2742/2970/3799 2741/3056/3799 2740/2933/3799 2743/2969/3799
f 2735/3057/3800 2722/3058/3800 2737/3059/3800 2738/3060/3800
f 2738/3060/3801 2737/3059/3801 2736/3036/3801 2739/3035/3801
f 2745/3028/3802 2650/3028/3802 2670/3027/3802 2768/3052/3802
f 2771/3049/3803 2672/2990/3803 2656/2957/3803 2750/2957/3803
f 2757/3021/3804 2660/3021/3804 2681/2911/3804 2781/3047/3804
f 2674/2993/3805 2751/2960/3805 2773/2959/3805
f 2783/2946/3806 2684/3013/3806 2665/3012/3806 2762/3012/3806
f 2758/3016/3807 2661/3016/3807 2688/3015/3807 2787/3043/3807
f 2686/2905/3808 2763/2948/3808 2785/3042/3808
f 2788/3045/3809 2689/3004/3809 2663/3017/3809 2760/3017/3809
f 2746/3023/3810 2652/3023/3810 2675/2996/3810 2774/2995/3810
f 2775/2962/3811 2676/2997/3811 2654/3024/3811 2748/3024/3811
f 2767/3053/3812 2669/3026/3812 2678/2999/3812 2777/2964/3812
f 2768/3052/3813 2670/3027/3813 2669/3026/3813 2767/3053/3813
f 2769/3054/3814 2671/2988/3814 2650/3028/3814 2745/3028/3814
f 2750/2957/3815 2656/2957/3815 2673/2994/3815 2772/2958/3815
f 2671/2988/3816 2769/3054/3816 2779/2966/3816
f 2655/2992/3817 2770/2991/3817 2749/3050/3817
f 2672/2990/3818 2771/3049/3818 2770/2991/3818
f 2776/2965/3819 2677/2998/3819 2652/3023/3819 2746/3023/3819
f 2673/2994/3820 2773/2959/3820 2772/2958/3820
f 2655/2992/3821 2749/3050/3821 2774/2995/3821
f 2676/2997/3822 2775/2962/3822 2751/2960/3822
f 2748/3024/3823 2654/3024/3823 2679/3025/3823 2778/3051/3823
f 2678/2999/3824 2776/2965/3824 2777/2964/3824
f 2778/3051/3825 2679/3025/3825 2680/2989/3825 2779/2966/3825
f 2781/3047/3826 2681/2911/3826 2691/2910/3826 2780/3048/3826
f 2691/2910/3827 2790/3006/3827 2780/3048/3827
f 2782/3001/3828 2682/3000/3828 2660/3021/3828 2757/3021/3828
f 2761/2945/3829 2664/2904/3829 2684/3013/3829 2783/2946/3829
f 2683/3002/3830 2782/3001/3830 2792/2950/3830
f 2762/3012/3831 2665/3012/3831 2685/2906/3831 2784/3041/3831
f 2784/3041/3832 2685/2906/3832 2686/2905/3832 2785/3042/3832
f 2786/3044/3833 2687/3014/3833 2664/2904/3833 2761/2945/3833
f 2787/3043/3834 2688/3015/3834 2687/3014/3834 2786/3044/3834
f 2789/3046/3835 2690/3005/3835 2661/3016/3835 2758/3016/3835
f 2689/3004/3836 2788/3045/3836 2763/2948/3836
f 2760/3017/3837 2663/3017/3837 2692/3020/3837 2791/2949/3837
f 2690/3005/3838 2789/3046/3838 2790/3006/3838
f 2791/2949/3839 2692/3020/3839 2693/3003/3839 2792/2950/3839
l 2652 2653
l 2653 2654
l 2661 2662
l 2662 2663
l 2665 2662
l 2662 2660
l 2656 2653
l 2653 2650
l 2746 2747
l 2747 2748
l 2758 2759
l 2759 2760
l 2762 2759
l 2759 2757
l 2750 2747
l 2747 2745
o Rope07
v 2.945908 -0.061972 -0.040608
v 2.954059 -0.058967 -0.033313
v 2.940627 -0.148949 0.403399
v 2.944225 -0.055446 -0.025013
v 2.938076 -0.059118 -0.033790
v 2.938132 -0.082704 -0.021901
v 2.938569 0.141342 0.429592
v 2.939111 -0.031861 0.505793
v 2.938327 -0.087273 0.479865
v 2.938876 -0.137937 0.436533
v 2.939032 -0.188682 0.122163
v 2.938412 -0.097142 -0.013384
v 2.938494 -0.203313 0.236086
v 2.938267 -0.182908 0.348071
v 2.938488 0.000033 0.508252
v 2.939338 0.039341 0.504676
v 2.938395 0.083864 0.483405
v 2.938330 0.166848 0.387333
v 2.938873 0.192907 0.319178
v 2.939538 0.203600 0.200319
v 2.938065 0.200879 0.246071
v 2.938198 0.184559 0.116398
v 2.939352 0.088523 -0.022364
v 2.938519 0.013266 -0.047897
v 2.938429 -0.137888 0.026854
v 2.938226 -0.174507 0.089418
v 2.938495 -0.204079 0.226132
v 2.938360 -0.200907 0.265822
v 2.939601 -0.177016 0.371295
v 2.940211 -0.173986 0.080233
v 2.939934 -0.170649 0.386512
v 2.938369 -0.033940 -0.044237
v 2.940580 -0.118174 -0.000603
v 2.940511 -0.202977 0.182483
v 2.940371 -0.193807 0.325258
v 2.942243 -0.095963 -0.020301
v 2.941362 -0.201138 0.295393
v 2.942507 -0.190783 0.340924
v 2.941293 -0.087094 0.485709
v 2.940999 0.118725 0.460335
v 2.940962 0.178635 0.370041
v 2.940287 0.193413 0.133779
v 2.942287 0.180116 0.090292
v 2.942559 0.155457 0.042912
v 2.942353 -0.055182 -0.042143
v 2.941212 -0.186495 0.108657
v 2.940491 -0.202339 0.176352
v 2.943198 -0.054824 0.502497
v 2.942143 0.204029 0.279535
v 2.943205 -0.082414 -0.029449
v 2.940677 -0.154811 0.043450
v 2.941364 -0.127219 0.007749
v 2.941003 -0.146544 0.032345
v 2.945908 -0.127128 0.454207
v 2.943771 0.157287 0.414876
v 2.945908 0.192226 0.338866
v 2.945252 0.207014 0.200788
v 2.945908 0.055169 -0.043023
v 2.944206 -0.000009 -0.052666
v 2.945908 -0.206121 0.269681
v 2.947604 -0.160527 0.410498
v 2.946235 -0.175100 0.076990
v 2.945908 -0.179886 0.372074
v 2.945908 -0.164867 0.402365
v 2.946697 0.001004 0.512840
v 2.945908 0.191615 0.119780
v 2.945301 0.126419 0.005056
v 2.948824 0.027817 -0.050386
v 2.945908 -0.106883 -0.012837
v 2.945908 -0.165381 0.058410
v 2.948336 -0.200797 0.156019
v 2.946673 -0.147845 0.031211
v 2.946644 -0.206362 0.194398
v 2.949043 -0.205436 0.269758
v 2.945908 -0.027473 0.510335
v 2.950953 0.021627 0.510324
v 2.946420 0.058525 0.501904
v 2.945908 0.082664 0.489578
v 2.947316 0.180219 0.370826
v 2.948432 0.204548 0.281249
v 2.945908 0.102862 -0.016350
v 2.945908 0.080754 -0.030684
v 2.945908 -0.029419 -0.049964
v 2.946673 -0.205990 0.193659
v 2.949071 -0.191075 0.340261
v 2.947626 -0.189235 0.112498
v 2.949589 -0.080642 -0.030067
v 2.947437 -0.192094 0.122238
v 2.945908 -0.207803 0.232266
v 2.951010 0.206217 0.230491
v 2.949248 0.200194 0.155697
v 2.949933 0.169975 0.068677
v 2.945908 -0.200238 0.306176
v 2.949018 -0.179106 0.372897
v 2.953408 -0.100590 -0.012331
v 2.951115 -0.172290 0.075852
v 2.950278 -0.195779 0.320913
v 2.949460 -0.147717 0.428012
v 2.949462 -0.106025 0.472587
v 2.949461 -0.081449 0.489704
v 2.947387 0.120407 0.461103
v 2.951844 0.157638 0.410494
v 2.951467 0.136298 0.019285
v 2.952981 0.000611 -0.049248
v 2.950446 -0.056714 -0.040583
v 2.952323 -0.092713 -0.019852
v 2.948384 -0.135596 0.015683
v 2.949043 -0.207463 0.231906
v 2.953245 -0.203363 0.233516
v 2.953286 -0.158045 0.405153
v 2.951652 -0.038206 0.505789
v 2.952485 0.197285 0.302976
v 2.953407 0.200669 0.186354
v 2.953447 -0.033940 -0.044237
v 2.953577 -0.161420 0.061559
v 2.953212 -0.202347 0.200366
v 2.951241 -0.134980 0.016696
v 2.951760 -0.197100 0.147549
v 2.952547 0.067886 0.494235
v 2.953577 0.113979 0.459899
v 2.952842 0.183526 0.352027
v 2.953422 0.186449 0.118888
v 2.953588 0.053726 -0.037325
v 2.953570 -0.133195 0.020411
v 2.952745 -0.184645 0.111147
v 2.953331 -0.197046 0.299313
v 2.952868 -0.201083 0.185038
v 2.953765 0.200229 0.252881
v 2.953611 -0.196517 0.290522
v 2.953111 -0.177038 0.368060
v 2.953361 -0.103916 0.469879
v 2.953856 0.147703 0.044503
v 2.953670 -0.192574 0.153366
v 2.953645 -0.177721 0.359621
v 2.953804 -0.153620 0.406398
v 2.953894 -0.163325 0.071949
v 2.953677 -0.026514 0.504212
v 2.953427 0.038620 0.498675
v 2.952783 -0.126274 0.022122
v 2.953077 -0.186040 0.139874
v 2.953004 -0.197119 0.243229
v 2.952762 -0.130921 0.432519
v 2.952781 -0.085929 0.474759
v 2.953238 0.151227 0.405624
v 2.953263 0.088822 -0.021069
v 2.952780 -0.064588 -0.026927
v 2.952950 -0.194977 0.183667
v 2.952922 -0.187187 0.315082
v 2.952658 -0.087422 -0.013300
v 2.952435 -0.185706 0.317640
v 2.952705 -0.163312 0.380777
v 2.950492 -0.049734 0.489040
v 2.951903 -0.015570 0.499657
v 2.951814 0.106546 0.456409
v 2.953006 0.183808 0.326610
v 2.951874 0.191375 0.177049
v 2.952682 0.176720 0.111373
v 2.951473 0.064818 -0.024528
v 2.949821 0.025829 -0.035275
v 2.951582 -0.136288 0.037871
v 2.951924 -0.161300 0.077608
v 2.950040 -0.165297 0.367700
v 2.951113 0.058475 0.487174
v 2.950625 0.166381 0.367332
v 2.951622 0.194021 0.253214
v 2.949940 0.136613 0.040871
v 2.952088 0.111692 0.008186
v 2.952320 -0.012215 -0.040161
v 2.948856 -0.147302 0.402373
v 2.949545 -0.157639 0.074498
v 2.951431 -0.189393 0.167698
v 2.949245 -0.193026 0.242531
v 2.947515 0.027211 0.494431
v 2.947507 0.133893 0.420922
v 2.946962 0.184877 0.300658
v 2.949290 0.161987 0.083895
v 2.949546 -0.050432 -0.028751
v 2.947507 -0.190012 0.192707
v 2.951637 -0.194710 0.245287
v 2.948936 -0.177666 0.333331
v 2.945908 -0.074134 -0.015951
v 2.947620 -0.123315 0.024798
v 2.948174 -0.152332 0.393278
v 2.945908 -0.135648 0.418229
v 2.945727 -0.116635 0.441534
v 2.945908 -0.096910 0.459994
v 2.945908 -0.073633 0.476337
v 2.946764 0.192198 0.219706
v 2.947452 -0.185105 0.157871
v 2.945908 -0.184841 0.301092
v 2.945120 -0.096487 -0.000691
v 2.945409 -0.181704 0.141123
v 2.946673 -0.185287 0.301246
v 2.946407 -0.172650 0.347750
v 2.945908 -0.026245 0.494423
v 2.946674 -0.001251 0.497059
v 2.945120 0.115310 0.443167
v 2.945908 0.176389 0.335592
v 2.945908 -0.000561 -0.036872
v 2.946051 -0.024960 -0.034684
v 2.945908 -0.074279 -0.016226
v 2.950279 -0.104311 0.003932
v 2.947039 -0.168319 0.100913
v 2.945120 -0.190274 0.265193
v 2.945123 -0.190183 0.193898
v 2.945343 0.083640 0.470851
v 2.944690 0.183216 0.148192
v 2.943565 0.117087 0.018281
v 2.946585 0.087295 -0.008299
v 2.944697 0.052230 -0.026944
v 2.945143 -0.192137 0.228566
v 2.942881 -0.151670 0.065128
v 2.942759 -0.192904 0.242831
v 2.943642 0.190521 0.267982
v 2.942839 0.162274 0.085027
v 2.941044 0.134034 0.036525
v 2.942886 -0.050252 -0.028393
v 2.945014 -0.140775 0.048060
v 2.940307 -0.175605 0.345282
v 2.941518 -0.152998 0.393912
v 2.946554 0.155807 0.386319
v 2.940327 -0.170896 0.101300
v 2.940279 -0.124840 0.023529
v 2.942046 -0.170722 0.104253
v 2.939761 -0.187794 0.302053
v 2.939696 -0.000972 0.499728
v 2.941378 0.058967 0.486197
v 2.940166 0.158924 0.386186
v 2.940330 0.025619 -0.037119
v 2.939762 -0.187734 0.157707
v 2.941514 -0.174942 0.345633
v 2.939814 -0.037943 0.494822
v 2.938758 0.143321 0.415785
v 2.939878 0.179313 0.336167
v 2.940885 0.194172 0.221125
v 2.940594 0.089770 -0.009107
v 2.942425 -0.103727 0.003952
v 2.939895 -0.194553 0.206286
v 2.939038 -0.087324 -0.013648
v 2.939517 -0.190305 0.166689
v 2.939037 -0.131086 0.432366
v 2.939036 -0.085929 0.474759
v 2.939038 0.107411 0.457561
v 2.939656 0.191169 0.288304
v 2.939301 0.186699 0.147104
v 2.938617 0.051825 -0.032331
v 2.939541 -0.012475 -0.040064
v 2.939028 -0.194533 0.266134
v 2.938789 -0.161018 0.072485
v 2.938812 -0.197119 0.243229
v 2.938700 0.037361 0.497471
v 2.938790 0.166068 0.082993
v 2.939037 -0.064588 -0.026927
v 2.939411 -0.136872 0.035302
v 2.938157 -0.141677 0.033992
v 2.938131 -0.193648 0.153860
v 2.938455 0.065389 -0.033874
v 2.938111 -0.185906 0.329283
v 2.937869 -0.155249 0.407412
v 2.938206 0.136443 0.024070
vn -0.4217 0.3646 0.8302
vn -0.9878 0.0668 0.1408
vn -0.7325 0.6651 0.1453
vn -0.9638 0.1150 0.2407
vn -0.8334 -0.5484 0.0682
vn -0.9994 -0.0284 -0.0178
vn -0.9901 -0.0337 -0.1363
vn -0.9885 0.1034 -0.1101
vn -0.9997 0.0092 -0.0234
vn -0.9998 0.0211 -0.0039
vn -0.9670 0.2481 -0.0577
vn -0.9261 0.3708 -0.0694
vn -0.9984 0.0561 -0.0042
vn -0.9957 -0.0829 -0.0413
vn -0.9746 0.1931 0.1130
vn -0.9770 0.2108 0.0323
vn -0.9745 0.1938 0.1135
vn -0.9689 -0.1584 0.1901
vn -0.9424 -0.2950 0.1577
vn 0.2860 -0.9315 -0.2249
vn -0.1138 -0.9645 -0.2384
vn -0.9735 -0.2137 -0.0815
vn -0.9674 -0.2021 -0.1525
vn -0.8485 -0.1583 -0.5050
vn -0.5559 0.5973 0.5781
vn -0.9593 0.1190 0.2561
vn 0.1342 -0.7120 0.6893
vn -0.9568 -0.2891 -0.0304
vn -0.9676 0.2373 -0.0863
vn -0.6264 0.7252 0.2857
vn -0.8637 0.3400 0.3720
vn -0.4890 0.2177 0.8447
vn -0.7233 -0.6556 0.2167
vn -0.7264 0.6852 0.0543
vn -0.8000 0.5460 0.2488
vn -0.6364 0.6295 0.4458
vn -0.5739 0.8189 -0.0086
vn -0.7181 0.5116 0.4718
vn -0.3471 -0.0651 0.9356
vn -0.5936 -0.3974 0.6998
vn -0.5539 -0.8271 0.0954
vn -0.3974 -0.8911 -0.2189
vn -0.6749 -0.4883 -0.5532
vn -0.1256 -0.5093 -0.8514
vn -0.6433 0.4399 -0.6266
vn -0.6227 0.6039 -0.4976
vn -0.4479 0.7641 -0.4643
vn -0.4860 0.8737 0.0197
vn -0.3228 0.9372 0.1324
vn -0.6921 0.2549 0.6753
vn -0.5505 0.0714 0.8318
vn -0.3806 -0.6892 -0.6166
vn -0.3907 -0.0642 -0.9183
vn -0.1137 0.9493 0.2931
vn -0.2276 0.8867 -0.4025
vn -0.3167 0.9098 0.2684
vn -0.1732 -0.3268 0.9291
vn -0.3568 -0.6418 0.6788
vn -0.3296 -0.9426 -0.0540
vn -0.3744 -0.7880 -0.4887
vn -0.3513 0.1088 -0.9299
vn -0.3494 0.9318 -0.0981
vn -0.2586 0.6526 0.7122
vn -0.0015 0.9761 -0.2171
vn 0.0438 0.5612 0.8265
vn -0.1129 -0.7357 0.6678
vn 0.0332 0.4641 -0.8851
vn -0.1288 0.9074 -0.4000
vn -0.3391 0.9074 -0.2485
vn 0.0585 0.2341 0.9705
vn 0.0015 -0.8614 0.5080
vn 0.0128 -0.9492 0.3143
vn 0.0980 -0.9789 -0.1791
vn 0.0853 -0.2346 -0.9683
vn 0.0215 0.9982 0.0565
vn 0.1808 0.8827 0.4337
vn -0.0655 0.8199 0.5688
vn 0.2035 0.9765 0.0713
vn 0.5205 -0.4226 0.7420
vn 0.5792 -0.8107 0.0850
vn 0.6236 0.7028 0.3424
vn 0.2382 0.8229 0.5159
vn 0.4767 0.6489 0.5930
vn 0.6988 0.2462 0.6716
vn 0.5625 0.0771 0.8232
vn 0.2172 -0.9521 0.2151
vn 0.4514 -0.8296 -0.3287
vn 0.5363 -0.5533 -0.6373
vn 0.5855 0.0673 -0.8079
vn 0.3140 0.2699 -0.9102
vn 0.3416 0.8853 -0.3155
vn 0.3678 0.9239 -0.1057
vn 0.5053 0.8011 0.3207
vn 0.5976 0.4376 0.6719
vn 0.4929 0.8641 -0.1022
vn 0.3794 0.8882 0.2590
vn 0.3010 -0.1020 0.9481
vn 0.7188 -0.5783 -0.3860
vn 0.6433 0.4399 -0.6266
vn 0.4276 0.6186 -0.6591
vn 0.6121 0.6150 -0.4970
vn 0.6097 0.5351 0.5848
vn 0.6841 0.7293 0.0114
vn 0.4067 0.8477 0.3406
vn 0.4792 0.2190 0.8499
vn 0.4849 -0.6633 -0.5700
vn 0.6225 -0.0317 -0.7820
vn 0.7308 0.6805 0.0544
vn 0.8149 0.4736 0.3340
vn 0.8321 0.5034 -0.2328
vn 0.6903 0.4163 0.5918
vn 0.8712 -0.3691 0.3236
vn 0.8309 -0.4148 0.3709
vn 0.9423 -0.3287 -0.0635
vn 0.9407 0.3283 -0.0851
vn 0.6702 0.7421 0.0111
vn 0.9534 0.2859 0.0960
vn 0.8752 -0.2845 0.3913
vn 0.9851 -0.1717 0.0092
vn 0.9709 -0.1389 -0.1949
vn 0.4366 -0.4123 -0.7996
vn 0.9621 0.0439 -0.2692
vn 0.7591 0.2799 -0.5878
vn 0.9895 0.1441 -0.0145
vn 0.7210 0.6817 0.1248
vn 0.9941 0.1017 -0.0378
vn 0.9998 -0.0117 0.0178
vn 0.9978 0.0454 -0.0488
vn 0.9856 0.1291 -0.1091
vn 0.9978 0.0553 -0.0357
vn 0.9985 0.0499 -0.0220
vn 0.9686 0.2425 -0.0547
vn 0.9952 0.0927 0.0309
vn 0.9987 0.0509 0.0070
vn 0.9853 0.1438 0.0926
vn 0.9952 0.0432 0.0879
vn 0.9701 0.0242 0.2414
vn 0.9878 -0.1489 -0.0450
vn 0.9891 -0.1426 -0.0358
vn 0.9668 0.1858 -0.1756
vn 0.9116 0.4111 -0.0022
vn 0.7510 -0.0412 0.6590
vn 0.7866 -0.5793 0.2137
vn 0.8364 -0.5233 0.1633
vn 0.8136 -0.5679 -0.1245
vn 0.8462 0.1075 -0.5219
vn 0.8399 0.4602 -0.2877
vn 0.6603 -0.4292 0.6163
vn 0.7719 -0.6279 0.0999
vn 0.8214 -0.5669 0.0628
vn 0.8935 -0.3807 -0.2382
vn 0.7912 0.6090 0.0560
vn 0.6283 -0.7739 0.0796
vn 0.5771 -0.7432 -0.3384
vn 0.6997 -0.4929 -0.5172
vn 0.6006 0.3406 -0.7233
vn 0.6198 0.5217 -0.5862
vn 0.4872 0.8244 0.2883
vn 0.6588 0.6837 0.3140
vn 0.6083 0.4654 0.6429
vn 0.5863 0.2480 0.7712
vn 0.6711 -0.0482 0.7398
vn 0.6381 -0.5610 0.5274
vn 0.5474 -0.8304 -0.1044
vn 0.6536 -0.7134 -0.2527
vn 0.4963 -0.8571 0.1382
vn 0.5534 -0.8281 -0.0898
vn 0.5578 -0.1118 -0.8224
vn 0.4473 0.4866 -0.7505
vn 0.5298 0.8125 -0.2433
vn 0.5220 0.8494 -0.0784
vn 0.4535 0.8673 0.2054
vn 0.3754 0.4278 0.8222
vn 0.4895 -0.8200 0.2965
vn 0.5205 -0.8536 -0.0224
vn 0.3501 -0.4537 -0.8195
vn 0.1245 -0.3039 -0.9445
vn 0.3619 0.0163 -0.9321
vn 0.2841 0.7602 0.5843
vn 0.3332 -0.3435 0.8780
vn 0.3527 -0.8055 -0.4762
vn 0.2789 -0.6077 -0.7436
vn -0.0247 0.9992 0.0316
vn 0.1442 -0.6632 -0.7344
vn -0.1506 -0.9063 -0.3949
vn -0.3584 -0.7182 -0.5965
vn -0.1132 -0.7051 -0.7000
vn 0.0640 -0.9809 0.1836
vn -0.0277 -0.9815 -0.1894
vn -0.1688 -0.9478 0.2705
vn -0.2136 -0.9664 -0.1428
vn -0.1295 0.8793 -0.4584
vn -0.2986 0.9394 -0.1685
vn -0.1351 0.9701 0.2016
vn -0.2477 0.5897 0.7687
vn -0.2196 0.1627 0.9619
vn -0.2233 -0.6185 0.7533
vn -0.2715 -0.7823 0.5607
vn -0.2622 -0.9615 0.0826
vn -0.2909 -0.7502 -0.5937
vn -0.5133 -0.8472 0.1366
vn -0.4327 -0.8790 -0.2003
vn -0.5596 -0.1079 -0.8217
vn -0.4674 0.1830 -0.8649
vn -0.3873 0.5016 -0.7736
vn -0.5541 0.3692 0.7461
vn -0.4489 -0.2048 0.8698
vn -0.2976 -0.8553 0.4241
vn -0.4565 -0.8231 0.3378
vn -0.3952 -0.7942 -0.4616
vn -0.5318 -0.7363 0.4183
vn -0.5887 -0.8060 0.0624
vn -0.4178 0.4176 -0.8069
vn -0.5135 0.8580 0.0122
vn -0.5961 0.7663 0.2395
vn -0.5318 0.6615 0.5287
vn -0.7359 -0.5214 -0.4320
vn -0.7923 -0.2780 -0.5432
vn -0.8254 -0.2215 0.5194
vn -0.8603 -0.4993 -0.1027
vn -0.6441 -0.6901 -0.3300
vn -0.7552 0.6163 -0.2232
vn -0.9363 0.3454 -0.0634
vn -0.8217 -0.3756 0.4287
vn -0.8072 -0.5708 0.1501
vn -0.8606 -0.3942 -0.3224
vn -0.8200 -0.2763 -0.5013
vn -0.9494 -0.3066 0.0687
vn -0.9684 -0.2441 -0.0509
vn -0.9374 -0.2993 -0.1782
vn -0.9361 -0.3499 -0.0370
vn -0.9234 -0.2773 -0.2656
vn -0.9750 -0.2080 0.0786
vn -0.9860 0.1034 -0.1311
vn -0.9989 -0.0420 -0.0197
vn -0.9964 0.0186 0.0831
vn -0.9964 0.0288 0.0803
vn 0.0028 0.9226 -0.3858
vn -0.8357 0.2999 0.4600
vn 0.0001 0.5261 0.8504
vn -0.9925 0.0619 -0.1055
vn -0.9940 0.1055 -0.0288
vn -0.9521 0.2954 0.0786
vn -0.9816 0.1662 0.0941
vn -0.9907 0.0871 0.1046
vn -0.9824 0.0175 0.1858
vn -0.8521 -0.4641 0.2418
vn -0.9798 -0.1351 -0.1475
vn -0.9983 -0.0152 -0.0556
vn -0.8714 0.4503 -0.1949
vn -0.9992 0.0400 0.0098
vn -0.9638 0.2641 0.0353
vn -0.9714 0.2053 0.1191
vn -0.9963 0.0651 0.0558
vn -0.9944 0.1048 -0.0144
vn -0.9928 0.1191 -0.0129
vn -0.9944 0.0348 0.1000
vn -0.9877 0.0084 0.1564
vn -0.9495 -0.1154 0.2918
vn -0.9961 -0.0019 0.0879
vn -0.9930 -0.1102 0.0434
vn -0.9801 -0.1339 -0.1464
vn -0.9897 0.0157 -0.1421
vn -0.5601 0.8201 -0.1171
vn -0.7781 -0.6230 0.0796
vn -0.4623 0.7573 -0.4613
vn -0.9674 0.2502 0.0393
vn 0.1959 -0.7048 0.6818
vn -0.7276 -0.5808 0.3651
vn -0.7311 0.6755 -0.0953
vn -0.8082 0.5530 -0.2026
vn -0.4297 0.6184 -0.6580
vn -0.6459 -0.1778 0.7424
vn -0.3951 -0.9174 -0.0482
vn -0.4822 -0.6659 -0.5692
vn -0.4409 0.3523 -0.8255
vn -0.3505 0.8280 0.4376
vn -0.2298 0.9723 0.0430
vn -0.4342 0.6268 0.6470
vn -0.6474 0.4452 0.6186
vn -0.2365 0.9704 -0.0495
vn -0.4214 -0.8414 -0.3383
vn -0.3763 0.5536 0.7429
vn -0.2950 -0.4362 0.8501
vn -0.5604 -0.7811 0.2754
vn -0.2879 -0.9491 0.1276
vn -0.5644 -0.8212 -0.0845
vn -0.4425 -0.8683 -0.2243
vn 0.4816 0.7444 -0.4625
vn -0.5457 -0.7303 -0.4109
vn -0.6067 -0.3073 -0.7331
vn -0.3008 0.1245 -0.9455
vn -0.2627 0.8774 -0.4014
vn -0.6109 0.7822 0.1223
vn -0.3231 0.9370 0.1325
vn -0.2617 0.2637 0.9284
vn -0.1899 -0.0312 0.9813
vn -0.3588 -0.0753 -0.9304
vn -0.3558 0.9007 -0.2495
vn 0.1708 0.8769 -0.4493
vn -0.2012 0.9237 -0.3260
vn 0.0586 0.7661 0.6400
vn 0.0494 -0.8639 0.5012
vn -0.3414 0.1462 -0.9285
vn -0.1350 0.8180 -0.5592
vn -0.2595 0.8041 0.5349
vn -0.3317 0.9043 0.2689
vn 0.0600 0.4569 0.8875
vn 0.3913 -0.9202 -0.0067
vn 0.5238 -0.7870 -0.3260
vn 0.0577 -0.5339 -0.8436
vn 0.0127 0.9914 -0.1301
vn -0.3647 0.8827 0.2962
vn 0.4653 0.8840 -0.0447
vn 0.4549 -0.5667 0.6869
vn 0.2248 -0.7677 0.6001
vn 0.4801 0.8657 0.1417
vn 0.1983 0.9685 -0.1509
vn 0.3764 0.5535 0.7429
vn 0.2888 0.2546 0.9229
vn 0.1604 -0.2686 0.9498
vn 0.6995 -0.6622 0.2687
vn 0.5996 -0.7816 -0.1718
vn 0.2154 -0.7607 -0.6123
vn 0.0298 -0.5391 -0.8417
vn 0.2191 -0.0961 -0.9710
vn 0.4066 0.6223 -0.6689
vn 0.6954 0.6458 -0.3152
vn 0.6266 0.7529 -0.2010
vn 0.0867 0.9949 0.0508
vn 0.5042 0.8534 0.1327
vn 0.3203 0.6680 0.6717
vn 0.6748 0.7044 -0.2201
vn 0.7495 0.6557 0.0912
vn 0.0855 -0.5710 0.8165
vn 0.1314 -0.9907 0.0349
vn 0.4635 -0.8127 -0.3532
vn 0.4427 0.3532 -0.8242
vn 0.9681 0.2035 0.1462
vn 0.6067 0.6649 0.4357
vn 0.5168 0.8001 -0.3046
vn 0.9298 0.3645 0.0510
vn 0.8861 -0.3932 0.2453
vn 0.5520 -0.7613 0.3401
vn 0.4126 -0.9011 -0.1332
vn 0.8116 -0.2191 -0.5415
vn 0.7412 0.6644 -0.0962
vn 0.8191 0.5410 0.1908
vn 0.2289 -0.8997 -0.3717
vn 0.8958 0.3939 -0.2060
vn 0.9960 0.0854 -0.0275
vn 0.9801 0.1717 0.0996
vn 0.8191 -0.5068 0.2686
vn 0.9947 0.0333 0.0974
vn 0.9892 0.0472 0.1386
vn 0.8433 -0.1757 0.5079
vn 0.9755 -0.0588 0.2121
vn 0.9941 -0.1027 0.0351
vn 0.9769 -0.1731 -0.1249
vn 0.9018 -0.0332 -0.4308
vn 0.9980 0.0611 -0.0145
vn 0.9961 0.0615 0.0639
vn 0.9996 0.0292 -0.0028
vn 0.9936 0.1082 0.0322
vn 0.9975 -0.0321 -0.0631
vn 0.9930 0.0300 0.1146
vn 0.9986 -0.0147 0.0516
vn 0.9883 -0.1331 0.0751
vn 0.9779 -0.2047 0.0434
vn 0.9451 -0.3267 -0.0072
vn 0.9748 0.0872 -0.2055
vn 0.9972 0.0644 -0.0377
vn 0.9981 0.0596 -0.0136
vn -0.0372 0.8015 0.5968
vn 0.9838 0.0683 0.1659
vn 0.9895 -0.1364 -0.0473
vn 0.9997 0.0234 0.0067
vn 0.9850 0.1507 0.0835
vn 0.9472 0.0757 0.3117
vn 0.9990 -0.0433 -0.0098
vn 0.9743 -0.1779 -0.1381
vn 0.9276 -0.1603 0.3375
vn 0.8503 -0.5256 0.0271
vn 0.8174 -0.5656 -0.1096
vn 0.8991 -0.1823 -0.3980
vn 0.9161 0.3579 -0.1811
vn 0.8149 0.5671 -0.1194
vn 0.5332 -0.7558 0.3801
vn 0.8685 -0.3807 0.3173
vn 0.9048 -0.4115 0.1092
vn 0.9303 -0.3439 -0.1274
vn 0.8539 -0.2449 -0.4593
vn 0.8020 0.5943 0.0603
vn 0.6952 -0.2446 -0.6760
vn 0.6212 -0.7548 -0.2107
vn 0.6680 -0.6137 -0.4210
vn 0.6061 0.2664 -0.7495
vn 0.5768 0.7876 0.2167
vn 0.6770 0.5631 0.4739
vn 0.6557 -0.5557 0.5112
vn 0.6088 -0.7922 -0.0420
vn 0.5217 -0.8348 0.1760
vn 0.5361 -0.8416 -0.0656
vn 0.5398 -0.7637 -0.3540
vn 0.5490 -0.7002 -0.4563
vn 0.5638 -0.5571 -0.6098
vn 0.5131 -0.2015 -0.8344
vn 0.5740 0.3557 -0.7376
vn 0.5139 0.5841 -0.6283
vn 0.5163 0.8025 -0.2992
vn 0.5159 0.8526 -0.0832
vn 0.5897 0.4716 0.6556
vn 0.5100 -0.0894 0.8555
vn 0.5244 -0.7396 0.4219
vn -0.2688 -0.9056 0.3282
vn 0.5164 -0.8563 0.0109
vn 0.4120 -0.8493 -0.3299
vn 0.5692 -0.6960 -0.4377
vn 0.2648 -0.5214 -0.8112
vn 0.3661 -0.0641 -0.9284
vn 0.1140 0.7923 -0.5994
vn 0.2960 0.7935 -0.5318
vn 0.2021 -0.2883 0.9360
vn 0.1878 -0.9333 0.3060
vn 0.2590 -0.6325 -0.7300
vn 0.0950 -0.4181 -0.9034
vn 0.1520 0.9144 -0.3752
vn 0.2148 0.8591 0.4645
vn 0.0100 -0.7499 -0.6615
vn -0.0189 -0.8197 -0.5725
vn -0.0915 0.9952 0.0341
vn -0.1194 -0.4527 0.8837
vn -0.0064 -0.5715 0.8206
vn -0.2540 -0.7769 0.5762
vn -0.0524 -0.9735 0.2227
vn -0.0548 -0.9784 -0.1994
vn -0.0926 -0.5033 -0.8591
vn -0.2642 -0.8686 0.4193
vn -0.3323 -0.9428 -0.0282
vn -0.3095 -0.9509 0.0081
vn -0.3468 -0.8815 -0.3204
vn -0.2534 -0.9360 -0.2445
vn -0.2132 0.9546 -0.2082
vn -0.2670 0.8982 0.3492
vn -0.2680 0.8632 0.4278
vn -0.2692 0.7425 0.6134
vn -0.1643 0.2002 0.9659
vn -0.3654 -0.9049 -0.2182
vn -0.5003 -0.0696 0.8631
vn -0.2870 -0.8219 -0.4921
vn -0.5032 -0.7789 -0.3743
vn -0.4848 -0.5273 -0.6978
vn -0.5242 -0.1803 -0.8323
vn -0.4185 0.1429 -0.8969
vn -0.5320 0.3678 -0.7627
vn -0.5242 0.6570 -0.5419
vn -0.4282 0.8585 -0.2822
vn -0.4997 0.8553 -0.1366
vn -0.4989 0.5039 0.7051
vn -0.4940 0.0894 0.8649
vn -0.5043 -0.8628 -0.0355
vn -0.5223 -0.7187 0.4590
vn -0.4961 -0.8665 0.0558
vn -0.6751 0.4990 -0.5433
vn -0.6036 -0.7890 0.1147
vn -0.7104 -0.0522 -0.7019
vn -0.6390 0.1991 -0.7430
vn -0.8877 0.4076 -0.2141
vn -0.4782 0.8551 0.2005
vn -0.6444 0.6740 0.3613
vn -0.7518 0.5627 0.3439
vn -0.6129 0.3300 0.7179
vn -0.6328 -0.5226 0.5714
vn 0.6363 0.4077 0.6549
vn -0.7645 -0.3698 -0.5280
vn -0.7059 0.7081 0.0194
vn -0.8762 0.4779 0.0618
vn -0.7609 -0.4214 -0.4934
vn -0.6858 -0.3173 -0.6550
vn -0.9416 -0.3210 0.1013
vn -0.9206 -0.3792 -0.0934
vn -0.8625 -0.2072 -0.4616
vn -0.8897 0.4288 0.1569
vn -0.9409 0.2329 0.2458
vn -0.8716 -0.1976 0.4486
vn -0.7554 -0.6141 0.2286
vn -0.9434 -0.3265 0.0576
vn -0.8697 -0.4219 -0.2562
vn -0.9569 -0.1952 -0.2151
vn -0.9859 0.1659 -0.0219
vn -0.9768 -0.1881 0.1024
vn -0.9742 -0.2029 -0.0985
vn -0.9996 -0.0087 0.0280
vn -0.9974 0.0695 0.0186
vt 0.218915 1.000000
vt 0.078553 0.991293
vt 0.249142 0.994743
vt 0.027151 1.000000
vt 0.000000 0.989244
vt 0.110130 0.564614
vt 0.005791 0.581880
vt -0.004920 0.562608
vt 0.075956 0.623037
vt 0.000687 0.627951
vt 0.005678 0.618103
vt -0.000900 0.741539
vt 0.002736 0.705819
vt 0.089284 0.712650
vt 0.077492 0.797330
vt 0.000000 0.792926
vt 0.057288 0.783303
vt 0.113501 0.828049
vt 0.002577 0.830593
vt 0.068657 0.818165
vt 0.077678 0.866678
vt 0.000000 0.850961
vt 0.078791 0.850823
vt 0.000000 0.871529
vt 0.009295 0.892081
vt 0.110250 0.902956
vt 0.112961 0.891560
vt 0.000000 0.918919
vt 0.100165 0.937442
vt 0.057524 0.918041
vt 0.061004 0.962455
vt 0.000000 0.956963
vt 0.027418 0.944207
vt 0.133840 0.977859
vt 0.008443 0.970507
vt 0.108595 0.552216
vt 0.078669 0.598511
vt 0.103269 0.579492
vt 0.155381 0.681265
vt 0.003190 0.687322
vt 0.015145 0.663387
vt 0.059780 0.695634
vt 0.095378 0.748343
vt 0.001980 0.765443
vt 0.108904 0.761046
vt 0.110033 0.774941
vt 0.165461 0.811229
vt 0.000659 0.802183
vt 0.157646 0.610033
vt 0.132309 0.664728
vt 0.136613 0.731484
vt 0.155150 0.877842
vt 0.171404 0.953827
vt 0.097051 0.636507
vt 0.187407 0.626425
vt 0.175587 0.695832
vt 0.178185 0.918181
vt 0.187576 0.965102
vt 0.077617 0.537084
vt 0.233231 0.537054
vt 0.230344 0.595379
vt 0.251001 0.639850
vt 0.125162 0.646757
vt 0.059622 0.653638
vt 0.222354 0.653831
vt 0.218070 0.712815
vt 0.273466 0.752195
vt 0.266509 0.804153
vt 0.233420 0.793104
vt 0.247957 0.855245
vt 0.249086 0.847872
vt 0.247691 0.870038
vt 0.239454 0.862500
vt 0.283889 0.555500
vt 0.233912 0.546397
vt 0.249982 0.619412
vt 0.276759 0.633330
vt 0.280677 0.785577
vt 0.274396 0.820785
vt 0.255315 0.944231
vt 0.162825 0.516108
vt 0.114438 0.500044
vt 0.297361 0.500055
vt 0.281113 0.564604
vt 0.328301 0.646756
vt 0.197223 0.674491
vt 0.268493 0.664543
vt 0.202714 0.743329
vt 0.271658 0.731007
vt 0.259401 0.774957
vt 0.248471 0.834458
vt 0.266515 0.827780
vt 0.265616 0.902949
vt 0.286298 0.977889
vt 0.235385 0.987571
vt 0.248775 0.527672
vt 0.313471 0.519307
vt 0.335399 0.609607
vt 0.341246 0.682066
vt 0.344373 0.840796
vt 0.112067 0.837416
vt 0.272873 0.890738
vt 0.297520 0.877799
vt 0.327172 0.626433
vt 0.321047 0.695004
vt 0.374945 0.739647
vt 0.361533 0.811762
vt 0.322190 0.917888
vt 0.234539 0.930527
vt 0.328577 0.962338
vt 0.365242 0.542282
vt 0.382675 0.657380
vt 0.411637 0.720206
vt 0.392586 0.586069
vt 0.268150 0.579889
vt 0.372789 0.597532
vt 0.424043 0.623037
vt 0.405924 0.636669
vt 0.412109 0.703273
vt 0.434674 0.758382
vt 0.352411 0.769288
vt 0.250361 0.761030
vt 0.369599 0.797357
vt 0.391768 0.831564
vt 0.407200 0.898715
vt 0.416180 0.882079
vt 0.432704 0.944480
vt 0.406065 0.991255
vt 0.428261 0.524637
vt 0.430302 0.557904
vt 0.450727 0.780132
vt 0.421209 0.850823
vt 0.418459 0.866380
vt 0.423221 0.977857
vt 0.536736 0.565515
vt 0.459394 0.817774
vt 0.442475 0.918041
vt 0.358273 0.937188
vt 0.467981 0.962738
vt 0.512640 0.500005
vt 0.335914 0.510539
vt 0.574883 0.602043
vt 0.539042 0.685353
vt 0.382783 0.671995
vt 0.592601 0.662934
vt 0.517115 0.739365
vt 0.519410 0.513890
vt 0.599775 0.528868
vt 0.567575 0.589496
vt 0.578288 0.653486
vt 0.591012 0.722946
vt 0.568264 0.796414
vt 0.514662 0.834179
vt 0.534315 0.906895
vt 0.621102 0.920572
vt 0.586571 0.631450
vt 0.602319 0.615708
vt 0.552750 0.855020
vt 0.590301 0.875950
vt 0.600983 0.886278
vt 0.592457 0.751760
vt 0.576871 0.764338
vt 0.645740 0.780302
vt 0.593146 0.810465
vt 0.660799 0.822393
vt 0.656997 0.941717
vt 0.574429 0.932371
vt 0.623152 0.678116
vt 0.639812 0.733740
vt 0.621803 0.836748
vt 0.688963 0.518862
vt 0.687304 0.510292
vt 0.579089 0.575925
vt 0.704263 0.564545
vt 0.620731 0.640340
vt 0.693905 0.646763
vt 0.674070 0.692440
vt 0.680614 0.854875
vt 0.682483 0.847731
vt 0.686654 0.911668
vt 0.656637 0.898842
vt 0.629955 0.977446
vt 0.643899 0.960283
vt 0.706957 0.746384
vt 0.691093 0.545798
vt 0.747825 0.536815
vt 0.714766 0.575480
vt 0.703569 0.602424
vt 0.743127 0.653356
vt 0.748342 0.667213
vt 0.721047 0.769115
vt 0.751122 0.760860
vt 0.717455 0.795451
vt 0.748849 0.813944
vt 0.729858 0.827255
vt 0.680305 0.869638
vt 0.756714 0.861944
vt 0.744722 0.930509
vt 0.718091 0.948177
vt 0.750916 0.527547
vt 0.581507 0.553344
vt 0.734468 0.555135
vt 0.750335 0.633031
vt 0.750864 0.660295
vt 0.751920 0.706540
vt 0.682834 0.715373
vt 0.596159 0.705674
vt 0.761354 0.726791
vt 0.750866 0.807067
vt 0.750371 0.885656
vt 0.742655 0.921008
vt 0.652401 0.626178
vt 0.804070 0.619400
vt 0.818147 0.626307
vt 0.784828 0.639947
vt 0.791611 0.781164
vt 0.805281 0.840789
vt 0.734528 0.972791
vt 0.748200 0.959839
vt 0.676625 0.994657
vt 0.648624 0.987749
vt 0.821053 0.990630
vt 0.842351 0.980334
vt 0.853119 0.576409
vt 0.749629 0.589768
vt 0.862145 0.607999
vt 0.855077 0.594189
vt 0.752915 0.612469
vt 0.847110 0.905120
vt 0.863262 0.934459
vt 0.871713 0.522425
vt 0.857494 0.557828
vt 0.805618 0.685594
vt 0.819532 0.698097
vt 0.879476 0.709717
vt 0.832552 0.745874
vt 0.852526 0.795706
vt 0.888018 0.817998
vt 0.846672 0.849737
vt 0.890728 0.866892
vt 0.749774 0.877491
vt 0.858103 0.972756
vt 0.912874 0.631490
vt 0.927812 0.642916
vt 0.902781 0.662647
vt 0.906123 0.805722
vt 0.901247 0.835261
vt 0.751387 0.834217
vt 0.889745 0.881439
vt 0.821346 0.894032
vt 0.863958 0.959196
vt 0.913307 0.500069
vt 0.892805 0.510274
vt 0.707033 0.500274
vt 0.911245 0.537275
vt 0.869699 0.547161
vt 0.942898 0.656473
vt 0.897367 0.726319
vt 0.931043 0.755904
vt 0.859816 0.768979
vt 0.927937 0.786265
vt 0.946243 0.599920
vt 0.950601 0.618102
vt 0.947393 0.940342
vt 0.883714 0.948495
vt 0.967265 0.582000
vt 0.964026 0.705498
vt 0.964253 0.850252
vt 0.976550 0.892527
vt 0.969563 0.973018
vt 0.951259 0.989237
vt 0.962372 1.000000
vt 0.962686 0.521517
vt 0.923087 0.919889
vt 0.914900 0.679172
vt 1.000000 0.781339
vt 0.937362 0.774080
vt 1.000000 0.818195
vt 0.896416 0.827655
vt 0.278651 0.031716
vt 0.457090 0.250604
vt 0.289115 0.474928
vt 0.043179 0.290602
vt 0.768041 0.023953
vt 0.541519 0.186477
vt 0.596161 0.426728
vt 0.856003 0.444437
vt 0.965611 0.183415
vt 0.000000 0.840796
vt -0.005262 0.540393
vt -0.003960 0.518116
vt 0.000000 0.605139
vt 0.005735 0.642910
vt 0.005767 0.501855
vt 0.519105 0.999977
vt 0.750453 1.000000
vt 0.763176 0.674527
vt 0.942101 0.735941
vt 1.000000 0.653449
s 0
usemtl Hemp
f 2796/3061/3840 3031/3062/3840 2973/3063/3840
f 2797/3064/3841 2804/3065/3841 3031/3062/3841
f 3022/3066/3842 2818/3067/3842 2819/3068/3842
f 3045/3069/3843 2824/3070/3843 2798/3071/3843
f 2813/3072/3844 2814/3073/3844 3037/3074/3844
f 3035/3075/3845 2799/3076/3845 3025/3077/3845
f 3018/3078/3846 2807/3079/3846 3043/3080/3846
f 3033/3081/3847 2801/3082/3847 3034/3083/3847
f 3033/3081/3848 2802/3084/3848 2801/3082/3848
f 2806/3085/3849 2802/3084/3849 3033/3081/3849
f 3017/3086/3850 2806/3085/3850 3011/3087/3850
f 3017/3086/3851 2805/3088/3851 2806/3085/3851
f 3032/3089/3852 2805/3088/3852 3042/3090/3852
f 3041/3091/3853 2803/3092/3853 3048/3093/3853
f 3015/3094/3854 3047/3095/3854 3041/3091/3854
f 3022/3066/3855 2819/3068/3855 3030/3096/3855
f 3046/3097/3856 2818/3067/3856 3014/3098/3856
f 3008/3099/3857 3052/3100/3857 3049/3101/3857
f 3044/3102/3858 3052/3100/3858 3008/3099/3858
f 3036/3103/3859 2810/3104/3859 2813/3072/3859
f 3026/3105/3860 2810/3104/3860 3036/3103/3860
f 3020/3106/3861 2810/3104/3861 3026/3105/3861
f 3025/3077/3862 2810/3104/3862 3020/3106/3862
f 3019/3107/3863 3043/3080/3863 2809/3108/3863
f 3029/3109/3864 2798/3071/3864 3046/3097/3864
f 3029/3109/3865 3045/3069/3865 2798/3071/3865
f 3008/3099/3866 3049/3101/3866 3028/3110/3866
f 3036/3103/3867 2813/3072/3867 3027/3111/3867
f 3011/3087/3868 2806/3085/3868 3012/3112/3868
f 3041/3091/3869 3048/3093/3869 3016/3113/3869
f 3015/3094/3870 3031/3062/3870 3047/3095/3870
f 3039/3114/3871 3045/3069/3871 3009/3115/3871
f 3037/3074/3872 3044/3102/3872 3007/3116/3872
f 3032/3089/3873 3042/3090/3873 3005/3117/3873
f 3004/3118/3874 3041/3091/3874 3016/3113/3874
f 3015/3094/3875 3041/3091/3875 3004/3118/3875
f 3030/3096/3876 3040/3119/3876 2996/3120/3876
f 3029/3109/3877 3046/3097/3877 3010/3121/3877
f 2991/3122/3878 3021/3123/3878 3039/3114/3878
f 3028/3110/3879 3038/3124/3879 3002/3125/3879
f 3027/3111/3880 3037/3074/3880 2999/3126/3880
f 3026/3105/3881 3036/3103/3881 2967/3127/3881
f 2998/3128/3882 3035/3075/3882 2989/3129/3882
f 3019/3107/3883 3035/3075/3883 2998/3128/3883
f 2978/3130/3884 3034/3083/3884 2979/3131/3884
f 2976/3132/3885 3033/3081/3885 2977/3133/3885
f 3012/3112/3886 3033/3081/3886 2976/3132/3886
f 2970/3134/3887 3030/3096/3887 3003/3135/3887
f 3022/3066/3888 3030/3096/3888 2970/3134/3888
f 2993/3136/3889 3009/3115/3889 3045/3069/3889
f 2991/3122/3890 3039/3114/3890 2992/3137/3890
f 2989/3129/3891 3025/3077/3891 2966/3138/3891
f 3018/3078/3892 3043/3080/3892 2965/3139/3892
f 3016/3113/3893 3032/3089/3893 2984/3140/3893
f 3023/3141/3894 2795/3142/3894 2961/3143/3894
f 3014/3098/3895 3022/3066/3895 2981/3144/3895
f 3002/3125/3896 3021/3123/3896 2951/3145/3896
f 3000/3146/3897 3028/3110/3897 3001/3147/3897
f 3006/3148/3898 3027/3111/3898 2980/3149/3898
f 2966/3138/3899 3020/3106/3899 3013/3150/3899
f 2987/3151/3900 3018/3078/3900 2988/3152/3900
f 3005/3117/3901 3017/3086/3901 2985/3153/3901
f 2974/3154/3902 2983/3155/3902 3015/3094/3902
f 2982/3156/3903 3023/3141/3903 2972/3157/3903
f 2994/3158/3904 2993/3136/3904 3029/3109/3904
f 2958/3159/3905 3008/3099/3905 3000/3146/3905
f 2944/3160/3906 2979/3131/3906 3024/3161/3906
f 2986/3162/3907 3012/3112/3907 2975/3163/3907
f 2985/3153/3908 3011/3087/3908 2986/3162/3908
f 2969/3164/3909 2992/3137/3909 3009/3115/3909
f 2958/3159/3910 2968/3165/3910 3008/3099/3910
f 2968/3165/3911 2999/3126/3911 3007/3116/3911
f 2957/3166/3912 2967/3127/3912 3006/3148/3912
f 2965/3139/3913 3019/3107/3913 2955/3167/3913
f 2964/3168/3914 2997/3169/3914 3005/3117/3914
f 2962/3170/3915 3004/3118/3915 3016/3113/3915
f 2962/3170/3916 2974/3154/3916 3004/3118/3916
f 2971/3171/3917 2970/3134/3917 3003/3135/3917
f 2950/3172/3918 3001/3147/3918 3002/3125/3918
f 2948/3173/3919 2980/3149/3919 2999/3126/3919
f 2953/3174/3920 3010/3121/3920 2995/3175/3920
f 2952/3176/3921 3010/3121/3921 2953/3174/3921
f 2952/3176/3922 2994/3158/3922 3010/3121/3922
f 2969/3164/3923 2993/3136/3923 2938/3177/3923
f 2960/3178/3924 2991/3122/3924 2992/3137/3924
f 2948/3173/3925 2999/3126/3925 2949/3179/3925
f 2947/3180/3926 2956/3181/3926 2990/3182/3926
f 2946/3183/3927 2998/3128/3927 2989/3129/3927
f 2945/3184/3928 2987/3151/3928 2988/3152/3928
f 2945/3184/3929 2944/3160/3929 2987/3151/3929
f 2942/3185/3930 2986/3162/3930 2943/3186/3930
f 2942/3185/3931 2964/3168/3931 2985/3153/3931
f 2932/3187/3932 2962/3170/3932 2984/3140/3932
f 2973/3063/3933 2983/3155/3933 2941/3188/3933
f 2940/3189/3934 2971/3171/3934 2982/3156/3934
f 2939/3190/3935 2995/3175/3935 2981/3144/3935
f 2951/3145/3936 2991/3122/3936 2960/3178/3936
f 2936/3191/3937 2966/3138/3937 3013/3150/3937
f 2935/3192/3938 2978/3130/3938 2979/3131/3938
f 2935/3192/3939 2934/3193/3939 2978/3130/3939
f 2934/3193/3940 2976/3132/3940 2977/3133/3940
f 2941/3188/3941 2974/3154/3941 2931/3194/3941
f 2939/3190/3942 2970/3134/3942 2971/3171/3942
f 2925/3195/3943 2953/3174/3943 2995/3175/3943
f 2938/3177/3944 2960/3178/3944 2969/3164/3944
f 2936/3191/3945 2946/3183/3945 2966/3138/3945
f 2930/3196/3946 2945/3184/3946 2965/3139/3946
f 2933/3197/3947 2963/3198/3947 2964/3168/3947
f 2928/3199/3948 2931/3194/3948 2962/3170/3948
f 2927/3200/3949 2954/3201/3949 2961/3143/3949
f 2938/3177/3950 2994/3158/3950 2916/3202/3950
f 2924/3203/3951 2959/3204/3951 2937/3205/3951
f 2924/3203/3952 2958/3159/3952 2959/3204/3952
f 2920/3206/3953 2947/3180/3953 2957/3166/3953
f 2926/3207/3954 2940/3189/3954 2954/3201/3954
f 2918/3208/3955 2939/3190/3955 2971/3171/3955
f 2907/3209/3956 2953/3174/3956 2925/3195/3956
f 2959/3204/3957 2950/3172/3957 2915/3210/3957
f 2905/3211/3958 2957/3166/3958 2948/3173/3958
f 2912/3212/3959 2955/3167/3959 2946/3183/3959
f 2930/3196/3960 2955/3167/3960 2912/3212/3960
f 2929/3213/3961 2944/3160/3961 2945/3184/3961
f 2935/3192/3962 2944/3160/3962 2929/3213/3962
f 2933/3197/3963 2942/3185/3963 2921/3214/3963
f 2932/3187/3964 2963/3198/3964 2901/3215/3964
f 2918/3208/3965 2940/3189/3965 2926/3207/3965
f 2906/3216/3966 2938/3177/3966 2898/3217/3966
f 2923/3218/3967 2934/3193/3967 2935/3192/3967
f 2902/3219/3968 2934/3193/3968 2923/3218/3968
f 2902/3219/3969 2943/3186/3969 2934/3193/3969
f 2922/3220/3970 2942/3185/3970 2943/3186/3970
f 2922/3220/3971 2921/3214/3971 2942/3185/3971
f 2904/3221/3972 2947/3180/3972 2920/3206/3972
f 2913/3222/3973 2947/3180/3973 2904/3221/3973
f 2912/3212/3974 2936/3191/3974 2894/3223/3974
f 2911/3224/3975 2930/3196/3975 2912/3212/3975
f 2929/3213/3976 2930/3196/3976 2868/3225/3976
f 2910/3226/3977 2932/3187/3977 2919/3227/3977
f 2910/3226/3978 2928/3199/3978 2932/3187/3978
f 2924/3203/3979 2937/3205/3979 2895/3228/3979
f 2882/3229/3980 2920/3206/3980 2905/3211/3980
f 2903/3230/3981 2929/3213/3981 2868/3225/3981
f 2877/3231/3982 2926/3207/3982 2886/3232/3982
f 2918/3208/3983 2926/3207/3983 2877/3231/3983
f 2917/3233/3984 2925/3195/3984 2863/3234/3984
f 2915/3210/3985 2896/3235/3985 2860/3236/3985
f 2884/3237/3986 2924/3203/3986 2895/3228/3986
f 2891/3238/3987 2923/3218/3987 2892/3239/3987
f 2866/3240/3988 2921/3214/3988 2889/3241/3988
f 2901/3215/3989 2921/3214/3989 2866/3240/3989
f 2909/3242/3990 2928/3199/3990 2888/3243/3990
f 2904/3221/3991 2920/3206/3991 2872/3244/3991
f 2900/3245/3992 2918/3208/3992 2852/3246/3992
f 2907/3209/3993 2917/3233/3993 2878/3247/3993
f 2898/3217/3994 2916/3202/3994 2899/3248/3994
f 2937/3205/3995 2915/3210/3995 2850/3249/3995
f 2895/3228/3996 2937/3205/3996 2873/3250/3996
f 2871/3251/3997 2913/3222/3997 2848/3252/3997
f 2894/3223/3998 2913/3222/3998 2871/3251/3998
f 2911/3224/3999 2912/3212/3999 2893/3253/3999
f 2869/3254/4000 2868/3225/4000 2911/3224/4000
f 2903/3230/4001 2868/3225/4001 2857/3255/4001
f 2890/3256/4002 2923/3218/4002 2846/3257/4002
f 2910/3226/4003 2919/3227/4003 2865/3258/4003
f 2888/3243/4004 2910/3226/4004 2880/3259/4004
f 2852/3246/4005 2918/3208/4005 2885/3260/4005
f 2863/3234/4006 2908/3261/4006 2876/3262/4006
f 2896/3235/4007 2906/3216/4007 2875/3263/4007
f 2873/3250/4008 2937/3205/4008 2874/3264/4008
f 2858/3265/4009 2883/3266/4009 2914/3267/4009
f 2882/3229/4010 2905/3211/4010 2849/3268/4010
f 2848/3252/4011 2904/3221/4011 2872/3244/4011
f 2869/3254/4012 2911/3224/4012 2870/3269/4012
f 2855/3270/4013 2889/3241/4013 2922/3220/4013
f 2865/3258/4014 2901/3215/4014 2881/3271/4014
f 2897/3272/4015 2898/3217/4015 2842/3273/4015
f 2875/3263/4016 2897/3272/4016 2837/3274/4016
f 2851/3275/4017 2860/3236/4017 2896/3235/4017
f 2893/3253/4018 2894/3223/4018 2847/3276/4018
f 2892/3239/4019 2903/3230/4019 2840/3277/4019
f 2864/3278/4020 2888/3243/4020 2854/3279/4020
f 2879/3280/4021 2887/3281/4021 2828/3282/4021
f 2872/3244/4022 2882/3229/4022 2849/3268/4022
f 2844/3283/4023 2828/3282/4023 2909/3242/4023
f 2838/3284/4024 2862/3285/4024 2878/3247/4024
f 2825/3286/4025 2899/3248/4025 2843/3287/4025
f 2861/3288/4026 2899/3248/4026 2825/3286/4026
f 2829/3289/4027 2866/3240/4027 2889/3241/4027
f 2839/3290/4028 2880/3259/4028 2910/3226/4028
f 2827/3291/4029 2885/3260/4029 2877/3231/4029
f 2826/3292/4030 2863/3234/4030 2876/3262/4030
f 2836/3293/4031 2835/3294/4031 2884/3237/4031
f 2834/3295/4032 2849/3268/4032 2883/3266/4032
f 2841/3296/4033 2848/3252/4033 2872/3244/4033
f 2832/3297/4034 2870/3269/4034 2893/3253/4034
f 2808/3298/4035 2857/3255/4035 2868/3225/4035
f 2831/3299/4036 2846/3257/4036 2891/3238/4036
f 2802/3300/4037 2856/3301/4037 2890/3256/4037
f 2829/3289/4038 2881/3271/4038 2866/3240/4038
f 2844/3283/4039 2864/3278/4039 2845/3302/4039
f 2827/3291/4040 2852/3246/4040 2885/3260/4040
f 2826/3292/4041 2838/3284/4041 2863/3234/4041
f 2824/3303/4042 2851/3275/4042 2875/3263/4042
f 2816/3304/4043 2850/3249/4043 2860/3236/4043
f 2815/3305/4044 2873/3250/4044 2874/3264/4044
f 2809/3306/4045 2869/3254/4045 2870/3269/4045
f 2800/3307/4046 2840/3277/4046 2867/3308/4046
f 2823/3309/4047 2855/3270/4047 2856/3301/4047
f 2830/3310/4048 2855/3270/4048 2823/3309/4048
f 2822/3311/4049 2845/3302/4049 2854/3279/4049
f 3051/3312/4050 2821/3313/4050 2853/3314/4050
f 2820/3315/4051 2819/3316/4051 2852/3246/4051
f 3049/3317/4052 2815/3305/4052 2850/3249/4052
f 2812/3318/4053 2841/3296/4053 2849/3268/4053
f 2811/3319/4054 2833/3320/4054 2848/3252/4054
f 2799/3321/4055 2832/3297/4055 2847/3276/4055
f 2817/3322/4056 2825/3286/4056 2843/3287/4056
f 2798/3323/4057 2837/3274/4057 2842/3273/4057
f 2800/3307/4058 2831/3299/4058 2840/3277/4058
f 3048/3324/4059 2803/3325/4059 2839/3290/4059
f 2818/3326/4060 2843/3287/4060 2838/3284/4060
f 2814/3327/4061 2834/3295/4061 2835/3294/4061
f 2814/3327/4062 2812/3318/4062 2834/3295/4062
f 2801/3328/4063 2802/3300/4063 2831/3299/4063
f 2806/3329/4064 2829/3289/4064 2830/3310/4064
f 3047/3330/4065 2844/3283/4065 2845/3302/4065
f 2804/3331/4066 2797/3332/4066 2828/3282/4066
f 3050/3333/4067 2820/3315/4067 2827/3291/4067
f 2819/3316/4068 2818/3326/4068 2826/3292/4068
f 2818/3326/4069 2817/3322/4069 2843/3287/4069
f 2805/3334/4070 3048/3324/4070 2839/3290/4070
f 3047/3330/4071 2804/3331/4071 2844/3283/4071
f 3050/3333/4072 2821/3313/4072 3051/3312/4072
f 3049/3317/4073 3052/3335/4073 2815/3305/4073
f 3025/3336/4074 2799/3321/4074 2810/3337/4074
f 3043/3338/4075 2808/3298/4075 2809/3306/4075
f 3043/3338/4076 2807/3339/4076 2808/3298/4076
f 2794/3340/4077 2793/3341/4077 2797/3342/4077 2796/3343/4077
f 2796/3061/4078 2797/3064/4078 3031/3062/4078
f 2927/3344/4079 2961/3345/4079 2795/3346/4079 3051/3347/4079 2853/3348/4079
f 2801/3082/4080 2800/3349/4080 3024/3161/4080 3034/3083/4080
f 3040/3119/4081 2820/3350/4081 3050/3351/4081
f 3022/3066/4082 3014/3098/4082 2818/3067/4082
f 2818/3067/4083 3046/3097/4083 2817/3352/4083
f 3046/3097/4084 2798/3071/4084 2817/3352/4084
f 3039/3114/4085 2816/3353/4085 2824/3070/4085
f 3044/3102/4086 2814/3073/4086 3052/3100/4086
f 3035/3075/4087 2809/3108/4087 2799/3076/4087
f 3024/3161/4088 2800/3349/4088 2807/3079/4088
f 3051/3354/4089 2795/3142/4089 3023/3141/4089 3050/3351/4089
f 3017/3086/4090 3042/3090/4090 2805/3088/4090
f 3032/3089/4091 3048/3093/4091 2805/3088/4091
f 3041/3091/4092 3047/3095/4092 2803/3092/4092
f 3031/3062/4093 2804/3065/4093 3047/3095/4093
f 3030/3096/4094 2820/3350/4094 3040/3119/4094
f 3030/3096/4095 2819/3068/4095 2820/3350/4095
f 3039/3114/4096 2824/3070/4096 3045/3069/4096
f 3021/3123/4097 2816/3353/4097 3039/3114/4097
f 3021/3123/4098 3038/3124/4098 2816/3353/4098
f 3028/3110/4099 3049/3101/4099 3038/3124/4099
f 3037/3074/4100 2814/3073/4100 3044/3102/4100
f 3019/3107/4101 2809/3108/4101 3035/3075/4101
f 3024/3161/4102 2807/3079/4102 3018/3078/4102
f 3050/3351/4103 2982/3156/4103 2996/3120/4103 3040/3119/4103
f 3027/3111/4104 2813/3072/4104 3037/3074/4104
f 3012/3112/4105 2806/3085/4105 3033/3081/4105
f 3016/3113/4106 3048/3093/4106 3032/3089/4106
f 3000/3146/4107 3008/3099/4107 3028/3110/4107
f 3007/3116/4108 3044/3102/4108 3008/3099/4108
f 3005/3117/4109 3042/3090/4109 3017/3086/4109
f 2982/3156/4110 3050/3351/4110 3023/3141/4110
f 3034/3083/4111 2978/3130/4111 2977/3133/4111 3033/3081/4111
f 3002/3125/4112 3038/3124/4112 3021/3123/4112
f 3006/3148/4113 3036/3103/4113 3027/3111/4113
f 2989/3129/4114 3035/3075/4114 3025/3077/4114
f 3024/3161/4115 2979/3131/4115 3034/3083/4115
f 3014/3098/4116 2995/3175/4116 3010/3121/4116 3046/3097/4116
f 2997/3169/4117 3032/3089/4117 3005/3117/4117
f 3015/3094/4118 2983/3155/4118 3031/3062/4118
f 2983/3155/4119 2973/3063/4119 3031/3062/4119
f 3003/3135/4120 3030/3096/4120 2996/3120/4120
f 3026/3105/4121 2990/3182/4121 3013/3150/4121 3020/3106/4121
f 2993/3136/4122 3045/3069/4122 3029/3109/4122
f 3001/3147/4123 3028/3110/4123 3002/3125/4123
f 2999/3126/4124 3037/3074/4124 3007/3116/4124
f 2980/3149/4125 3027/3111/4125 2999/3126/4125
f 2967/3127/4126 3036/3103/4126 3006/3148/4126
f 2990/3182/4127 3026/3105/4127 2967/3127/4127
f 2975/3163/4128 2976/3132/4128 2934/3193/4128 2943/3186/4128
f 2966/3138/4129 3025/3077/4129 3020/3106/4129
f 2965/3139/4130 3043/3080/4130 3019/3107/4130
f 2987/3151/4131 3024/3161/4131 3018/3078/4131
f 2986/3162/4132 3011/3087/4132 3012/3112/4132
f 2984/3140/4133 3032/3089/4133 2997/3169/4133
f 2981/3144/4134 3022/3066/4134 2970/3134/4134
f 2992/3137/4135 3039/3114/4135 3009/3115/4135
f 2951/3145/4136 3021/3123/4136 2991/3122/4136
f 2988/3152/4137 3018/3078/4137 2965/3139/4137
f 2985/3153/4138 3017/3086/4138 3011/3087/4138
f 2954/3201/4139 3023/3141/4139 2961/3143/4139
f 2972/3157/4140 3023/3141/4140 2954/3201/4140
f 2994/3158/4141 3029/3109/4141 3010/3121/4141
f 2968/3165/4142 3007/3116/4142 3008/3099/4142
f 2944/3160/4143 3024/3161/4143 2987/3151/4143
f 2975/3163/4144 3012/3112/4144 2976/3132/4144
f 2974/3154/4145 3015/3094/4145 3004/3118/4145
f 2981/3144/4146 2995/3175/4146 3014/3098/4146
f 2969/3164/4147 3009/3115/4147 2993/3136/4147
f 2980/3149/4148 2957/3166/4148 3006/3148/4148
f 2990/3182/4149 2956/3181/4149 3013/3150/4149
f 2998/3128/4150 2955/3167/4150 3019/3107/4150
f 2985/3153/4151 2964/3168/4151 3005/3117/4151
f 2984/3140/4152 2962/3170/4152 3016/3113/4152
f 2996/3120/4153 2971/3171/4153 3003/3135/4153
f 3001/3147/4154 2959/3204/4154 3000/3146/4154
f 2959/3204/4155 2958/3159/4155 3000/3146/4155
f 2997/3169/4156 2963/3198/4156 2984/3140/4156
f 2982/3156/4157 2971/3171/4157 2996/3120/4157
f 2994/3158/4158 2938/3177/4158 2993/3136/4158
f 2969/3164/4159 2960/3178/4159 2992/3137/4159
f 2951/3145/4160 2950/3172/4160 3002/3125/4160
f 2968/3165/4161 2949/3179/4161 2999/3126/4161
f 2967/3127/4162 2947/3180/4162 2990/3182/4162
f 2966/3138/4163 2946/3183/4163 2989/3129/4163
f 2946/3183/4164 2955/3167/4164 2998/3128/4164
f 2965/3139/4165 2945/3184/4165 2988/3152/4165
f 2978/3130/4166 2934/3193/4166 2977/3133/4166
f 2975/3163/4167 2943/3186/4167 2986/3162/4167
f 2986/3162/4168 2942/3185/4168 2985/3153/4168
f 2964/3168/4169 2963/3198/4169 2997/3169/4169
f 2963/3198/4170 2932/3187/4170 2984/3140/4170
f 2941/3188/4171 2983/3155/4171 2974/3154/4171
f 2972/3157/4172 2940/3189/4172 2982/3156/4172
f 2970/3134/4173 2939/3190/4173 2981/3144/4173
f 2950/3172/4174 2959/3204/4174 3001/3147/4174
f 2948/3173/4175 2957/3166/4175 2980/3149/4175
f 2956/3181/4176 2936/3191/4176 3013/3150/4176
f 2935/3192/4177 2979/3131/4177 2944/3160/4177
f 2952/3176/4178 2907/3209/4178 2916/3202/4178 2994/3158/4178
f 2962/3170/4179 2931/3194/4179 2974/3154/4179
f 2954/3201/4180 2940/3189/4180 2972/3157/4180
f 2939/3190/4181 2925/3195/4181 2995/3175/4181
f 2958/3159/4182 2924/3203/4182 2968/3165/4182
f 2924/3203/4183 2949/3179/4183 2968/3165/4183
f 2957/3166/4184 2947/3180/4184 2967/3127/4184
f 2955/3167/4185 2930/3196/4185 2965/3139/4185
f 2942/3185/4186 2933/3197/4186 2964/3168/4186
f 2932/3187/4187 2928/3199/4187 2962/3170/4187
f 2947/3180/4188 2936/3191/4188 2956/3181/4188
f 2927/3200/4189 2926/3207/4189 2954/3201/4189
f 2940/3189/4190 2918/3208/4190 2971/3171/4190
f 2907/3209/4191 2952/3176/4191 2953/3174/4191
f 2927/3200/4192 2853/3314/4192 2886/3232/4192 2926/3207/4192
f 2938/3177/4193 2906/3216/4193 2960/3178/4193
f 2960/3178/4194 2896/3235/4194 2951/3145/4194
f 2896/3235/4195 2950/3172/4195 2951/3145/4195
f 2896/3235/4196 2915/3210/4196 2950/3172/4196
f 2914/3267/4197 2948/3173/4197 2949/3179/4197
f 2936/3191/4198 2912/3212/4198 2946/3183/4198
f 2930/3196/4199 2929/3213/4199 2945/3184/4199
f 2933/3197/4200 2901/3215/4200 2963/3198/4200
f 2887/3281/4201 2941/3188/4201 2931/3194/4201
f 2918/3208/4202 2908/3261/4202 2939/3190/4202
f 2908/3261/4203 2925/3195/4203 2939/3190/4203
f 2916/3202/4204 2898/3217/4204 2938/3177/4204
f 2906/3216/4205 2896/3235/4205 2960/3178/4205
f 2915/3210/4206 2937/3205/4206 2959/3204/4206
f 2914/3267/4207 2949/3179/4207 2924/3203/4207
f 2914/3267/4208 2905/3211/4208 2948/3173/4208
f 2905/3211/4209 2920/3206/4209 2957/3166/4209
f 2923/3218/4210 2935/3192/4210 2929/3213/4210
f 2902/3219/4211 2922/3220/4211 2943/3186/4211
f 2921/3214/4212 2901/3215/4212 2933/3197/4212
f 2928/3199/4213 2887/3281/4213 2931/3194/4213
f 2794/3355/4214 2941/3188/4214 2887/3281/4214
f 2917/3233/4215 2907/3209/4215 2925/3195/4215
f 2913/3222/4216 2936/3191/4216 2947/3180/4216
f 2913/3222/4217 2894/3223/4217 2936/3191/4217
f 2911/3224/4218 2868/3225/4218 2930/3196/4218
f 2919/3227/4219 2932/3187/4219 2901/3215/4219
f 2909/3242/4220 2887/3281/4220 2928/3199/4220
f 2929/3213/4221 2903/3230/4221 2892/3239/4221 2923/3218/4221
f 2900/3245/4222 2908/3261/4222 2918/3208/4222
f 2863/3234/4223 2925/3195/4223 2908/3261/4223
f 2897/3272/4224 2906/3216/4224 2898/3217/4224
f 2884/3237/4225 2914/3267/4225 2924/3203/4225
f 2883/3266/4226 2905/3211/4226 2914/3267/4226
f 2902/3219/4227 2856/3301/4227 2855/3270/4227 2922/3220/4227
f 2890/3256/4228 2902/3219/4228 2923/3218/4228
f 2889/3241/4229 2921/3214/4229 2922/3220/4229
f 2888/3243/4230 2928/3199/4230 2910/3226/4230
f 2879/3280/4231 2794/3355/4231 2887/3281/4231
f 2872/3244/4232 2920/3206/4232 2882/3229/4232
f 2793/3356/4233 2794/3355/4233 2879/3280/4233
f 2878/3247/4234 2917/3233/4234 2863/3234/4234
f 2899/3248/4235 2916/3202/4235 2907/3209/4235
f 2850/3249/4236 2915/3210/4236 2860/3236/4236
f 2848/3252/4237 2913/3222/4237 2904/3221/4237
f 2893/3253/4238 2912/3212/4238 2894/3223/4238
f 2846/3257/4239 2923/3218/4239 2891/3238/4239
f 2865/3258/4240 2919/3227/4240 2901/3215/4240
f 2885/3260/4241 2918/3208/4241 2877/3231/4241
f 2876/3262/4242 2908/3261/4242 2900/3245/4242
f 2862/3285/4243 2907/3209/4243 2878/3247/4243
f 2862/3285/4244 2899/3248/4244 2907/3209/4244
f 2861/3288/4245 2898/3217/4245 2899/3248/4245
f 2875/3263/4246 2906/3216/4246 2897/3272/4246
f 2874/3264/4247 2937/3205/4247 2850/3249/4247
f 2859/3357/4248 2895/3228/4248 2873/3250/4248
f 2858/3265/4249 2914/3267/4249 2884/3237/4249
f 2849/3268/4250 2905/3211/4250 2883/3266/4250
f 2870/3269/4251 2911/3224/4251 2893/3253/4251
f 2867/3308/4252 2903/3230/4252 2857/3255/4252
f 2856/3301/4253 2902/3219/4253 2890/3256/4253
f 2877/3231/4254 2886/3232/4254 2821/3313/4254 2827/3291/4254
f 2881/3271/4255 2901/3215/4255 2866/3240/4255
f 2854/3279/4256 2888/3243/4256 2880/3259/4256
f 2864/3278/4257 2909/3242/4257 2888/3243/4257
f 2861/3288/4258 2842/3273/4258 2898/3217/4258
f 2875/3263/4259 2851/3275/4259 2896/3235/4259
f 2859/3357/4260 2836/3293/4260 2895/3228/4260
f 2836/3293/4261 2884/3237/4261 2895/3228/4261
f 2867/3308/4262 2840/3277/4262 2903/3230/4262
f 2855/3270/4263 2830/3310/4263 2889/3241/4263
f 2909/3242/4264 2828/3282/4264 2887/3281/4264
f 2837/3274/4265 2897/3272/4265 2842/3273/4265
f 2835/3294/4266 2858/3265/4266 2884/3237/4266
f 2871/3251/4267 2847/3276/4267 2894/3223/4267
f 2864/3278/4268 2844/3283/4268 2909/3242/4268
f 2843/3287/4269 2899/3248/4269 2862/3285/4269
f 2849/3268/4270 2841/3296/4270 2872/3244/4270
f 2840/3277/4271 2831/3299/4271 2892/3239/4271
f 2892/3239/4272 2831/3299/4272 2891/3238/4272
f 2846/3257/4273 2802/3300/4273 2890/3256/4273
f 2830/3310/4274 2829/3289/4274 2889/3241/4274
f 2839/3290/4275 2910/3226/4275 2865/3258/4275
f 2828/3282/4276 2793/3356/4276 2879/3280/4276
f 2853/3314/4277 2821/3313/4277 2886/3232/4277
f 2876/3262/4278 2900/3245/4278 2819/3316/4278 2826/3292/4278
f 2852/3246/4279 2819/3316/4279 2900/3245/4279
f 2854/3279/4280 2880/3259/4280 2803/3325/4280 2822/3311/4280
f 2863/3234/4281 2838/3284/4281 2878/3247/4281
f 2834/3295/4282 2883/3266/4282 2858/3265/4282
f 2848/3252/4283 2833/3320/4283 2871/3251/4283
f 2833/3320/4284 2847/3276/4284 2871/3251/4284
f 2847/3276/4285 2832/3297/4285 2893/3253/4285
f 2808/3298/4286 2868/3225/4286 2869/3254/4286
f 2839/3290/4287 2803/3325/4287 2880/3259/4287
f 2867/3308/4288 2857/3255/4288 2807/3339/4288 2800/3307/4288
f 2854/3279/4289 2845/3302/4289 2864/3278/4289
f 2838/3284/4290 2843/3287/4290 2862/3285/4290
f 2825/3286/4291 2842/3273/4291 2861/3288/4291
f 2837/3274/4292 2824/3303/4292 2875/3263/4292
f 2816/3304/4293 2860/3236/4293 2851/3275/4293
f 2850/3249/4294 2815/3305/4294 2874/3264/4294
f 3052/3335/4295 2836/3293/4295 2859/3357/4295
f 2835/3294/4296 2834/3295/4296 2858/3265/4296
f 2834/3295/4297 2812/3318/4297 2849/3268/4297
f 2832/3297/4298 2809/3306/4298 2870/3269/4298
f 2808/3298/4299 2807/3339/4299 2857/3255/4299
f 2865/3258/4300 2881/3271/4300 2805/3334/4300 2839/3290/4300
f 2802/3300/4301 2823/3309/4301 2856/3301/4301
f 2829/3289/4302 2805/3334/4302 2881/3271/4302
f 2859/3357/4303 2873/3250/4303 2815/3305/4303 3052/3335/4303
f 2827/3291/4304 2820/3315/4304 2852/3246/4304
f 2824/3303/4305 2816/3304/4305 2851/3275/4305
f 2816/3304/4306 3049/3317/4306 2850/3249/4306
f 2835/3294/4307 2836/3293/4307 3052/3335/4307 2814/3327/4307
f 2841/3296/4308 2811/3319/4308 2848/3252/4308
f 2833/3320/4309 2810/3337/4309 2847/3276/4309
f 2810/3337/4310 2799/3321/4310 2847/3276/4310
f 2809/3306/4311 2808/3298/4311 2869/3254/4311
f 2831/3299/4312 2802/3300/4312 2846/3257/4312
f 2796/3061/4313 2973/3063/4313 2941/3188/4313 2794/3355/4313
f 2825/3286/4314 2798/3323/4314 2842/3273/4314
f 2812/3318/4315 2813/3358/4315 2841/3296/4315
f 2813/3358/4316 2811/3319/4316 2841/3296/4316
f 2844/3283/4317 2804/3331/4317 2828/3282/4317
f 2828/3282/4318 2797/3332/4318 2793/3356/4318
f 2821/3313/4319 3050/3333/4319 2827/3291/4319
f 2826/3292/4320 2818/3326/4320 2838/3284/4320
f 2798/3323/4321 2824/3303/4321 2837/3274/4321
f 2811/3319/4322 2810/3337/4322 2833/3320/4322
f 2799/3321/4323 2809/3306/4323 2832/3297/4323
f 2800/3307/4324 2801/3328/4324 2831/3299/4324
f 2823/3309/4325 2806/3329/4325 2830/3310/4325
f 2806/3329/4326 2805/3334/4326 2829/3289/4326
f 2822/3311/4327 3047/3330/4327 2845/3302/4327
f 2817/3322/4328 2798/3323/4328 2825/3286/4328
f 2814/3327/4329 2813/3358/4329 2812/3318/4329
f 2802/3300/4330 2806/3329/4330 2823/3309/4330
f 2803/3325/4331 3047/3330/4331 2822/3311/4331
f 2816/3304/4332 3038/3359/4332 3049/3317/4332
f 2813/3358/4333 2810/3337/4333 2811/3319/4333
o LuffEdge
v -3.000000 0.000000 0.000000
v 3.000000 0.000000 0.000000
v -3.000000 0.000000 -0.100000
v 3.000000 0.000000 -0.100000
v -2.853658 0.000000 0.000000
v -2.707317 0.000000 0.000000
v -2.560975 0.000000 0.000000
v -2.414634 0.000000 0.000000
v -2.268292 0.000000 0.000000
v -2.121951 0.000000 0.000000
v -1.975609 0.000000 0.000000
v -1.829268 0.000000 0.000000
v -1.682926 0.000000 0.000000
v -1.536585 0.000000 0.000000
v -1.390243 0.000000 0.000000
v -1.243902 0.000000 0.000000
v -1.097561 0.000000 0.000000
v -0.951219 0.000000 0.000000
v -0.804878 0.000000 0.000000
v -0.658536 0.000000 0.000000
v -0.512195 0.000000 0.000000
v -0.365853 0.000000 0.000000
v -0.219512 0.000000 0.000000
v -0.073170 0.000000 0.000000
v 0.073171 0.000000 0.000000
v 0.219512 0.000000 0.000000
v 0.365854 0.000000 0.000000
v 0.512195 0.000000 0.000000
v 0.658537 0.000000 0.000000
v 0.804878 0.000000 0.000000
v 0.951220 0.000000 0.000000
v 1.097561 0.000000 0.000000
v 1.243903 0.000000 0.000000
v 1.390244 0.000000 0.000000
v 1.536585 0.000000 0.000000
v 1.682927 0.000000 0.000000
v 1.829268 0.000000 0.000000
v 1.975610 0.000000 0.000000
v 2.121951 0.000000 0.000000
v 2.268293 0.000000 0.000000
v 2.414634 0.000000 0.000000
v 2.560976 0.000000 0.000000
v 2.707317 0.000000 0.000000
v 2.853659 0.000000 0.000000
v 2.853658 0.000000 -0.100000
v 2.707317 0.000000 -0.100000
v 2.560975 0.000000 -0.100000
v 2.414634 0.000000 -0.100000
v 2.268292 0.000000 -0.100000
v 2.121951 0.000000 -0.100000
v 1.975609 0.000000 -0.100000
v 1.829268 0.000000 -0.100000
v 1.682926 0.000000 -0.100000
v 1.536585 0.000000 -0.100000
v 1.390243 0.000000 -0.100000
v 1.243902 0.000000 -0.100000
v 1.097561 0.000000 -0.100000
v 0.951219 0.000000 -0.100000
v 0.804878 0.000000 -0.100000
v 0.658536 0.000000 -0.100000
v 0.512195 0.000000 -0.100000
v 0.365853 0.000000 -0.100000
v 0.219512 0.000000 -0.100000
v 0.073170 0.000000 -0.100000
v -0.073171 0.000000 -0.100000
v -0.219512 0.000000 -0.100000
v -0.365854 0.000000 -0.100000
v -0.512195 0.000000 -0.100000
v -0.658537 0.000000 -0.100000
v -0.804878 0.000000 -0.100000
v -0.951220 0.000000 -0.100000
v -1.097561 0.000000 -0.100000
v -1.243903 0.000000 -0.100000
v -1.390244 0.000000 -0.100000
v -1.536585 0.000000 -0.100000
v -1.682927 0.000000 -0.100000
v -1.829268 0.000000 -0.100000
v -1.975610 0.000000 -0.100000
v -2.121951 0.000000 -0.100000
v -2.268293 0.000000 -0.100000
v -2.414634 0.000000 -0.100000
v -2.560976 0.000000 -0.100000
v -2.707317 0.000000 -0.100000
v -2.853659 0.000000 -0.100000
v -0.056910 0.000000 0.000000
v -0.040650 0.000000 0.000000
v -0.024390 0.000000 0.000000
v -0.008130 0.000000 0.000000
v 0.008130 0.000000 0.000000
v 0.024391 0.000000 0.000000
v 0.040651 0.000000 0.000000
v 0.056911 0.000000 0.000000
v 0.056910 0.000000 -0.100000
v 0.040650 0.000000 -0.100000
v 0.024390 0.000000 -0.100000
v 0.008130 0.000000 -0.100000
v -0.008130 0.000000 -0.100000
v -0.024391 0.000000 -0.100000
v -0.040651 0.000000 -0.100000
v -0.056911 0.000000 -0.100000
v -3.000000 0.000000 -0.066667
v -3.000000 0.000000 -0.033333
v 3.000000 0.000000 -0.033333
v 3.000000 0.000000 -0.066667
v -2.853658 0.000000 -0.033333
v -2.853659 0.000000 -0.066667
v -2.707317 0.000000 -0.033333
v -2.707317 0.000000 -0.066667
v -2.560975 0.000000 -0.033333
v -2.560976 0.000000 -0.066667
v -2.414634 0.000000 -0.033333
v -2.414634 0.000000 -0.066667
v -2.268292 0.000000 -0.033333
v -2.268293 0.000000 -0.066667
v -2.121951 0.000000 -0.033333
v -2.121951 0.000000 -0.066667
v -1.975609 0.000000 -0.033333
v -1.975610 0.000000 -0.066667
v -1.829268 0.000000 -0.033333
v -1.829268 0.000000 -0.066667
v -1.682927 0.000000 -0.033333
v -1.682927 0.000000 -0.066667
v -1.536585 0.000000 -0.033333
v -1.536585 0.000000 -0.066667
v -1.390244 0.000000 -0.033333
v -1.390244 0.000000 -0.066667
v -1.243902 0.000000 -0.033333
v -1.243902 0.000000 -0.066667
v -1.097561 0.000000 -0.033333
v -1.097561 0.000000 -0.066667
v -0.951219 0.000000 -0.033333
v -0.951219 0.000000 -0.066667
v -0.804878 0.000000 -0.033333
v -0.804878 0.000000 -0.066667
v -0.658536 0.000000 -0.033333
v -0.658537 0.000000 -0.066667
v -0.512195 0.000000 -0.033333
v -0.512195 0.000000 -0.066667
v -0.365854 0.000000 -0.033333
v -0.365854 0.000000 -0.066667
v -0.219512 0.000000 -0.033333
v -0.219512 0.000000 -0.066667
v -0.073171 0.000000 -0.033333
v -0.073171 0.000000 -0.066667
v 0.073171 0.000000 -0.033333
v 0.073171 0.000000 -0.066667
v 0.219512 0.000000 -0.033333
v 0.219512 0.000000 -0.066667
v 0.365854 0.000000 -0.033333
v 0.365854 0.000000 -0.066667
v 0.512195 0.000000 -0.033333
v 0.512195 0.000000 -0.066667
v 0.658537 0.000000 -0.033333
v 0.658536 0.000000 -0.066667
v 0.804878 0.000000 -0.033333
v 0.804878 0.000000 -0.066667
v 0.951219 0.000000 -0.033333
v 0.951219 0.000000 -0.066667
v 1.097561 0.000000 -0.033333
v 1.097561 0.000000 -0.066667
v 1.243902 0.000000 -0.033333
v 1.243902 0.000000 -0.066667
v 1.390244 0.000000 -0.033333
v 1.390244 0.000000 -0.066667
v 1.536585 0.000000 -0.033333
v 1.536585 0.000000 -0.066667
v 1.682927 0.000000 -0.033333
v 1.682926 0.000000 -0.066667
v 1.829268 0.000000 -0.033333
v 1.829268 0.000000 -0.066667
v 1.975610 0.000000 -0.033333
v 1.975609 0.000000 -0.066667
v 2.121951 0.000000 -0.033333
v 2.121951 0.000000 -0.066667
v 2.268293 0.000000 -0.033333
v 2.268292 0.000000 -0.066667
v 2.414634 0.000000 -0.033333
v 2.414634 0.000000 -0.066667
v 2.560976 0.000000 -0.033333
v 2.560976 0.000000 -0.066667
v 2.707317 0.000000 -0.033333
v 2.707317 0.000000 -0.066667
v 2.853659 0.000000 -0.033333
v 2.853659 0.000000 -0.066667
v -0.056910 0.000000 -0.033333
v -0.056911 0.000000 -0.066667
v -0.040650 0.000000 -0.033333
v -0.040651 0.000000 -0.066667
v -0.024390 0.000000 -0.033333
v -0.024390 0.000000 -0.066667
v -0.008130 0.000000 -0.033333
v -0.008130 0.000000 -0.066667
v 0.008130 0.000000 -0.033333
v 0.008130 0.000000 -0.066667
v 0.024390 0.000000 -0.033333
v 0.024390 0.000000 -0.066667
v 0.040651 0.000000 -0.033333
v 0.040650 0.000000 -0.066667
v 0.056911 0.000000 -0.033333
v 0.056910 0.000000 -0.066667
v -2.869919 0.000000 -0.100000
v -2.886179 0.000000 -0.100000
v -2.902439 0.000000 -0.100000
v -2.918699 0.000000 -0.100000
v -2.934959 0.000000 -0.100000
v -2.951220 0.000000 -0.100000
v -2.967480 0.000000 -0.100000
v -2.983740 0.000000 -0.100000
v -2.983740 0.000000 0.000000
v -2.967480 0.000000 0.000000
v -2.951220 0.000000 0.000000
v -2.934959 0.000000 0.000000
v -2.918699 0.000000 0.000000
v -2.902439 0.000000 0.000000
v -2.886179 0.000000 0.000000
v -2.869919 0.000000 0.000000
v -2.869919 0.000000 -0.033333
v -2.886179 0.000000 -0.033333
v -2.902439 0.000000 -0.033333
v -2.918699 0.000000 -0.033333
v -2.934959 0.000000 -0.033333
v -2.951219 0.000000 -0.033333
v -2.967479 0.000000 -0.033333
v -2.983740 0.000000 -0.033333
v -2.869919 0.000000 -0.066667
v -2.886179 0.000000 -0.066667
v -2.902439 0.000000 -0.066667
v -2.918699 0.000000 -0.066667
v -2.934959 0.000000 -0.066667
v -2.951220 0.000000 -0.066667
v -2.967480 0.000000 -0.066667
v -2.983740 0.000000 -0.066667
v -2.105690 0.000000 0.000000
v -2.089430 0.000000 0.000000
v -2.073170 0.000000 0.000000
v -2.056910 0.000000 0.000000
v -2.040650 0.000000 0.000000
v -2.024390 0.000000 0.000000
v -2.008130 0.000000 0.000000
v -1.991869 0.000000 0.000000
v -1.991870 0.000000 -0.100000
v -2.008130 0.000000 -0.100000
v -2.024390 0.000000 -0.100000
v -2.040650 0.000000 -0.100000
v -2.056911 0.000000 -0.100000
v -2.073171 0.000000 -0.100000
v -2.089431 0.000000 -0.100000
v -2.105691 0.000000 -0.100000
v -1.991870 0.000000 -0.033333
v -2.008130 0.000000 -0.033333
v -2.024390 0.000000 -0.033333
v -2.040650 0.000000 -0.033333
v -2.056910 0.000000 -0.033333
v -2.073170 0.000000 -0.033333
v -2.089431 0.000000 -0.033333
v -2.105691 0.000000 -0.033333
v -1.991870 0.000000 -0.066667
v -2.008130 0.000000 -0.066667
v -2.024390 0.000000 -0.066667
v -2.040650 0.000000 -0.066667
v -2.056910 0.000000 -0.066667
v -2.073170 0.000000 -0.066667
v -2.089431 0.000000 -0.066667
v -2.105691 0.000000 -0.066667
v -1.081300 0.000000 0.000000
v -1.065040 0.000000 0.000000
v -1.048780 0.000000 0.000000
v -1.032520 0.000000 0.000000
v -1.016260 0.000000 0.000000
v -1.000000 0.000000 0.000000
v -0.983739 0.000000 0.000000
v -0.967479 0.000000 0.000000
v -0.967480 0.000000 -0.100000
v -0.983740 0.000000 -0.100000
v -1.000000 0.000000 -0.100000
v -1.016260 0.000000 -0.100000
v -1.032520 0.000000 -0.100000
v -1.048781 0.000000 -0.100000
v -1.065041 0.000000 -0.100000
v -1.081301 0.000000 -0.100000
v -0.967479 0.000000 -0.033333
v -0.983740 0.000000 -0.033333
v -1.000000 0.000000 -0.033333
v -1.016260 0.000000 -0.033333
v -1.032520 0.000000 -0.033333
v -1.048780 0.000000 -0.033333
v -1.065040 0.000000 -0.033333
v -1.081300 0.000000 -0.033333
v -0.967480 0.000000 -0.066667
v -0.983740 0.000000 -0.066667
v -1.000000 0.000000 -0.066667
v -1.016260 0.000000 -0.066667
v -1.032520 0.000000 -0.066667
v -1.048780 0.000000 -0.066667
v -1.065040 0.000000 -0.066667
v -1.081301 0.000000 -0.066667
v 0.967480 0.000000 0.000000
v 0.983740 0.000000 0.000000
v 1.000000 0.000000 0.000000
v 1.016260 0.000000 0.000000
v 1.032520 0.000000 0.000000
v 1.048781 0.000000 0.000000
v 1.065041 0.000000 0.000000
v 1.081301 0.000000 0.000000
v 1.081300 0.000000 -0.100000
v 1.065040 0.000000 -0.100000
v 1.048780 0.000000 -0.100000
v 1.032520 0.000000 -0.100000
v 1.016260 0.000000 -0.100000
v 1.000000 0.000000 -0.100000
v 0.983739 0.000000 -0.100000
v 0.967479 0.000000 -0.100000
v 1.081301 0.000000 -0.033333
v 1.065041 0.000000 -0.033333
v 1.048780 0.000000 -0.033333
v 1.032520 0.000000 -0.033333
v 1.016260 0.000000 -0.033333
v 1.000000 0.000000 -0.033333
v 0.983740 0.000000 -0.033333
v 0.967480 0.000000 -0.033333
v 1.081300 0.000000 -0.066667
v 1.065040 0.000000 -0.066667
v 1.048780 0.000000 -0.066667
v 1.032520 0.000000 -0.066667
v 1.016260 0.000000 -0.066667
v 1.000000 0.000000 -0.066667
v 0.983740 0.000000 -0.066667
v 0.967479 0.000000 -0.066667
v 1.991524 0.000000 0.000000
v 2.007784 0.000000 0.000000
v 2.024044 0.000000 0.000000
v 2.040304 0.000000 0.000000
v 2.056565 0.000000 0.000000
v 2.072825 0.000000 0.000000
v 2.089085 0.000000 0.000000
v 2.105345 0.000000 0.000000
v 2.105345 0.000000 -0.100000
v 2.089084 0.000000 -0.100000
v 2.072824 0.000000 -0.100000
v 2.056564 0.000000 -0.100000
v 2.040304 0.000000 -0.100000
v 2.024044 0.000000 -0.100000
v 2.007784 0.000000 -0.100000
v 1.991524 0.000000 -0.100000
v 2.105345 0.000000 -0.033333
v 2.089085 0.000000 -0.033333
v 2.072825 0.000000 -0.033333
v 2.056565 0.000000 -0.033333
v 2.040304 0.000000 -0.033333
v 2.024044 0.000000 -0.033333
v 2.007784 0.000000 -0.033333
v 1.991524 0.000000 -0.033333
v 2.105345 0.000000 -0.066667
v 2.089085 0.000000 -0.066667
v 2.072824 0.000000 -0.066667
v 2.056564 0.000000 -0.066667
v 2.040304 0.000000 -0.066667
v 2.024044 0.000000 -0.066667
v 2.007784 0.000000 -0.066667
v 1.991524 0.000000 -0.066667
v 2.869919 0.000000 0.000000
v 2.886179 0.000000 0.000000
v 2.902439 0.000000 0.000000
v 2.918699 0.000000 0.000000
v 2.934959 0.000000 0.000000
v 2.951220 0.000000 0.000000
v 2.967480 0.000000 0.000000
v 2.983740 0.000000 0.000000
v 2.983740 0.000000 -0.100000
v 2.967480 0.000000 -0.100000
v 2.951220 0.000000 -0.100000
v 2.934959 0.000000 -0.100000
v 2.918699 0.000000 -0.100000
v 2.902439 0.000000 -0.100000
v 2.886179 0.000000 -0.100000
v 2.869919 0.000000 -0.100000
v 2.983740 0.000000 -0.033333
v 2.967480 0.000000 -0.033333
v 2.951220 0.000000 -0.033333
v 2.934959 0.000000 -0.033333
v 2.918699 0.000000 -0.033333
v 2.902439 0.000000 -0.033333
v 2.886179 0.000000 -0.033333
v 2.869919 0.000000 -0.033333
v 2.983740 0.000000 -0.066667
v 2.967480 0.000000 -0.066667
v 2.951220 0.000000 -0.066667
v 2.934959 0.000000 -0.066667
v 2.918699 0.000000 -0.066667
v 2.902439 0.000000 -0.066667
v 2.886179 0.000000 -0.066667
v 2.869919 0.000000 -0.066667
vn -0.0000 1.0000 -0.0000
vt 0.997290 0.666667
vt 1.000000 0.666667
vt 1.000000 1.000000
vt 0.997290 1.000000
vt 0.021680 0.666667
vt 0.024390 0.666667
vt 0.024390 1.000000
vt 0.021680 1.000000
vt 0.048780 0.666667
vt 0.048780 1.000000
vt 0.073171 0.666667
vt 0.073171 1.000000
vt 0.097561 0.666667
vt 0.097561 1.000000
vt 0.121951 0.666667
vt 0.121951 1.000000
vt 0.146341 0.666667
vt 0.146341 1.000000
vt 0.168022 0.666667
vt 0.170732 0.666667
vt 0.170732 1.000000
vt 0.168022 1.000000
vt 0.195122 0.666667
vt 0.195122 1.000000
vt 0.219512 0.666667
vt 0.219512 1.000000
vt 0.243902 0.666667
vt 0.243902 1.000000
vt 0.268293 0.666667
vt 0.268293 1.000000
vt 0.292683 0.666667
vt 0.292683 1.000000
vt 0.317073 0.666667
vt 0.317073 1.000000
vt 0.338753 0.666667
vt 0.341463 0.666667
vt 0.341463 1.000000
vt 0.338753 1.000000
vt 0.365854 0.666667
vt 0.365854 1.000000
vt 0.390244 0.666667
vt 0.390244 1.000000
vt 0.414634 0.666667
vt 0.414634 1.000000
vt 0.439024 0.666667
vt 0.439024 1.000000
vt 0.463414 0.666667
vt 0.463415 1.000000
vt 0.487805 0.666667
vt 0.487805 1.000000
vt 0.509485 0.666667
vt 0.512195 0.666667
vt 0.512195 1.000000
vt 0.509485 1.000000
vt 0.536585 0.666667
vt 0.536585 1.000000
vt 0.560975 0.666667
vt 0.560976 1.000000
vt 0.585366 0.666667
vt 0.585366 1.000000
vt 0.609756 0.666667
vt 0.609756 1.000000
vt 0.634146 0.666667
vt 0.634146 1.000000
vt 0.658537 0.666667
vt 0.658537 1.000000
vt 0.680217 0.666667
vt 0.682927 0.666667
vt 0.682927 1.000000
vt 0.680217 1.000000
vt 0.707317 0.666667
vt 0.707317 1.000000
vt 0.731707 0.666667
vt 0.731707 1.000000
vt 0.756098 0.666667
vt 0.756098 1.000000
vt 0.780488 0.666667
vt 0.780488 1.000000
vt 0.804878 0.666667
vt 0.804878 1.000000
vt 0.829268 0.666667
vt 0.829268 1.000000
vt 0.850891 0.666667
vt 0.853658 0.666667
vt 0.853659 1.000000
vt 0.850891 1.000000
vt 0.878049 0.666667
vt 0.878049 1.000000
vt 0.902439 0.666667
vt 0.902439 1.000000
vt 0.926829 0.666667
vt 0.926829 1.000000
vt 0.951220 0.666667
vt 0.951220 1.000000
vt 0.975610 0.666667
vt 0.975610 1.000000
vt 0.490515 0.666667
vt 0.490515 1.000000
vt 0.493225 0.666667
vt 0.493225 1.000000
vt 0.495935 0.666667
vt 0.495935 1.000000
vt 0.498645 0.666667
vt 0.498645 1.000000
vt 0.501355 0.666667
vt 0.501355 1.000000
vt 0.504065 0.666667
vt 0.504065 1.000000
vt 0.506775 0.666667
vt 0.506775 1.000000
vt 0.506775 0.000000
vt 0.509485 0.000000
vt 0.509485 0.333333
vt 0.506775 0.333333
vt 0.504065 0.000000
vt 0.504065 0.333333
vt 0.501355 0.000000
vt 0.501355 0.333333
vt 0.498645 0.000000
vt 0.498645 0.333333
vt 0.495935 0.000000
vt 0.495935 0.333333
vt 0.493225 0.000000
vt 0.493225 0.333333
vt 0.490515 0.000000
vt 0.490515 0.333333
vt 0.487805 0.000000
vt 0.487805 0.333333
vt 0.951219 0.000000
vt 0.975610 0.000000
vt 0.975610 0.333333
vt 0.951219 0.333333
vt 0.926829 0.000000
vt 0.926829 0.333333
vt 0.902439 0.000000
vt 0.902439 0.333333
vt 0.878049 0.000000
vt 0.878049 0.333333
vt 0.853658 0.000000
vt 0.853658 0.333333
vt 0.850891 0.000000
vt 0.850891 0.333333
vt 0.804878 0.000000
vt 0.829268 0.000000
vt 0.829268 0.333333
vt 0.804878 0.333333
vt 0.780488 0.000000
vt 0.780488 0.333333
vt 0.756097 0.000000
vt 0.756097 0.333333
vt 0.731707 0.000000
vt 0.731707 0.333333
vt 0.707317 0.000000
vt 0.707317 0.333333
vt 0.682927 0.000000
vt 0.682927 0.333333
vt 0.680217 0.000000
vt 0.680217 0.333333
vt 0.634146 0.000000
vt 0.658536 0.000000
vt 0.658536 0.333333
vt 0.634146 0.333333
vt 0.609756 0.000000
vt 0.609756 0.333333
vt 0.585366 0.000000
vt 0.585366 0.333333
vt 0.560975 0.000000
vt 0.560975 0.333333
vt 0.536585 0.000000
vt 0.536585 0.333333
vt 0.512195 0.000000
vt 0.512195 0.333333
vt 0.463414 0.000000
vt 0.463414 0.333333
vt 0.439024 0.000000
vt 0.439024 0.333333
vt 0.414634 0.000000
vt 0.414634 0.333333
vt 0.390244 0.000000
vt 0.390244 0.333333
vt 0.365854 0.000000
vt 0.365854 0.333333
vt 0.341463 0.000000
vt 0.341463 0.333333
vt 0.338753 0.000000
vt 0.338753 0.333333
vt 0.292683 0.000000
vt 0.317073 0.000000
vt 0.317073 0.333333
vt 0.292683 0.333333
vt 0.268293 0.000000
vt 0.268293 0.333333
vt 0.243902 0.000000
vt 0.243902 0.333333
vt 0.219512 0.000000
vt 0.219512 0.333333
vt 0.195122 0.000000
vt 0.195122 0.333333
vt 0.170732 0.000000
vt 0.170732 0.333333
vt 0.168022 0.000000
vt 0.168022 0.333333
vt 0.322493 0.333333
vt 0.325203 0.333333
vt 0.325203 0.666667
vt 0.322493 0.666667
vt 0.121951 0.000000
vt 0.146341 0.000000
vt 0.146341 0.333333
vt 0.121951 0.333333
vt 0.097561 0.000000
vt 0.097561 0.333333
vt 0.073171 0.000000
vt 0.073171 0.333333
vt 0.048780 0.000000
vt 0.048780 0.333333
vt 0.024390 0.000000
vt 0.024390 0.333333
vt 0.021680 0.000000
vt 0.021680 0.333333
vt 0.997290 0.000000
vt 1.000000 0.000000
vt 1.000000 0.333333
vt 0.997290 0.333333
vt 0.000000 0.333333
vt 0.002710 0.333333
vt 0.002710 0.666667
vt 0.000000 0.666667
vt 0.005420 0.333333
vt 0.005420 0.666667
vt 0.149051 0.333333
vt 0.151761 0.333333
vt 0.151761 0.666667
vt 0.149051 0.666667
vt 0.010840 0.333333
vt 0.013550 0.333333
vt 0.013550 0.666667
vt 0.010840 0.666667
vt 0.016260 0.333333
vt 0.016260 0.666667
vt 0.018970 0.333333
vt 0.018970 0.666667
vt 0.000000 0.000000
vt 0.002710 0.000000
vt 0.005420 0.000000
vt 0.008130 0.000000
vt 0.008130 0.333333
vt 0.010840 0.000000
vt 0.013550 0.000000
vt 0.016260 0.000000
vt 0.018970 0.000000
vt 0.002710 1.000000
vt 0.000000 1.000000
vt 0.005420 1.000000
vt 0.008130 0.666667
vt 0.008130 1.000000
vt 0.010840 1.000000
vt 0.013550 1.000000
vt 0.016260 1.000000
vt 0.018970 1.000000
vt 0.154472 0.333333
vt 0.154471 0.666667
vt 0.157182 0.333333
vt 0.157182 0.666667
vt 0.159892 0.333333
vt 0.159892 0.666667
vt 0.162602 0.333333
vt 0.162602 0.666667
vt 0.319783 0.333333
vt 0.319783 0.666667
vt 0.149051 0.000000
vt 0.151762 0.000000
vt 0.154472 0.000000
vt 0.157182 0.000000
vt 0.159892 0.000000
vt 0.162602 0.000000
vt 0.165312 0.000000
vt 0.165312 0.333333
vt 0.149051 1.000000
vt 0.151761 1.000000
vt 0.154471 1.000000
vt 0.157182 1.000000
vt 0.159892 1.000000
vt 0.162602 1.000000
vt 0.165312 0.666667
vt 0.165312 1.000000
vt 0.327913 0.333333
vt 0.327913 0.666667
vt 0.330623 0.333333
vt 0.330623 0.666667
vt 0.661246 0.333333
vt 0.663956 0.333333
vt 0.663957 0.666667
vt 0.661247 0.666667
vt 0.336043 0.333333
vt 0.336043 0.666667
vt 0.319783 0.000000
vt 0.322493 0.000000
vt 0.325203 0.000000
vt 0.327913 0.000000
vt 0.330623 0.000000
vt 0.333333 0.000000
vt 0.333333 0.333333
vt 0.336043 0.000000
vt 0.319783 1.000000
vt 0.322493 1.000000
vt 0.325203 1.000000
vt 0.327913 1.000000
vt 0.330623 1.000000
vt 0.333333 0.666667
vt 0.333333 1.000000
vt 0.336043 1.000000
vt 0.669376 0.333333
vt 0.672087 0.333333
vt 0.672087 0.666667
vt 0.669377 0.666667
vt 0.674797 0.333333
vt 0.674797 0.666667
vt 0.677507 0.333333
vt 0.677507 0.666667
vt 0.661247 0.000000
vt 0.663957 0.000000
vt 0.666667 0.000000
vt 0.666667 0.333333
vt 0.669377 0.000000
vt 0.672087 0.000000
vt 0.674797 0.000000
vt 0.677507 0.000000
vt 0.661247 1.000000
vt 0.663957 1.000000
vt 0.666667 0.666667
vt 0.666667 1.000000
vt 0.669377 1.000000
vt 0.672087 1.000000
vt 0.674797 1.000000
vt 0.677507 1.000000
vt 0.981030 0.333333
vt 0.983740 0.333333
vt 0.983740 0.666667
vt 0.981030 0.666667
vt 0.978320 0.333333
vt 0.978320 0.666667
vt 0.837341 0.333333
vt 0.840051 0.333333
vt 0.840051 0.666667
vt 0.837341 0.666667
vt 0.842761 0.333333
vt 0.842761 0.666667
vt 0.845471 0.333333
vt 0.845471 0.666667
vt 0.848181 0.333333
vt 0.848181 0.666667
vt 0.831921 0.000000
vt 0.831921 0.333333
vt 0.834631 0.000000
vt 0.834631 0.333333
vt 0.837341 0.000000
vt 0.840051 0.000000
vt 0.842761 0.000000
vt 0.845471 0.000000
vt 0.848181 0.000000
vt 0.831921 0.666667
vt 0.831921 1.000000
vt 0.834631 0.666667
vt 0.834631 1.000000
vt 0.837341 1.000000
vt 0.840051 1.000000
vt 0.842761 1.000000
vt 0.845471 1.000000
vt 0.848181 1.000000
vt 0.986450 0.333333
vt 0.986450 0.666667
vt 0.994580 0.333333
vt 0.994580 0.666667
vt 0.978320 0.000000
vt 0.981030 0.000000
vt 0.983740 0.000000
vt 0.986450 0.000000
vt 0.989160 0.000000
vt 0.989160 0.333333
vt 0.991870 0.000000
vt 0.991870 0.333333
vt 0.994580 0.000000
vt 0.978320 1.000000
vt 0.981030 1.000000
vt 0.983740 1.000000
vt 0.986450 1.000000
vt 0.989160 0.666667
vt 0.989160 1.000000
vt 0.991870 0.666667
vt 0.991870 1.000000
vt 0.994580 1.000000
s 0
f 3437/3360/4334 3156/3361/4334 3056/3362/4334 3421/3363/4334
f 3277/3364/4334 3158/3365/4334 3136/3366/4334 3253/3367/4334
f 3158/3365/4334 3160/3368/4334 3135/3369/4334 3136/3366/4334
f 3160/3368/4334 3162/3370/4334 3134/3371/4334 3135/3369/4334
f 3162/3370/4334 3164/3372/4334 3133/3373/4334 3134/3371/4334
f 3164/3372/4334 3166/3374/4334 3132/3375/4334 3133/3373/4334
f 3166/3374/4334 3168/3376/4334 3131/3377/4334 3132/3375/4334
f 3309/3378/4334 3170/3379/4334 3130/3380/4334 3293/3381/4334
f 3170/3379/4334 3172/3382/4334 3129/3383/4334 3130/3380/4334
f 3172/3382/4334 3174/3384/4334 3128/3385/4334 3129/3383/4334
f 3174/3384/4334 3176/3386/4334 3127/3387/4334 3128/3385/4334
f 3176/3386/4334 3178/3388/4334 3126/3389/4334 3127/3387/4334
f 3178/3388/4334 3180/3390/4334 3125/3391/4334 3126/3389/4334
f 3180/3390/4334 3182/3392/4334 3124/3393/4334 3125/3391/4334
f 3341/3394/4334 3184/3395/4334 3123/3396/4334 3325/3397/4334
f 3184/3395/4334 3186/3398/4334 3122/3399/4334 3123/3396/4334
f 3186/3398/4334 3188/3400/4334 3121/3401/4334 3122/3399/4334
f 3188/3400/4334 3190/3402/4334 3120/3403/4334 3121/3401/4334
f 3190/3402/4334 3192/3404/4334 3119/3405/4334 3120/3403/4334
f 3192/3404/4334 3194/3406/4334 3118/3407/4334 3119/3405/4334
f 3194/3406/4334 3196/3408/4334 3117/3409/4334 3118/3407/4334
f 3252/3410/4334 3198/3411/4334 3116/3412/4334 3145/3413/4334
f 3198/3411/4334 3200/3414/4334 3115/3415/4334 3116/3412/4334
f 3200/3414/4334 3202/3416/4334 3114/3417/4334 3115/3415/4334
f 3202/3416/4334 3204/3418/4334 3113/3419/4334 3114/3417/4334
f 3204/3418/4334 3206/3420/4334 3112/3421/4334 3113/3419/4334
f 3206/3420/4334 3208/3422/4334 3111/3423/4334 3112/3421/4334
f 3208/3422/4334 3210/3424/4334 3110/3425/4334 3111/3423/4334
f 3373/3426/4334 3212/3427/4334 3109/3428/4334 3357/3429/4334
f 3212/3427/4334 3214/3430/4334 3108/3431/4334 3109/3428/4334
f 3214/3430/4334 3216/3432/4334 3107/3433/4334 3108/3431/4334
f 3216/3432/4334 3218/3434/4334 3106/3435/4334 3107/3433/4334
f 3218/3434/4334 3220/3436/4334 3105/3437/4334 3106/3435/4334
f 3220/3436/4334 3222/3438/4334 3104/3439/4334 3105/3437/4334
f 3222/3438/4334 3224/3440/4334 3103/3441/4334 3104/3439/4334
f 3405/3442/4334 3226/3443/4334 3102/3444/4334 3389/3445/4334
f 3226/3443/4334 3228/3446/4334 3101/3447/4334 3102/3444/4334
f 3228/3446/4334 3230/3448/4334 3100/3449/4334 3101/3447/4334
f 3230/3448/4334 3232/3450/4334 3099/3451/4334 3100/3449/4334
f 3232/3450/4334 3234/3452/4334 3098/3453/4334 3099/3451/4334
f 3234/3452/4334 3236/3454/4334 3097/3455/4334 3098/3453/4334
f 3196/3408/4334 3238/3456/4334 3152/3457/4334 3117/3409/4334
f 3238/3456/4334 3240/3458/4334 3151/3459/4334 3152/3457/4334
f 3240/3458/4334 3242/3460/4334 3150/3461/4334 3151/3459/4334
f 3242/3460/4334 3244/3462/4334 3149/3463/4334 3150/3461/4334
f 3244/3462/4334 3246/3464/4334 3148/3465/4334 3149/3463/4334
f 3246/3464/4334 3248/3466/4334 3147/3467/4334 3148/3465/4334
f 3248/3466/4334 3250/3468/4334 3146/3469/4334 3147/3467/4334
f 3250/3468/4334 3252/3410/4334 3145/3413/4334 3146/3469/4334
f 3143/3470/4334 3144/3471/4334 3251/3472/4334 3249/3473/4334
f 3249/3473/4334 3251/3472/4334 3252/3410/4334 3250/3468/4334
f 3142/3474/4334 3143/3470/4334 3249/3473/4334 3247/3475/4334
f 3247/3475/4334 3249/3473/4334 3250/3468/4334 3248/3466/4334
f 3141/3476/4334 3142/3474/4334 3247/3475/4334 3245/3477/4334
f 3140/3478/4334 3141/3476/4334 3245/3477/4334 3243/3479/4334
f 3139/3480/4334 3140/3478/4334 3243/3479/4334 3241/3481/4334
f 3138/3482/4334 3139/3480/4334 3241/3481/4334 3239/3483/4334
f 3239/3483/4334 3241/3481/4334 3242/3460/4334 3240/3458/4334
f 3137/3484/4334 3138/3482/4334 3239/3483/4334 3237/3485/4334
f 3237/3485/4334 3239/3483/4334 3240/3458/4334 3238/3456/4334
f 3076/3486/4334 3137/3484/4334 3237/3485/4334 3195/3487/4334
f 3195/3487/4334 3237/3485/4334 3238/3456/4334 3196/3408/4334
f 3095/3488/4334 3096/3489/4334 3235/3490/4334 3233/3491/4334
f 3233/3491/4334 3235/3490/4334 3236/3454/4334 3234/3452/4334
f 3094/3492/4334 3095/3488/4334 3233/3491/4334 3231/3493/4334
f 3231/3493/4334 3233/3491/4334 3234/3452/4334 3232/3450/4334
f 3093/3494/4334 3094/3492/4334 3231/3493/4334 3229/3495/4334
f 3229/3495/4334 3231/3493/4334 3232/3450/4334 3230/3448/4334
f 3092/3496/4334 3093/3494/4334 3229/3495/4334 3227/3497/4334
f 3227/3497/4334 3229/3495/4334 3230/3448/4334 3228/3446/4334
f 3091/3498/4334 3092/3496/4334 3227/3497/4334 3225/3499/4334
f 3225/3499/4334 3227/3497/4334 3228/3446/4334 3226/3443/4334
f 3388/3500/4334 3091/3498/4334 3225/3499/4334 3397/3501/4334
f 3397/3501/4334 3225/3499/4334 3226/3443/4334 3405/3442/4334
f 3089/3502/4334 3090/3503/4334 3223/3504/4334 3221/3505/4334
f 3221/3505/4334 3223/3504/4334 3224/3440/4334 3222/3438/4334
f 3088/3506/4334 3089/3502/4334 3221/3505/4334 3219/3507/4334
f 3219/3507/4334 3221/3505/4334 3222/3438/4334 3220/3436/4334
f 3087/3508/4334 3088/3506/4334 3219/3507/4334 3217/3509/4334
f 3217/3509/4334 3219/3507/4334 3220/3436/4334 3218/3434/4334
f 3086/3510/4334 3087/3508/4334 3217/3509/4334 3215/3511/4334
f 3215/3511/4334 3217/3509/4334 3218/3434/4334 3216/3432/4334
f 3085/3512/4334 3086/3510/4334 3215/3511/4334 3213/3513/4334
f 3213/3513/4334 3215/3511/4334 3216/3432/4334 3214/3430/4334
f 3084/3514/4334 3085/3512/4334 3213/3513/4334 3211/3515/4334
f 3211/3515/4334 3213/3513/4334 3214/3430/4334 3212/3427/4334
f 3356/3516/4334 3084/3514/4334 3211/3515/4334 3365/3517/4334
f 3365/3517/4334 3211/3515/4334 3212/3427/4334 3373/3426/4334
f 3082/3518/4334 3083/3519/4334 3209/3520/4334 3207/3521/4334
f 3207/3521/4334 3209/3520/4334 3210/3424/4334 3208/3422/4334
f 3081/3522/4334 3082/3518/4334 3207/3521/4334 3205/3523/4334
f 3205/3523/4334 3207/3521/4334 3208/3422/4334 3206/3420/4334
f 3080/3524/4334 3081/3522/4334 3205/3523/4334 3203/3525/4334
f 3203/3525/4334 3205/3523/4334 3206/3420/4334 3204/3418/4334
f 3079/3526/4334 3080/3524/4334 3203/3525/4334 3201/3527/4334
f 3201/3527/4334 3203/3525/4334 3204/3418/4334 3202/3416/4334
f 3078/3528/4334 3079/3526/4334 3201/3527/4334 3199/3529/4334
f 3199/3529/4334 3201/3527/4334 3202/3416/4334 3200/3414/4334
f 3077/3530/4334 3078/3528/4334 3199/3529/4334 3197/3531/4334
f 3197/3531/4334 3199/3529/4334 3200/3414/4334 3198/3411/4334
f 3144/3471/4334 3077/3530/4334 3197/3531/4334 3251/3472/4334
f 3251/3472/4334 3197/3531/4334 3198/3411/4334 3252/3410/4334
f 3075/3532/4334 3076/3486/4334 3195/3487/4334 3193/3533/4334
f 3193/3533/4334 3195/3487/4334 3196/3408/4334 3194/3406/4334
f 3074/3534/4334 3075/3532/4334 3193/3533/4334 3191/3535/4334
f 3191/3535/4334 3193/3533/4334 3194/3406/4334 3192/3404/4334
f 3073/3536/4334 3074/3534/4334 3191/3535/4334 3189/3537/4334
f 3189/3537/4334 3191/3535/4334 3192/3404/4334 3190/3402/4334
f 3072/3538/4334 3073/3536/4334 3189/3537/4334 3187/3539/4334
f 3187/3539/4334 3189/3537/4334 3190/3402/4334 3188/3400/4334
f 3071/3540/4334 3072/3538/4334 3187/3539/4334 3185/3541/4334
f 3185/3541/4334 3187/3539/4334 3188/3400/4334 3186/3398/4334
f 3070/3542/4334 3071/3540/4334 3185/3541/4334 3183/3543/4334
f 3183/3543/4334 3185/3541/4334 3186/3398/4334 3184/3395/4334
f 3324/3544/4334 3070/3542/4334 3183/3543/4334 3333/3545/4334
f 3333/3545/4334 3183/3543/4334 3184/3395/4334 3341/3394/4334
f 3068/3546/4334 3069/3547/4334 3181/3548/4334 3179/3549/4334
f 3179/3549/4334 3181/3548/4334 3182/3392/4334 3180/3390/4334
f 3067/3550/4334 3068/3546/4334 3179/3549/4334 3177/3551/4334
f 3177/3551/4334 3179/3549/4334 3180/3390/4334 3178/3388/4334
f 3066/3552/4334 3067/3550/4334 3177/3551/4334 3175/3553/4334
f 3175/3553/4334 3177/3551/4334 3178/3388/4334 3176/3386/4334
f 3065/3554/4334 3066/3552/4334 3175/3553/4334 3173/3555/4334
f 3173/3555/4334 3175/3553/4334 3176/3386/4334 3174/3384/4334
f 3064/3556/4334 3065/3554/4334 3173/3555/4334 3171/3557/4334
f 3171/3557/4334 3173/3555/4334 3174/3384/4334 3172/3382/4334
f 3063/3558/4334 3064/3556/4334 3171/3557/4334 3169/3559/4334
f 3169/3559/4334 3171/3557/4334 3172/3382/4334 3170/3379/4334
f 3292/3560/4334 3063/3558/4334 3169/3559/4334 3301/3561/4334
f 3339/3562/4334 3338/3563/4334 3346/3564/4334 3347/3565/4334
f 3061/3566/4334 3062/3567/4334 3167/3568/4334 3165/3569/4334
f 3165/3569/4334 3167/3568/4334 3168/3376/4334 3166/3374/4334
f 3060/3570/4334 3061/3566/4334 3165/3569/4334 3163/3571/4334
f 3163/3571/4334 3165/3569/4334 3166/3374/4334 3164/3372/4334
f 3059/3572/4334 3060/3570/4334 3163/3571/4334 3161/3573/4334
f 3161/3573/4334 3163/3571/4334 3164/3372/4334 3162/3370/4334
f 3058/3574/4334 3059/3572/4334 3161/3573/4334 3159/3575/4334
f 3159/3575/4334 3161/3573/4334 3162/3370/4334 3160/3368/4334
f 3057/3576/4334 3058/3574/4334 3159/3575/4334 3157/3577/4334
f 3157/3577/4334 3159/3575/4334 3160/3368/4334 3158/3365/4334
f 3268/3578/4334 3057/3576/4334 3157/3577/4334 3269/3579/4334
f 3269/3579/4334 3157/3577/4334 3158/3365/4334 3277/3364/4334
f 3420/3580/4334 3054/3581/4334 3155/3582/4334 3429/3583/4334
f 3429/3583/4334 3155/3582/4334 3156/3361/4334 3437/3360/4334
f 3154/3584/4334 3276/3585/4334 3284/3586/4334 3153/3587/4334
f 3276/3585/4334 3275/3588/4334 3283/3589/4334 3284/3586/4334
f 3308/3590/4334 3307/3591/4334 3315/3592/4334 3316/3593/4334
f 3167/3568/4334 3308/3590/4334 3316/3593/4334 3168/3376/4334
f 3273/3594/4334 3272/3595/4334 3280/3596/4334 3281/3597/4334
f 3272/3595/4334 3271/3598/4334 3279/3599/4334 3280/3596/4334
f 3271/3598/4334 3270/3600/4334 3278/3601/4334 3279/3599/4334
f 3270/3600/4334 3269/3579/4334 3277/3364/4334 3278/3601/4334
f 3053/3602/4334 3261/3603/4334 3276/3585/4334 3154/3584/4334
f 3261/3603/4334 3262/3604/4334 3275/3588/4334 3276/3585/4334
f 3262/3604/4334 3263/3605/4334 3274/3606/4334 3275/3588/4334
f 3263/3605/4334 3264/3607/4334 3273/3594/4334 3274/3606/4334
f 3264/3607/4334 3265/3608/4334 3272/3595/4334 3273/3594/4334
f 3265/3608/4334 3266/3609/4334 3271/3598/4334 3272/3595/4334
f 3266/3609/4334 3267/3610/4334 3270/3600/4334 3271/3598/4334
f 3267/3610/4334 3268/3578/4334 3269/3579/4334 3270/3600/4334
f 3153/3587/4334 3284/3586/4334 3260/3611/4334 3055/3612/4334
f 3284/3586/4334 3283/3589/4334 3259/3613/4334 3260/3611/4334
f 3283/3589/4334 3282/3614/4334 3258/3615/4334 3259/3613/4334
f 3282/3614/4334 3281/3597/4334 3257/3616/4334 3258/3615/4334
f 3281/3597/4334 3280/3596/4334 3256/3617/4334 3257/3616/4334
f 3280/3596/4334 3279/3599/4334 3255/3618/4334 3256/3617/4334
f 3279/3599/4334 3278/3601/4334 3254/3619/4334 3255/3618/4334
f 3278/3601/4334 3277/3364/4334 3253/3367/4334 3254/3619/4334
f 3307/3591/4334 3306/3620/4334 3314/3621/4334 3315/3592/4334
f 3306/3620/4334 3305/3622/4334 3313/3623/4334 3314/3621/4334
f 3305/3622/4334 3304/3624/4334 3312/3625/4334 3313/3623/4334
f 3304/3624/4334 3303/3626/4334 3311/3627/4334 3312/3625/4334
f 3340/3628/4334 3339/3562/4334 3347/3565/4334 3348/3629/4334
f 3181/3548/4334 3340/3628/4334 3348/3629/4334 3182/3392/4334
f 3062/3567/4334 3285/3630/4334 3308/3590/4334 3167/3568/4334
f 3285/3630/4334 3286/3631/4334 3307/3591/4334 3308/3590/4334
f 3286/3631/4334 3287/3632/4334 3306/3620/4334 3307/3591/4334
f 3287/3632/4334 3288/3633/4334 3305/3622/4334 3306/3620/4334
f 3288/3633/4334 3289/3634/4334 3304/3624/4334 3305/3622/4334
f 3289/3634/4334 3290/3635/4334 3303/3626/4334 3304/3624/4334
f 3290/3635/4334 3291/3636/4334 3302/3637/4334 3303/3626/4334
f 3291/3636/4334 3292/3560/4334 3301/3561/4334 3302/3637/4334
f 3168/3376/4334 3316/3593/4334 3300/3638/4334 3131/3377/4334
f 3316/3593/4334 3315/3592/4334 3299/3639/4334 3300/3638/4334
f 3315/3592/4334 3314/3621/4334 3298/3640/4334 3299/3639/4334
f 3314/3621/4334 3313/3623/4334 3297/3641/4334 3298/3640/4334
f 3313/3623/4334 3312/3625/4334 3296/3642/4334 3297/3641/4334
f 3312/3625/4334 3311/3627/4334 3295/3643/4334 3296/3642/4334
f 3311/3627/4334 3310/3644/4334 3294/3645/4334 3295/3643/4334
f 3310/3644/4334 3309/3378/4334 3293/3381/4334 3294/3645/4334
f 3338/3563/4334 3337/3646/4334 3345/3647/4334 3346/3564/4334
f 3337/3646/4334 3336/3648/4334 3344/3649/4334 3345/3647/4334
f 3372/3650/4334 3371/3651/4334 3379/3652/4334 3380/3653/4334
f 3209/3520/4334 3372/3650/4334 3380/3653/4334 3210/3424/4334
f 3334/3654/4334 3333/3545/4334 3341/3394/4334 3342/3655/4334
f 3069/3547/4334 3317/3656/4334 3340/3628/4334 3181/3548/4334
f 3317/3656/4334 3318/3657/4334 3339/3562/4334 3340/3628/4334
f 3318/3657/4334 3319/3658/4334 3338/3563/4334 3339/3562/4334
f 3319/3658/4334 3320/3659/4334 3337/3646/4334 3338/3563/4334
f 3320/3659/4334 3321/3660/4334 3336/3648/4334 3337/3646/4334
f 3321/3660/4334 3322/3661/4334 3335/3662/4334 3336/3648/4334
f 3322/3661/4334 3323/3663/4334 3334/3654/4334 3335/3662/4334
f 3323/3663/4334 3324/3544/4334 3333/3545/4334 3334/3654/4334
f 3182/3392/4334 3348/3629/4334 3332/3664/4334 3124/3393/4334
f 3348/3629/4334 3347/3565/4334 3331/3665/4334 3332/3664/4334
f 3347/3565/4334 3346/3564/4334 3330/3666/4334 3331/3665/4334
f 3346/3564/4334 3345/3647/4334 3329/3667/4334 3330/3666/4334
f 3345/3647/4334 3344/3649/4334 3328/3668/4334 3329/3667/4334
f 3344/3649/4334 3343/3669/4334 3327/3670/4334 3328/3668/4334
f 3343/3669/4334 3342/3655/4334 3326/3671/4334 3327/3670/4334
f 3342/3655/4334 3341/3394/4334 3325/3397/4334 3326/3671/4334
f 3369/3672/4334 3368/3673/4334 3376/3674/4334 3377/3675/4334
f 3368/3673/4334 3367/3676/4334 3375/3677/4334 3376/3674/4334
f 3367/3676/4334 3366/3678/4334 3374/3679/4334 3375/3677/4334
f 3366/3678/4334 3365/3517/4334 3373/3426/4334 3374/3679/4334
f 3083/3519/4334 3349/3680/4334 3372/3650/4334 3209/3520/4334
f 3349/3680/4334 3350/3681/4334 3371/3651/4334 3372/3650/4334
f 3350/3681/4334 3351/3682/4334 3370/3683/4334 3371/3651/4334
f 3351/3682/4334 3352/3684/4334 3369/3672/4334 3370/3683/4334
f 3352/3684/4334 3353/3685/4334 3368/3673/4334 3369/3672/4334
f 3353/3685/4334 3354/3686/4334 3367/3676/4334 3368/3673/4334
f 3354/3686/4334 3355/3687/4334 3366/3678/4334 3367/3676/4334
f 3355/3687/4334 3356/3516/4334 3365/3517/4334 3366/3678/4334
f 3210/3424/4334 3380/3653/4334 3364/3688/4334 3110/3425/4334
f 3380/3653/4334 3379/3652/4334 3363/3689/4334 3364/3688/4334
f 3379/3652/4334 3378/3690/4334 3362/3691/4334 3363/3689/4334
f 3378/3690/4334 3377/3675/4334 3361/3692/4334 3362/3691/4334
f 3377/3675/4334 3376/3674/4334 3360/3693/4334 3361/3692/4334
f 3376/3674/4334 3375/3677/4334 3359/3694/4334 3360/3693/4334
f 3375/3677/4334 3374/3679/4334 3358/3695/4334 3359/3694/4334
f 3374/3679/4334 3373/3426/4334 3357/3429/4334 3358/3695/4334
f 3435/3696/4334 3434/3697/4334 3442/3698/4334 3443/3699/4334
f 3436/3700/4334 3435/3696/4334 3443/3699/4334 3444/3701/4334
f 3235/3490/4334 3436/3700/4334 3444/3701/4334 3236/3454/4334
f 3402/3702/4334 3401/3703/4334 3409/3704/4334 3410/3705/4334
f 3401/3703/4334 3400/3706/4334 3408/3707/4334 3409/3704/4334
f 3400/3706/4334 3399/3708/4334 3407/3709/4334 3408/3707/4334
f 3399/3708/4334 3398/3710/4334 3406/3711/4334 3407/3709/4334
f 3398/3710/4334 3397/3501/4334 3405/3442/4334 3406/3711/4334
f 3090/3503/4334 3381/3712/4334 3404/3713/4334 3223/3504/4334
f 3381/3712/4334 3382/3714/4334 3403/3715/4334 3404/3713/4334
f 3382/3714/4334 3383/3716/4334 3402/3702/4334 3403/3715/4334
f 3383/3716/4334 3384/3717/4334 3401/3703/4334 3402/3702/4334
f 3384/3717/4334 3385/3718/4334 3400/3706/4334 3401/3703/4334
f 3385/3718/4334 3386/3719/4334 3399/3708/4334 3400/3706/4334
f 3386/3719/4334 3387/3720/4334 3398/3710/4334 3399/3708/4334
f 3387/3720/4334 3388/3500/4334 3397/3501/4334 3398/3710/4334
f 3224/3440/4334 3412/3721/4334 3396/3722/4334 3103/3441/4334
f 3412/3721/4334 3411/3723/4334 3395/3724/4334 3396/3722/4334
f 3411/3723/4334 3410/3705/4334 3394/3725/4334 3395/3724/4334
f 3410/3705/4334 3409/3704/4334 3393/3726/4334 3394/3725/4334
f 3409/3704/4334 3408/3707/4334 3392/3727/4334 3393/3726/4334
f 3408/3707/4334 3407/3709/4334 3391/3728/4334 3392/3727/4334
f 3407/3709/4334 3406/3711/4334 3390/3729/4334 3391/3728/4334
f 3406/3711/4334 3405/3442/4334 3389/3445/4334 3390/3729/4334
f 3434/3697/4334 3433/3730/4334 3441/3731/4334 3442/3698/4334
f 3430/3732/4334 3429/3583/4334 3437/3360/4334 3438/3733/4334
f 3096/3489/4334 3413/3734/4334 3436/3700/4334 3235/3490/4334
f 3413/3734/4334 3414/3735/4334 3435/3696/4334 3436/3700/4334
f 3414/3735/4334 3415/3736/4334 3434/3697/4334 3435/3696/4334
f 3415/3736/4334 3416/3737/4334 3433/3730/4334 3434/3697/4334
f 3416/3737/4334 3417/3738/4334 3432/3739/4334 3433/3730/4334
f 3417/3738/4334 3418/3740/4334 3431/3741/4334 3432/3739/4334
f 3418/3740/4334 3419/3742/4334 3430/3732/4334 3431/3741/4334
f 3419/3742/4334 3420/3580/4334 3429/3583/4334 3430/3732/4334
f 3236/3454/4334 3444/3701/4334 3428/3743/4334 3097/3455/4334
f 3444/3701/4334 3443/3699/4334 3427/3744/4334 3428/3743/4334
f 3443/3699/4334 3442/3698/4334 3426/3745/4334 3427/3744/4334
f 3442/3698/4334 3441/3731/4334 3425/3746/4334 3426/3745/4334
f 3441/3731/4334 3440/3747/4334 3424/3748/4334 3425/3746/4334
f 3440/3747/4334 3439/3749/4334 3423/3750/4334 3424/3748/4334
f 3439/3749/4334 3438/3733/4334 3422/3751/4334 3423/3750/4334
f 3438/3733/4334 3437/3360/4334 3421/3363/4334 3422/3751/4334
